signal,h,K,weight_kind,split,n_dates,lag_hh,lag_nw,term,weighted_ic,eff_dates,estimate,se_hh,t_hh,kernel_hh,se_nw,t_nw,kernel_nw,contrast_of,p_nw_two_sided,family,alternative,p,adjusted,adjustment,reject
ret_5d,1,2.0,window,soft,1758,0,20,calm,-0.01132931620863416,1092.4106923778975,-0.009992514937535515,0.004410070749860215,-2.2658400520790387,uniform,0.004084264697149361,-2.4465884751568274,bartlett,,,,,,,,
ret_5d,1,2.0,window,soft,1758,0,20,stress,-0.023757581875716038,856.6251251567929,-0.025514348098418613,0.006646085736206713,-3.839003755160862,uniform,0.005699522132335551,-4.476576720996667,bartlett,,,,,,,,
ret_5d,1,2.0,window,soft,1758,0,20,contrast,,,-0.015521833160883097,0.008376351422369595,-1.853054197252401,uniform,0.007256618725837933,-2.138989761941884,bartlett,stress - calm,0.03243649754351427,exploratory,two-sided,0.06387459087659268,0.3193729543829634,benjamini_hochberg,False
ret_5d,1,2.0,filtered,soft,1758,0,20,calm,-0.0112751801795833,1084.0942705014277,-0.010060314860396864,0.004387661390639636,-2.2928649147490994,uniform,0.0040646325882557535,-2.4750859129223346,bartlett,,,,,,,,
ret_5d,1,2.0,filtered,soft,1758,0,20,stress,-0.023829652148394276,847.7031014771414,-0.02542638304928777,0.006605677749884939,-3.849170972612259,uniform,0.005665532457277438,-4.48790704863535,bartlett,,,,,,,,
ret_5d,1,2.0,filtered,soft,1758,0,20,contrast,,,-0.015366068188890905,0.008292292913868807,-1.8530541972523973,uniform,0.007183796978504861,-2.1389897619418794,bartlett,stress - calm,0.032436497543514624,robustness,two-sided,0.06387459087659325,,,
ret_5d,1,2.0,window,hard,1758,0,20,calm,-0.011231586408615133,994.0,-0.011231586408615133,0.004208340141844638,-2.6688875019717395,uniform,0.003836409257771636,-2.9276298887723358,bartlett,,,,,,,,
ret_5d,1,2.0,window,hard,1758,0,20,stress,-0.023814327956458783,764.0,-0.023814327956458783,0.006198736391978559,-3.8418036274740746,uniform,0.005495444065236664,-4.333467445716456,bartlett,,,,,,,,
ret_5d,1,2.0,window,hard,1758,0,20,contrast,,,-0.01258274154784365,0.007492293347613954,-1.679424571897046,uniform,0.006658191875771201,-1.8898135984382733,bartlett,stress - calm,0.05878289422401192,robustness,two-sided,0.09306932775801266,,,
ret_5d,1,3.0,window,soft,1758,0,20,calm,-0.013404714816800042,825.3530011964655,-0.015206814739662912,0.005289253348054987,-2.8750399610286967,uniform,0.004969665425103566,-3.059927266501247,bartlett,,,,,,,,
ret_5d,1,3.0,window,soft,1758,0,20,middle,-0.01017774814185399,903.899853681094,-0.002561011402165546,0.008341111480113081,-0.3070347888613552,uniform,0.007168431655428302,-0.35726244250738126,bartlett,,,,,,,,
ret_5d,1,3.0,window,soft,1758,0,20,stress,-0.029761107699722945,598.5119347641697,-0.036803120974694514,0.009385315513607509,-3.9213514901374054,uniform,0.0069750398251006585,-5.276402988016402,bartlett,,,,,,,,
ret_5d,1,3.0,window,soft,1758,0,20,contrast,,,-0.0215963062350316,0.010555762683134544,-2.0459257074372346,uniform,0.008420577316011419,-2.564706126973862,bartlett,stress - calm,0.010326322342886484,exploratory,two-sided,0.04076368063206407,0.29613448014809246,benjamini_hochberg,False
ret_5d,1,3.0,filtered,soft,1758,0,20,calm,-0.013438833926965313,812.6239045810834,-0.01509176093714546,0.0052240600613870525,-2.8888949896832563,uniform,0.0049078493750830425,-3.0750252878105293,bartlett,,,,,,,,
ret_5d,1,3.0,filtered,soft,1758,0,20,middle,-0.009941014897676683,876.4316374031124,-0.0030727753669523555,0.008119428611471543,-0.3784472422863576,uniform,0.006988323956346219,-0.4397013341320439,bartlett,,,,,,,,
ret_5d,1,3.0,filtered,soft,1758,0,20,stress,-0.030037481949062105,585.1523881208476,-0.03636976574188887,0.00924067874041731,-3.935832720037447,uniform,0.006876929148476673,-5.28866372717323,bartlett,,,,,,,,
ret_5d,1,3.0,filtered,soft,1758,0,20,contrast,,,-0.021278004804743407,0.010427732681987177,-2.040520739613794,uniform,0.008325487960504937,-2.5557666896743556,bartlett,stress - calm,0.010595413402601839,robustness,two-sided,0.041298487516547,,,
ret_5d,1,3.0,window,hard,1758,0,20,rest,-0.011690220415301747,1282.0,-0.011690220415301747,0.003956400645260348,-2.9547615278311836,uniform,0.0035766148684143904,-3.2685152987926642,bartlett,,,,,,,,
ret_5d,1,3.0,window,hard,1758,0,20,stress,-0.03019218671529649,476.0,-0.030192186715296488,0.007902526671812345,-3.8205738454498994,uniform,0.006022772134380914,-5.013004982032243,bartlett,,,,,,,,
ret_5d,1,3.0,window,hard,1758,0,20,contrast,,,-0.01850196629999474,0.008837592085207489,-2.093552872955479,uniform,0.0067079642667292,-2.758208834200646,bartlett,stress - rest,0.005811905531742649,robustness,two-sided,0.036299829419584144,,,
ret_5d,1,,none,stress_vol,1739,0,20,calm,-0.011368637342522837,869.0,-0.011368637342522837,0.004570531186733812,-2.4873776981373323,uniform,0.004106142835095802,-2.76869017934628,bartlett,,,,,,,,
ret_5d,1,,none,stress_vol,1739,0,20,stress,-0.021760182747070617,870.0,-0.021760182747070617,0.005628293804704937,-3.866213012703837,uniform,0.005001959698982735,-4.3503314813784,bartlett,,,,,,,,
ret_5d,1,,none,stress_vol,1739,0,20,contrast,,,-0.01039154540454778,0.00725034112859432,-1.433249169968706,uniform,0.006311599031158356,-1.6464204004798193,bartlett,stress - calm,0.09967723582832683,robustness,two-sided,0.1517866424447207,,,
ret_20d,1,2.0,window,soft,1758,0,20,calm,-0.0024221038992279322,1092.4106923778975,-0.0007582631267427937,0.0043716931938584625,-0.17344838558388165,uniform,0.004116546163387747,-0.1841988639619128,bartlett,,,,,,,,
ret_20d,1,2.0,window,soft,1758,0,20,stress,-0.01789086174322158,856.6251251567929,-0.02007740908743154,0.00660363709551593,-3.0403562153748136,uniform,0.006261495626717498,-3.2064877601706225,bartlett,,,,,,,,
ret_20d,1,2.0,window,soft,1758,0,20,contrast,,,-0.019319145960688747,0.008261626510833451,-2.338419188443776,uniform,0.007757592956419312,-2.490353137786431,bartlett,stress - calm,0.012761622536665072,exploratory,two-sided,0.019365513289090662,0.1892860897193834,benjamini_hochberg,False
ret_20d,1,2.0,filtered,soft,1758,0,20,calm,-0.0023547238522885396,1084.0942705014277,-0.0008426498478410868,0.0043499271819483305,-0.19371585146022247,uniform,0.004096518665234604,-0.20569901340674815,bartlett,,,,,,,,
ret_20d,1,2.0,filtered,soft,1758,0,20,stress,-0.017980563526694332,847.7031014771414,-0.019967923976621275,0.0065638844756645935,-3.042089489943304,uniform,0.00622423122113446,-3.2080948260437245,bartlett,,,,,,,,
ret_20d,1,2.0,filtered,soft,1758,0,20,contrast,,,-0.01912527412878019,0.008178719291774253,-2.3384191884437744,uniform,0.007679743823713233,-2.490353137786428,bartlett,stress - calm,0.012761622536665171,robustness,two-sided,0.019365513289090752,,,
ret_20d,1,2.0,window,hard,1758,0,20,calm,-0.0018877464590358148,994.0,-0.001887746459035815,0.004221363761167528,-0.44718876785773837,uniform,0.003927021836766305,-0.4807068912533154,bartlett,,,,,,,,
ret_20d,1,2.0,window,hard,1758,0,20,stress,-0.018498456846380178,764.0,-0.018498456846380178,0.00619755240959056,-2.9848003895464075,uniform,0.006101417632559801,-3.031829315807595,bartlett,,,,,,,,
ret_20d,1,2.0,window,hard,1758,0,20,contrast,,,-0.016610710387344362,0.0074986377345301995,-2.2151637371217863,uniform,0.007303224253412235,-2.2744352098435776,bartlett,stress - calm,0.022939832471616923,robustness,two-sided,0.026748827913617306,,,
ret_20d,1,3.0,window,soft,1758,0,20,calm,-0.0011229581573752381,825.3530011964655,-0.0007445776000001107,0.0053011252577859665,-0.14045651890728691,uniform,0.005207438513148739,-0.1429834645421273,bartlett,,,,,,,,
ret_20d,1,3.0,window,soft,1758,0,20,middle,-0.005838280455770408,903.899853681094,-0.001306478636199206,0.008639247761205868,-0.1512259715557512,uniform,0.00833198446787754,-0.15680281705229987,bartlett,,,,,,,,
ret_20d,1,3.0,window,soft,1758,0,20,stress,-0.024854109576262193,598.5119347641697,-0.03115206251266084,0.009236260698305234,-3.3728002630303564,uniform,0.007266288525533661,-4.287204176271397,bartlett,,,,,,,,
ret_20d,1,3.0,window,soft,1758,0,20,contrast,,,-0.030407484912660727,0.010409609657790546,-2.9210975158807977,uniform,0.008784656836543253,-3.461431160995245,bartlett,stress - calm,0.0005373115155178435,exploratory,two-sided,0.0034880063292458273,0.0722828121523585,benjamini_hochberg,True
ret_20d,1,3.0,filtered,soft,1758,0,20,calm,-0.0010779438410511498,812.6239045810834,-0.000749689877103613,0.005233481989022843,-0.14324877369905492,uniform,0.0051409431343967605,-0.14582730396055663,bartlett,,,,,,,,
ret_20d,1,3.0,filtered,soft,1758,0,20,middle,-0.0056927163678283,876.4316374031124,-0.0016232798988752599,0.008410217831479301,-0.19301282456672536,uniform,0.008121519163904991,-0.19987392335287602,bartlett,,,,,,,,
ret_20d,1,3.0,filtered,soft,1758,0,20,stress,-0.02512129882291045,585.1523881208476,-0.030774348052002222,0.009092827487861438,-3.3844640837060584,uniform,0.00715790662586528,-4.2993503073647705,bartlett,,,,,,,,
ret_20d,1,3.0,filtered,soft,1758,0,20,contrast,,,-0.03002465817489861,0.01028388767933953,-2.9195824683323366,uniform,0.008684544450317522,-3.4572519429963715,bartlett,stress - calm,0.0005457143918544744,robustness,two-sided,0.003505006419195473,,,
ret_20d,1,3.0,window,hard,1758,0,20,rest,-0.003333262396968025,1282.0,-0.003333262396968025,0.003979966030912078,-0.8375102629215532,uniform,0.0038493860795657604,-0.8659205203298397,bartlett,,,,,,,,
ret_20d,1,3.0,window,hard,1758,0,20,stress,-0.024655459281518997,476.0,-0.024655459281518997,0.007847700035508002,-3.1417433349850232,uniform,0.006516627481819728,-3.783469187137595,bartlett,,,,,,,,
ret_20d,1,3.0,window,hard,1758,0,20,contrast,,,-0.021322196884550972,0.008799234367518935,-2.423187744976846,uniform,0.007394363404853984,-2.883574381880413,bartlett,stress - rest,0.003931897772678232,robustness,two-sided,0.015384973267021285,,,
ret_20d,1,,none,stress_vol,1739,0,20,calm,-0.0022823004587260833,869.0,-0.0022823004587260833,0.0045303322474730305,-0.503782136508669,uniform,0.004074457557478377,-0.5601482961914975,bartlett,,,,,,,,
ret_20d,1,,none,stress_vol,1739,0,20,stress,-0.015008151793277563,870.0,-0.015008151793277563,0.005679576167393234,-2.6424774227767567,uniform,0.005533652960400284,-2.7121599241366106,bartlett,,,,,,,,
ret_20d,1,,none,stress_vol,1739,0,20,contrast,,,-0.01272585133455148,0.007265087453961946,-1.7516446175209575,uniform,0.0067988171539069536,-1.8717743169837338,bartlett,stress - calm,0.061237832891669494,robustness,two-sided,0.07983493546342596,,,
mom_12_1,1,2.0,window,soft,1758,0,20,calm,0.016760160130785514,1092.4106923778975,0.017559072285991836,0.00520666371761746,3.3724229637835665,uniform,0.00561952067786126,3.1246565841759057,bartlett,,,,,,,,
mom_12_1,1,2.0,window,soft,1758,0,20,stress,0.009332659331504699,856.6251251567929,0.008282763644302438,0.007818104613409808,1.0594337187680547,uniform,0.009322694578685928,0.8884516782560871,bartlett,,,,,,,,
mom_12_1,1,2.0,window,soft,1758,0,20,contrast,,,-0.009276308641689398,0.009854409688802688,-0.941335801395575,uniform,0.011338954538291805,-0.8180920569319841,bartlett,stress - calm,0.41330462407766266,exploratory,two-sided,0.34653280145498155,0.5394918594503394,benjamini_hochberg,False
mom_12_1,1,2.0,filtered,soft,1758,0,20,calm,0.016792513430096617,1084.0942705014277,0.017518553037793132,0.005180308330695387,3.3817587524643544,uniform,0.005591203661865733,3.133234648073498,bartlett,,,,,,,,
mom_12_1,1,2.0,filtered,soft,1758,0,20,stress,0.009289587995385784,847.7031014771414,0.008335334171054112,0.007770635871760392,1.0726707966520366,uniform,0.009266851546833167,0.8994785476953724,bartlett,,,,,,,,
mom_12_1,1,2.0,filtered,soft,1758,0,20,contrast,,,-0.00918321886673902,0.009755518544099244,-0.9413358013955715,uniform,0.01122516566311381,-0.8180920569319811,bartlett,stress - calm,0.4133046240776644,robustness,two-sided,0.3465328014549833,,,
mom_12_1,1,2.0,window,hard,1758,0,20,calm,0.016279066229156845,994.0,0.016279066229156848,0.005017922045244161,3.2441847606193224,uniform,0.005254214281975772,3.098287461362413,bartlett,,,,,,,,
mom_12_1,1,2.0,window,hard,1758,0,20,stress,0.010000661283066398,764.0,0.010000661283066398,0.007251671546268679,1.379083597382758,uniform,0.008826602880186413,1.133013620168124,bartlett,,,,,,,,
mom_12_1,1,2.0,window,hard,1758,0,20,contrast,,,-0.00627840494609045,0.008818519255924438,-0.7119568222150795,uniform,0.01019863082593046,-0.6156125320398239,bartlett,stress - calm,0.5381502781633116,robustness,two-sided,0.4764915138170988,,,
mom_12_1,1,3.0,window,soft,1758,0,20,calm,0.016623364355959368,825.3530011964655,0.016135954324526417,0.006323295398802806,2.55182674647486,uniform,0.007147310782367526,2.2576259541328394,bartlett,,,,,,,,
mom_12_1,1,3.0,window,soft,1758,0,20,middle,0.016480795940637685,903.899853681094,0.020082628181500705,0.009523331604179843,2.1087817810194,uniform,0.010000280691343488,2.0082064495334384,bartlett,,,,,,,,
mom_12_1,1,3.0,window,soft,1758,0,20,stress,0.005368315348572203,598.5119347641697,0.0015081463168202481,0.011243721478481575,0.1341323083915378,uniform,0.0120805329618653,0.12484104149883318,bartlett,,,,,,,,
mom_12_1,1,3.0,window,soft,1758,0,20,contrast,,,-0.014627808007706168,0.012648508186108317,-1.156484843309165,uniform,0.01394635581447837,-1.0488623840014428,bartlett,stress - calm,0.2942414603472787,exploratory,two-sided,0.24748289562921547,0.5223819820288157,benjamini_hochberg,False
mom_12_1,1,3.0,filtered,soft,1758,0,20,calm,0.016623654314707824,812.6239045810834,0.01617186187602169,0.0062466903026562595,2.5888688397350164,uniform,0.0070624239613716186,2.289845804284014,bartlett,,,,,,,,
mom_12_1,1,3.0,filtered,soft,1758,0,20,middle,0.016593928356934892,876.4316374031124,0.0198375271391166,0.009268994525436587,2.1402027031817905,uniform,0.009751421569632145,2.03432155993487,bartlett,,,,,,,,
mom_12_1,1,3.0,filtered,soft,1758,0,20,stress,0.005211783772280171,585.1523881208476,0.0017432179585267866,0.01107234680420561,0.15743888710789478,uniform,0.011916405893961566,0.14628722569865907,bartlett,,,,,,,,
mom_12_1,1,3.0,filtered,soft,1758,0,20,contrast,,,-0.014428643917494901,0.012495274423003399,-1.1547280539059015,uniform,0.01378383381446899,-1.0467801710108438,bartlett,stress - calm,0.29520097779086313,robustness,two-sided,0.24820180749973658,,,
mom_12_1,1,3.0,window,hard,1758,0,20,rest,0.016626773160822242,1282.0,0.016626773160822242,0.004587641798641416,3.6242526968313205,uniform,0.00497875677614158,3.339543164771267,bartlett,,,,,,,,
mom_12_1,1,3.0,window,hard,1758,0,20,stress,0.0052654913022489305,476.0,0.00526549130224893,0.009616896379603074,0.5475250116468715,uniform,0.010756198471543006,0.4895308799088737,bartlett,,,,,,,,
mom_12_1,1,3.0,window,hard,1758,0,20,contrast,,,-0.011361281858573312,0.01065509987042189,-1.0662764306988575,uniform,0.011387603278167744,-0.9976885900437984,bartlett,stress - rest,0.31843038770194904,robustness,two-sided,0.28629870067811225,,,
mom_12_1,1,,none,stress_vol,1739,0,20,calm,0.016600379075817198,869.0,0.016600379075817198,0.005236858754325435,3.1699115547284813,uniform,0.005872381040811318,2.8268565953825977,bartlett,,,,,,,,
mom_12_1,1,,none,stress_vol,1739,0,20,stress,0.011014474827084389,870.0,0.011014474827084389,0.006734039715700667,1.6356415008072682,uniform,0.008112836870121693,1.3576600889941437,bartlett,,,,,,,,
mom_12_1,1,,none,stress_vol,1739,0,20,contrast,,,-0.0055859042487328096,0.008530649477348655,-0.6548040994492862,uniform,0.010134909866472225,-0.5511548027883113,bartlett,stress - calm,0.5815275601960901,robustness,two-sided,0.5125938909100506,,,
prc_highprc_252d,1,2.0,window,soft,1758,0,20,calm,0.011250088947845027,1092.4106923778975,0.012665220448278882,0.005081805574724168,2.4922678095504134,uniform,0.005502540576224055,2.3017041442645736,bartlett,,,,,,,,
prc_highprc_252d,1,2.0,window,soft,1758,0,20,stress,-0.001906414282282376,856.6251251567929,-0.003766118693396104,0.008628180269892293,-0.4364904969055679,uniform,0.010314058191911075,-0.36514421610978776,bartlett,,,,,,,,
prc_highprc_252d,1,2.0,window,soft,1758,0,20,contrast,,,-0.016431339141674987,0.010521971231544771,-1.561621751294471,uniform,0.012123197925441968,-1.3553634315572687,bartlett,stress - calm,0.1753017945031344,exploratory,two-sided,0.118377122246254,0.36229470245730205,benjamini_hochberg,False
prc_highprc_252d,1,2.0,filtered,soft,1758,0,20,calm,0.011307397092050569,1084.0942705014277,0.012593447770737044,0.00505525904052545,2.491157756661282,uniform,0.005474595319602508,2.3003431368971783,bartlett,,,,,,,,
prc_highprc_252d,1,2.0,filtered,soft,1758,0,20,stress,-0.0019827075319350006,847.7031014771414,-0.003672999308597843,0.008575901326112882,-0.42829309351005196,uniform,0.010252819957261825,-0.3582428369861646,bartlett,,,,,,,,
prc_highprc_252d,1,2.0,filtered,soft,1758,0,20,contrast,,,-0.01626644707933489,0.01041638096155564,-1.5616217512944695,uniform,0.01200153899728967,-1.3553634315572671,bartlett,stress - calm,0.17530179450313485,robustness,two-sided,0.11837712224625438,,,
prc_highprc_252d,1,2.0,window,hard,1758,0,20,calm,0.01123255801973376,994.0,0.011232558019733762,0.004915686904745077,2.2850434206643744,uniform,0.005221399310432034,2.151254357676074,bartlett,,,,,,,,
prc_highprc_252d,1,2.0,window,hard,1758,0,20,stress,-0.0018090753250617373,764.0,-0.0018090753250617373,0.007953876886104596,-0.22744572878946462,uniform,0.00981523904841973,-0.18431291547127437,bartlett,,,,,,,,
prc_highprc_252d,1,2.0,window,hard,1758,0,20,contrast,,,-0.013041633344795498,0.009350301346202227,-1.3947821425127185,uniform,0.01110803143261714,-1.174072419933978,bartlett,stress - calm,0.24036601942223684,robustness,two-sided,0.16308154549550932,,,
prc_highprc_252d,1,3.0,window,soft,1758,0,20,calm,0.010890242589277706,825.3530011964655,0.009995950013703587,0.0060806500364443536,1.6438949707338684,uniform,0.006421125262036757,1.556728704982919,bartlett,,,,,,,,
prc_highprc_252d,1,3.0,window,soft,1758,0,20,middle,0.010774125631440357,903.899853681094,0.017161834275183488,0.010018688393908851,1.7129821390210636,uniform,0.010947593143052405,1.5676353743630658,bartlett,,,,,,,,
prc_highprc_252d,1,3.0,window,soft,1758,0,20,stress,-0.008781683824801267,598.5119347641697,-0.015584104580194515,0.01257354938117801,-1.2394355887704358,uniform,0.013412176857049585,-1.1619370029409761,bartlett,,,,,,,,
prc_highprc_252d,1,3.0,window,soft,1758,0,20,contrast,,,-0.025580054593898102,0.013681063340971725,-1.869741697437476,uniform,0.014826990736409097,-1.7252357574543988,bartlett,stress - calm,0.08448499408898703,exploratory,two-sided,0.06151969612749248,0.3171162786584836,benjamini_hochberg,False
prc_highprc_252d,1,3.0,filtered,soft,1758,0,20,calm,0.010889410993423608,812.6239045810834,0.010061146522828203,0.006003188734199315,1.6759670515623268,uniform,0.006341156757396912,1.5866421392424892,bartlett,,,,,,,,
prc_highprc_252d,1,3.0,filtered,soft,1758,0,20,middle,0.01097466444197629,876.4316374031124,0.01672741085757778,0.00974806569786296,1.7159723145120864,uniform,0.010680101656069717,1.5662220638200814,bartlett,,,,,,,,
prc_highprc_252d,1,3.0,filtered,soft,1758,0,20,stress,-0.009057169211093242,585.1523881208476,-0.015169684320074388,0.01238287041553343,-1.2250539504188867,uniform,0.0132317095024164,-1.1464644320753923,bartlett,,,,,,,,
prc_highprc_252d,1,3.0,filtered,soft,1758,0,20,contrast,,,-0.02523083084290259,0.013512238277004002,-1.8672576908181115,uniform,0.01465002811267011,-1.7222377082731772,bartlett,stress - calm,0.08502646660329152,robustness,two-sided,0.06186561069928099,,,
prc_highprc_252d,1,3.0,window,hard,1758,0,20,rest,0.010619514363004276,1282.0,0.010619514363004278,0.004610444288280032,2.303360305209541,uniform,0.005091550580606742,2.085713221322607,bartlett,,,,,,,,
prc_highprc_252d,1,3.0,window,hard,1758,0,20,stress,-0.008048714895175,476.0,-0.008048714895175,0.01067494024169771,-0.753982196896585,uniform,0.011951881602456556,-0.6734265919703128,bartlett,,,,,,,,
prc_highprc_252d,1,3.0,window,hard,1758,0,20,contrast,,,-0.018668229258179278,0.011628006953005797,-1.6054539125773062,uniform,0.012476798792699483,-1.4962354982515684,bartlett,stress - rest,0.1345922970276772,robustness,two-sided,0.10839394793881502,,,
prc_highprc_252d,1,,none,stress_vol,1739,0,20,calm,0.011665073905657639,869.0,0.011665073905657639,0.005196977001683803,2.244588325458857,uniform,0.005266647736479941,2.21489541152684,bartlett,,,,,,,,
prc_highprc_252d,1,,none,stress_vol,1739,0,20,stress,5.0077929992427226e-05,870.0,5.0077929992427226e-05,0.007276772040703468,0.006881887973446264,uniform,0.009077643794510804,0.005516622058105986,bartlett,,,,,,,,
prc_highprc_252d,1,,none,stress_vol,1739,0,20,contrast,,,-0.011614995975665211,0.008942034516171031,-1.2989209507814268,uniform,0.010490849395489384,-1.1071549631299789,bartlett,stress - calm,0.26822693550095106,robustness,two-sided,0.19397105890368838,,,
ivol_capm_21d,1,2.0,window,soft,1758,0,20,calm,-0.014832422722028032,1092.4106923778975,-0.015244485406457592,0.005541928479776286,-2.750754626676989,uniform,0.006039894017096663,-2.523965712528432,bartlett,,,,,,,,
ivol_capm_21d,1,2.0,window,soft,1758,0,20,stress,-0.011001468470037861,856.6251251567929,-0.010459953570783576,0.007747272169328458,-1.350146650610089,uniform,0.008355816284967958,-1.2518170833412103,bartlett,,,,,,,,
ivol_capm_21d,1,2.0,window,soft,1758,0,20,contrast,,,0.004784531835674016,0.009978848755480078,0.4794673166127002,uniform,0.010759301342465302,0.4446879665680714,bartlett,stress - calm,0.6565452666940133,exploratory,two-sided,0.6316062139856178,0.7783879397710078,benjamini_hochberg,False
ivol_capm_21d,1,2.0,filtered,soft,1758,0,20,calm,-0.014849109897554696,1084.0942705014277,-0.015223586400133817,0.005514338453350757,-2.7607276065696134,uniform,0.00601019973749711,-2.532958481422039,bartlett,,,,,,,,
ivol_capm_21d,1,2.0,filtered,soft,1758,0,20,stress,-0.010979253148531733,847.7031014771414,-0.01048706838213557,0.0077001955365907475,-1.3619223475951765,uniform,0.008305323359257268,-1.2626923635003915,bartlett,,,,,,,,
ivol_capm_21d,1,2.0,filtered,soft,1758,0,20,contrast,,,0.004736518017998247,0.009878708837675233,0.4794673166126938,uniform,0.010651329413190361,0.4446879665680654,bartlett,stress - calm,0.6565452666940177,robustness,two-sided,0.6316062139856224,,,
ivol_capm_21d,1,2.0,window,hard,1758,0,20,calm,-0.015097697451885637,994.0,-0.015097697451885638,0.005331642093972645,-2.8317162303436305,uniform,0.005867459274416284,-2.5731235183370935,bartlett,,,,,,,,
ivol_capm_21d,1,2.0,window,hard,1758,0,20,stress,-0.010678035553894261,764.0,-0.010678035553894261,0.007223162191668224,-1.4783048297338754,uniform,0.00809210414813316,-1.3195622990539084,bartlett,,,,,,,,
ivol_capm_21d,1,2.0,window,hard,1758,0,20,contrast,,,0.0044196618979913775,0.008977776977925343,0.4922891166553247,uniform,0.010181741093093909,0.4340772229014107,bartlett,stress - calm,0.6642323649382975,robustness,two-sided,0.62251497278655,,,
ivol_capm_21d,1,3.0,window,soft,1758,0,20,calm,-0.012407368715009592,825.3530011964655,-0.009193489122155476,0.006719208645347959,-1.3682398638596502,uniform,0.0070532863582402315,-1.303433414611741,bartlett,,,,,,,,
ivol_capm_21d,1,3.0,window,soft,1758,0,20,middle,-0.021255678042059013,903.899853681094,-0.030142456769886805,0.010256963255735873,-2.938731086223851,uniform,0.010209309105134326,-2.952448246936511,bartlett,,,,,,,,
ivol_capm_21d,1,3.0,window,soft,1758,0,20,stress,-0.004048539270273509,598.5119347641697,0.0025526812407248396,0.010811432544211312,0.23610943603321127,uniform,0.010605275672486056,0.2406991877964496,bartlett,,,,,,,,
ivol_capm_21d,1,3.0,window,soft,1758,0,20,contrast,,,0.011746170362880316,0.012456752385872226,0.9429560770752886,uniform,0.012673027634402844,0.9268637851773924,bartlett,stress - calm,0.35399726220955396,exploratory,two-sided,0.3457033697810383,0.5394918594503394,benjamini_hochberg,False
ivol_capm_21d,1,3.0,filtered,soft,1758,0,20,calm,-0.012317523404265434,812.6239045810834,-0.009384086613067196,0.006636739571536705,-1.4139603508495597,uniform,0.0069715166339818025,-1.3460609944363637,bartlett,,,,,,,,
ivol_capm_21d,1,3.0,filtered,soft,1758,0,20,middle,-0.021528274683854504,876.4316374031124,-0.029554791770271708,0.00998563378411533,-2.9597311907518637,uniform,0.009956876845873151,-2.968279333747243,bartlett,,,,,,,,
ivol_capm_21d,1,3.0,filtered,soft,1758,0,20,stress,-0.0038047993038756466,585.1523881208476,0.0021389038969490994,0.010643058213593301,0.20096703917463252,uniform,0.010456618693873274,0.20455024320647006,bartlett,,,,,,,,
ivol_capm_21d,1,3.0,filtered,soft,1758,0,20,contrast,,,0.011522990510016295,0.012307861346346878,0.9362301203885806,uniform,0.012526841951133306,0.9198639653128063,bartlett,stress - calm,0.35764385167762636,robustness,two-sided,0.349154718213015,,,
ivol_capm_21d,1,3.0,window,hard,1758,0,20,rest,-0.016779886947765884,1282.0,-0.016779886947765887,0.004888053748220428,-3.4328360145129064,uniform,0.005223499028503547,-3.2123844297091924,bartlett,,,,,,,,
ivol_capm_21d,1,3.0,window,hard,1758,0,20,stress,-0.003473351603600169,476.0,-0.0034733516036001685,0.009209788805531688,-0.37713694384761187,uniform,0.009100321522670426,-0.38167350405669376,bartlett,,,,,,,,
ivol_capm_21d,1,3.0,window,hard,1758,0,20,contrast,,,0.013306535344165718,0.010426566035276839,1.2762145560815423,uniform,0.010058535911740156,1.3229097615125627,bartlett,stress - rest,0.1858653887077586,robustness,two-sided,0.2018796844752906,,,
ivol_capm_21d,1,,none,stress_vol,1739,0,20,calm,-0.015057283464764799,869.0,-0.0150572834647648,0.005617105897084995,-2.6806123545897185,uniform,0.00600870269505593,-2.505912545340978,bartlett,,,,,,,,
ivol_capm_21d,1,,none,stress_vol,1739,0,20,stress,-0.010851468347223944,870.0,-0.010851468347223944,0.006739196809056898,-1.61020202476362,uniform,0.007390939193498516,-1.4682123696497873,bartlett,,,,,,,,
ivol_capm_21d,1,,none,stress_vol,1739,0,20,contrast,,,0.004205815117540857,0.008773178004022813,0.4793947091478529,uniform,0.009473203074526383,0.44396969899762534,bartlett,stress - calm,0.6570644913925854,robustness,two-sided,0.6316578567107989,,,
vol_shock,1,2.0,window,soft,1758,0,20,calm,-0.004590150535242609,1092.4106923778975,-0.005259657599953033,0.002627535997674105,-2.001745210953868,uniform,0.0023370263800029114,-2.2505769061735967,bartlett,,,,,,,,
vol_shock,1,2.0,window,soft,1758,0,20,stress,0.0016342687902796728,856.6251251567929,0.0025141059228232267,0.0038914240944875294,0.6460632050833603,uniform,0.0034398371859795263,0.7308793372751772,bartlett,,,,,,,,
vol_shock,1,2.0,window,soft,1758,0,20,contrast,,,0.007773763522776259,0.004950903154913324,1.5701707909720475,uniform,0.0042970734345299496,1.8090832379797623,bartlett,stress - calm,0.07043807275454905,exploratory,two-sided,0.1163753829287335,0.36229470245730205,benjamini_hochberg,False
vol_shock,1,2.0,filtered,soft,1758,0,20,calm,-0.004617263356488763,1084.0942705014277,-0.005225701522618385,0.0026140649404166934,-1.9990710413588215,uniform,0.0023257724202343376,-2.246867095488156,bartlett,,,,,,,,
vol_shock,1,2.0,filtered,soft,1758,0,20,stress,0.0016703635769595563,847.7031014771414,0.0024700505923010716,0.003867604513339278,0.6386512849961584,uniform,0.0034194041710919132,0.7223628646134318,bartlett,,,,,,,,
vol_shock,1,2.0,filtered,soft,1758,0,20,contrast,,,0.007695752114919457,0.004901219764860889,1.570170790972048,uniform,0.00425395136793896,1.809083237979763,bartlett,stress - calm,0.07043807275454883,robustness,two-sided,0.1163753829287335,,,
vol_shock,1,2.0,window,hard,1758,0,20,calm,-0.005072908079270897,994.0,-0.005072908079270897,0.0025302064015956453,-2.0049384414139997,uniform,0.002234506534049686,-2.270258780616346,bartlett,,,,,,,,
vol_shock,1,2.0,window,hard,1758,0,20,stress,0.0022270983336814838,764.0,0.0022270983336814838,0.003566265566115108,0.6244903225498042,uniform,0.003149276423135899,0.7071777876722062,bartlett,,,,,,,,
vol_shock,1,2.0,window,hard,1758,0,20,contrast,,,0.007300006412952381,0.004372664464915401,1.6694641154208971,uniform,0.003739332325809425,1.9522218880003406,bartlett,stress - calm,0.050911866610550804,robustness,two-sided,0.09502543632591931,,,
vol_shock,1,3.0,window,soft,1758,0,20,calm,-0.00616593952833831,825.3530011964655,-0.00707648925602407,0.00330222561073552,-2.1429454223292423,uniform,0.002959540519346654,-2.391076996501562,bartlett,,,,,,,,
vol_shock,1,3.0,window,soft,1758,0,20,middle,-0.0017752614647589466,903.899853681094,-0.0021178831185020893,0.004772860295648631,-0.4437345715802623,uniform,0.004204157586075171,-0.5037592133836396,bartlett,,,,,,,,
vol_shock,1,3.0,window,soft,1758,0,20,stress,0.004139710540636216,598.5119347641697,0.005897558765167192,0.005717072459811488,1.0315697075075476,uniform,0.004389123728478514,1.3436756696789627,bartlett,,,,,,,,
vol_shock,1,3.0,window,soft,1758,0,20,contrast,,,0.012974048021191262,0.006441552375386196,2.014118222614532,uniform,0.005241190424858522,2.4754010004399865,bartlett,stress - calm,0.013308665324128333,exploratory,two-sided,0.04399712276485945,0.29613448014809246,benjamini_hochberg,False
vol_shock,1,3.0,filtered,soft,1758,0,20,calm,-0.006209053188454619,812.6239045810834,-0.007031374961891431,0.003261670718139934,-2.1557586799875628,uniform,0.0029234552048654477,-2.405159124788112,bartlett,,,,,,,,
vol_shock,1,3.0,filtered,soft,1758,0,20,middle,-0.0017891319171612244,876.4316374031124,-0.002086446044785954,0.004641929813728381,-0.44947815423993415,uniform,0.0040986527267952415,-0.5090565568401686,bartlett,,,,,,,,
vol_shock,1,3.0,filtered,soft,1758,0,20,stress,0.004222383179966974,585.1523881208476,0.005796118353729354,0.005628062409968906,1.0298603553974053,uniform,0.004327885573177753,1.3392494454222714,bartlett,,,,,,,,
vol_shock,1,3.0,filtered,soft,1758,0,20,contrast,,,0.012827493315620785,0.0063634455145371175,2.015809404876136,uniform,0.005181311417253809,2.4757232836662024,bartlett,stress - calm,0.01329665897680643,robustness,two-sided,0.04381990973753669,,,
vol_shock,1,3.0,window,hard,1758,0,20,rest,-0.004461706426821575,1282.0,-0.004461706426821575,0.0023084436442090653,-1.9327768464325128,uniform,0.0021122685450834407,-2.1122818105712615,bartlett,,,,,,,,
vol_shock,1,3.0,window,hard,1758,0,20,stress,0.0049977733935349525,476.0,0.0049977733935349525,0.00468948942150976,1.0657393469342642,uniform,0.003806974544573018,1.312794013991888,bartlett,,,,,,,,
vol_shock,1,3.0,window,hard,1758,0,20,contrast,,,0.009459479820356527,0.005226875079140611,1.8097772908534537,uniform,0.004215015984199822,2.2442334396395682,bartlett,stress - rest,0.02481738555430879,robustness,two-sided,0.07033033092518015,,,
vol_shock,1,,none,stress_vol,1739,0,20,calm,-0.004256393903391626,869.0,-0.004256393903391626,0.0026577058882567704,-1.601529319778668,uniform,0.0023991921667098014,-1.7740946150340053,bartlett,,,,,,,,
vol_shock,1,,none,stress_vol,1739,0,20,stress,0.0005085491482818996,870.0,0.0005085491482818996,0.0033084666523731047,0.15371143242962002,uniform,0.0030229731240529988,0.16822814077819892,bartlett,,,,,,,,
vol_shock,1,,none,stress_vol,1739,0,20,contrast,,,0.0047649430516735255,0.004243742708781908,1.1228161975543562,uniform,0.003825133665765541,1.245693214414743,bartlett,stress - calm,0.21287704576711786,robustness,two-sided,0.2615155646856986,,,
rskew_21d,1,2.0,window,soft,1758,0,20,calm,0.0009558168721579736,1092.4106923778975,0.0009994162262922416,0.0021921363782100127,0.4559096944088461,uniform,0.0022923276000363707,0.4359831580252249,bartlett,,,,,,,,
rskew_21d,1,2.0,window,soft,1758,0,20,stress,0.0005504728858760673,856.6251251567929,0.0004931765065782098,0.0033263418827867625,0.14826392594528903,uniform,0.003096951510848793,0.1592457953734778,bartlett,,,,,,,,
rskew_21d,1,2.0,window,soft,1758,0,20,contrast,,,-0.0005062397197140318,0.0041901150180147576,-0.1208176189764557,uniform,0.0040694213599012175,-0.1244009098449123,bartlett,stress - calm,0.9009978529930819,exploratory,two-sided,0.9038354944088209,0.9471330031230158,benjamini_hochberg,False
rskew_21d,1,2.0,filtered,soft,1758,0,20,calm,0.0009575825017642902,1084.0942705014277,0.0009972049530753363,0.0021809279959849517,0.457238824441326,uniform,0.0022807208481279437,0.4372323574337736,bartlett,,,,,,,,
rskew_21d,1,2.0,filtered,soft,1758,0,20,stress,0.0005481223365393923,847.7031014771414,0.00049604545906308,0.0033060767894380295,0.15004051347137592,uniform,0.003077859008028548,0.16116575118260876,bartlett,,,,,,,,
rskew_21d,1,2.0,filtered,soft,1758,0,20,contrast,,,-0.0005011594940122564,0.004148066302398499,-0.12081761897645547,uniform,0.004028583831396741,-0.12440090984491206,bartlett,stress - calm,0.9009978529930821,robustness,two-sided,0.903835494408821,,,
rskew_21d,1,2.0,window,hard,1758,0,20,calm,0.001295293446959603,994.0,0.0012952934469596033,0.0021002343255373916,0.6167375855206888,uniform,0.0021890254873309788,0.5917215009400921,bartlett,,,,,,,,
rskew_21d,1,2.0,window,hard,1758,0,20,stress,0.00011109410258062369,764.0,0.0001110941025806237,0.003079835769192384,0.03607143721489915,uniform,0.0029385763141764956,0.03780541687642256,bartlett,,,,,,,,
rskew_21d,1,2.0,window,hard,1758,0,20,contrast,,,-0.0011841993443789797,0.0037277838707954016,-0.31766845542102357,uniform,0.0037159428024429496,-0.3186807244719856,bartlett,stress - calm,0.7499686327912944,robustness,two-sided,0.7507364415954916,,,
rskew_21d,1,3.0,window,soft,1758,0,20,calm,0.0009289537369385428,825.3530011964655,0.0012604722053064172,0.0027414875594787736,0.459776737249198,uniform,0.0027829599971090336,0.4529250174691006,bartlett,,,,,,,,
rskew_21d,1,3.0,window,soft,1758,0,20,middle,-1.5839775554693548e-05,903.899853681094,-0.0008838311652995434,0.0036609827099461996,-0.24141910391937685,uniform,0.003490348365641738,-0.25322147611390117,bartlett,,,,,,,,
rskew_21d,1,3.0,window,soft,1758,0,20,stress,0.0015754113413509482,598.5119347641697,0.0021945726486057348,0.00496587879325386,0.4419303692202594,uniform,0.004084857826679412,0.5372457847302133,bartlett,,,,,,,,
rskew_21d,1,3.0,window,soft,1758,0,20,contrast,,,0.0009341004432993176,0.005572648765601211,0.16762234308850096,uniform,0.0049013988611876285,0.19057833686952408,bartlett,stress - calm,0.8488559637763482,exploratory,two-sided,0.8668803926585098,0.9138799320195132,benjamini_hochberg,False
rskew_21d,1,3.0,filtered,soft,1758,0,20,calm,0.0009385221140728312,812.6239045810834,0.001240962945992858,0.0027098286183601843,0.45794886716629696,uniform,0.0027527372143498832,0.45081053851554714,bartlett,,,,,,,,
rskew_21d,1,3.0,filtered,soft,1758,0,20,middle,-4.2407677401305665e-05,876.4316374031124,-0.0008265821045924824,0.0035610128029293702,-0.2321199474240916,uniform,0.003402661321481114,-0.24292223835920496,bartlett,,,,,,,,
rskew_21d,1,3.0,filtered,soft,1758,0,20,stress,0.0015979704444459568,585.1523881208476,0.002155613530195729,0.0048914782303218956,0.44068754447954966,uniform,0.0040269970687772765,0.535290563509211,bartlett,,,,,,,,
rskew_21d,1,3.0,filtered,soft,1758,0,20,contrast,,,0.0009146505842028711,0.005504975486147268,0.16614980148494754,uniform,0.004844497910854443,0.188801935935101,bartlett,stress - calm,0.8502480544753732,robustness,two-sided,0.868039062859181,,,
rskew_21d,1,3.0,window,hard,1758,0,20,rest,-0.000277927128865569,1282.0,-0.00027792712886556906,0.0018856019384377875,-0.14739438011812314,uniform,0.0018822414930996607,-0.14765752953829575,bartlett,,,,,,,,
rskew_21d,1,3.0,window,hard,1758,0,20,stress,0.003631723024905682,476.0,0.003631723024905682,0.004226058961994376,0.859364021554443,uniform,0.003632568755474838,0.9997671811255103,bartlett,,,,,,,,
rskew_21d,1,3.0,window,hard,1758,0,20,contrast,,,0.003909650153771251,0.004627641842287854,0.8448471785444752,uniform,0.00396156911750549,0.986894343580977,bartlett,stress - rest,0.32369443749150806,robustness,two-sided,0.3981961694615126,,,
rskew_21d,1,,none,stress_vol,1739,0,20,calm,0.0009805381856728497,869.0,0.0009805381856728497,0.0021718739425152607,0.4514710391236069,uniform,0.0022364093526195962,0.4384430714906043,bartlett,,,,,,,,
rskew_21d,1,,none,stress_vol,1739,0,20,stress,0.0008014740460060577,870.0,0.0008014740460060576,0.002874207025291267,0.27885049300679293,uniform,0.0027133337748795065,0.2953835069707373,bartlett,,,,,,,,
rskew_21d,1,,none,stress_vol,1739,0,20,contrast,,,-0.00017906413966679207,0.0036025133513160577,-0.04970533685916167,uniform,0.0035044985666377107,-0.05109550946074147,bartlett,stress - calm,0.9592494142519435,robustness,two-sided,0.9603572035199875,,,
rmax1_21d,1,2.0,window,soft,1758,0,20,calm,-0.013338696528298142,1092.4106923778975,-0.013064739758008237,0.005335371484978712,-2.448702924396344,uniform,0.005465186400282348,-2.3905387302678776,bartlett,,,,,,,,
rmax1_21d,1,2.0,window,soft,1758,0,20,stress,-0.01588567759128034,856.6251251567929,-0.016245699690997872,0.00839007986609452,-1.936298575255404,uniform,0.00834630842280214,-1.946453314211894,bartlett,,,,,,,,
rmax1_21d,1,2.0,window,soft,1758,0,20,contrast,,,-0.0031809599329896358,0.01040160985577292,-0.305814193869634,uniform,0.010401773003448514,-0.3058093972955426,bartlett,stress - calm,0.7597497730332557,exploratory,two-sided,0.7597461207586531,0.8438259317830301,benjamini_hochberg,False
rmax1_21d,1,2.0,filtered,soft,1758,0,20,calm,-0.013327602185409829,1084.0942705014277,-0.013078634304860169,0.005308370738156124,-2.4637756008358727,uniform,0.005437971534999578,-2.4050575146788042,bartlett,,,,,,,,
rmax1_21d,1,2.0,filtered,soft,1758,0,20,stress,-0.015900447280361104,847.7031014771414,-0.016227672613017604,0.008339433643671967,-1.9458962450443262,uniform,0.00829612294669562,-1.9560549810175067,bartlett,,,,,,,,
rmax1_21d,1,2.0,filtered,soft,1758,0,20,contrast,,,-0.003149038308157435,0.010297227438369997,-0.3058141938696377,uniform,0.010297388948823177,-0.30580939729554635,bartlett,stress - calm,0.7597497730332529,robustness,two-sided,0.7597461207586502,,,
rmax1_21d,1,2.0,window,hard,1758,0,20,calm,-0.013077523370156248,994.0,-0.01307752337015625,0.005162814534564311,-2.533022110828132,uniform,0.005369002760728039,-2.4357453242178875,bartlett,,,,,,,,
rmax1_21d,1,2.0,window,hard,1758,0,20,stress,-0.016211047760640616,764.0,-0.01621104776064062,0.007807448591626364,-2.0763566446056747,uniform,0.007998038534400646,-2.0268779264959416,bartlett,,,,,,,,
rmax1_21d,1,2.0,window,hard,1758,0,20,contrast,,,-0.003133524390484369,0.009360069841042694,-0.3347757488672008,uniform,0.00979384395585805,-0.3199483680368519,bartlett,stress - calm,0.7490074710570025,robustness,two-sided,0.7377942555624125,,,
rmax1_21d,1,3.0,window,soft,1758,0,20,calm,-0.010583969873637852,825.3530011964655,-0.006912236501559643,0.0063401229920803485,-1.0902369733511386,uniform,0.006254893944606589,-1.1050925183983114,bartlett,,,,,,,,
rmax1_21d,1,3.0,window,soft,1758,0,20,middle,-0.022077969558396034,903.899853681094,-0.030127523283320738,0.010391900473675629,-2.899135086949557,uniform,0.009706673508074469,-3.1037948539486,bartlett,,,,,,,,
rmax1_21d,1,3.0,window,soft,1758,0,20,stress,-0.0103533801423587,598.5119347641697,-0.00547946645667843,0.011923724499021453,-0.45954319534371285,uniform,0.010874642750038679,-0.5038755371213405,bartlett,,,,,,,,
rmax1_21d,1,3.0,window,soft,1758,0,20,contrast,,,0.0014327700448812132,0.013238855697276798,0.10822461379165352,uniform,0.0124829947335713,0.11477774968757896,bartlett,stress - calm,0.9086212856602205,exploratory,two-sided,0.9138175206417813,0.9518932506685223,benjamini_hochberg,False
rmax1_21d,1,3.0,filtered,soft,1758,0,20,calm,-0.010468340556201376,812.6239045810834,-0.007123453373235909,0.006260768669728819,-1.137792138476258,uniform,0.0061795492537277405,-1.1527464351770915,bartlett,,,,,,,,
rmax1_21d,1,3.0,filtered,soft,1758,0,20,middle,-0.022322413681602555,876.4316374031124,-0.029601678352806637,0.010116235690552582,-2.9261554651648987,uniform,0.009466585026347347,-3.1269648210436403,bartlett,,,,,,,,
rmax1_21d,1,3.0,filtered,soft,1758,0,20,stress,-0.01018648220233603,585.1523881208476,-0.005791402973956652,0.011741416746761844,-0.49324567033649136,uniform,0.010724540567665588,-0.5400140861434838,bartlett,,,,,,,,
rmax1_21d,1,3.0,filtered,soft,1758,0,20,contrast,,,0.0013320503992792576,0.01307729978619739,0.10185974330000355,uniform,0.012336523421441219,0.1079761577693856,bartlett,stress - calm,0.9140146049613385,robustness,two-sided,0.9188680038990247,,,
rmax1_21d,1,3.0,window,hard,1758,0,20,rest,-0.016310768479396564,1282.0,-0.016310768479396564,0.004819265389431695,-3.3844926895217093,uniform,0.004847283408487073,-3.3649298183882044,bartlett,,,,,,,,
rmax1_21d,1,3.0,window,hard,1758,0,20,stress,-0.009398935984198154,476.0,-0.009398935984198152,0.01023434057772768,-0.9183724063915204,uniform,0.009347003559687218,-1.005556050575921,bartlett,,,,,,,,
rmax1_21d,1,3.0,window,hard,1758,0,20,contrast,,,0.0069118324951984115,0.011312252028429068,0.611004111102558,uniform,0.010071004259644079,0.6863101550751091,bartlett,stress - rest,0.4925175465608458,robustness,two-sided,0.5411968586663196,,,
rmax1_21d,1,,none,stress_vol,1739,0,20,calm,-0.013448877545157632,869.0,-0.013448877545157632,0.005288394122205955,-2.5430929001085274,uniform,0.005343431981981281,-2.5168988003419757,bartlett,,,,,,,,
rmax1_21d,1,,none,stress_vol,1739,0,20,stress,-0.014988920091748206,870.0,-0.014988920091748204,0.007313559134739172,-2.049470007092896,uniform,0.0074192539027392,-2.0202732361288067,bartlett,,,,,,,,
rmax1_21d,1,,none,stress_vol,1739,0,20,contrast,,,-0.0015400425465905716,0.009025256761395173,-0.17063697879244638,uniform,0.009124582583820349,-0.16877950661780025,bartlett,stress - calm,0.8659700784046104,robustness,two-sided,0.8645092194593331,,,
volume_z,1,2.0,window,soft,1758,0,20,calm,0.006687626455172946,1092.4106923778975,0.006216354807454569,0.0023949889839221337,2.5955671818057415,uniform,0.0024318085526115842,2.556268173651523,bartlett,,,,,,,,
volume_z,1,2.0,window,soft,1758,0,20,stress,0.011069047512914654,856.6251251567929,0.011688372262470454,0.0030375108502356724,3.8480100446599503,uniform,0.0032113112408039056,3.6397506769055616,bartlett,,,,,,,,
volume_z,1,2.0,window,soft,1758,0,20,contrast,,,0.005472017455015885,0.0040628771459838625,1.3468331082629343,uniform,0.0042832365770333865,1.2775426611634562,bartlett,stress - calm,0.20141072907998647,exploratory,two-sided,0.1780339890354512,0.4554494939658538,benjamini_hochberg,False
volume_z,1,2.0,filtered,soft,1758,0,20,calm,0.006668541512509214,1084.0942705014277,0.006240256775572668,0.0023831556330842956,2.618484789218943,uniform,0.002419322347285516,2.579340773904828,bartlett,,,,,,,,
volume_z,1,2.0,filtered,soft,1758,0,20,stress,0.01109445493650934,847.7031014771414,0.011657361345184813,0.003018886055952198,3.8614777534251528,uniform,0.003191270810121673,3.6528900362236434,bartlett,,,,,,,,
volume_z,1,2.0,filtered,soft,1758,0,20,contrast,,,0.005417104569612145,0.004022105290089506,1.34683310826296,uniform,0.0042402533663170915,1.2775426611634808,bartlett,stress - calm,0.2014107290799778,robustness,two-sided,0.17803398903544299,,,
volume_z,1,2.0,window,hard,1758,0,20,calm,0.005990315428882489,994.0,0.005990315428882489,0.00228250862575489,2.6244437200763358,uniform,0.0023298515474166393,2.5711146427009934,bartlett,,,,,,,,
volume_z,1,2.0,window,hard,1758,0,20,stress,0.011951461664081387,764.0,0.011951461664081389,0.0028429131339767384,4.203948942809724,uniform,0.0030755348897876377,3.885978241952776,bartlett,,,,,,,,
volume_z,1,2.0,window,hard,1758,0,20,contrast,,,0.0059611462351989,0.0036458196217013968,1.6350634024008595,uniform,0.003963672282437023,1.5039452836735914,bartlett,stress - calm,0.1325954558727518,robustness,two-sided,0.10203575716832103,,,
volume_z,1,3.0,window,soft,1758,0,20,calm,0.007277280656042429,825.3530011964655,0.007404288261407666,0.0030435351993670914,2.4327920580473,uniform,0.0033365815085529293,2.2191240473004044,bartlett,,,,,,,,
volume_z,1,3.0,window,soft,1758,0,20,middle,0.00754852108481565,903.899853681094,0.006254518604505084,0.0040188449596323525,1.5562975599529605,uniform,0.003972854697020939,1.5743134550566522,bartlett,,,,,,,,
volume_z,1,3.0,window,soft,1758,0,20,stress,0.011785004662865249,598.5119347641697,0.013241720614204689,0.0043233421559418644,3.0628435447806712,uniform,0.004574595709731241,2.894620957658933,bartlett,,,,,,,,
volume_z,1,3.0,window,soft,1758,0,20,contrast,,,0.005837432352797023,0.005169416232193352,1.1292246726900217,uniform,0.00550260117673389,1.0608496173553097,bartlett,stress - calm,0.2887582490777758,exploratory,two-sided,0.2588030681276532,0.5223819820288157,benjamini_hochberg,False
volume_z,1,3.0,filtered,soft,1758,0,20,calm,0.0072750107116969455,812.6239045810834,0.007393827449428032,0.003007582621242123,2.458395455940759,uniform,0.00329536539240254,2.243704891261676,bartlett,,,,,,,,
volume_z,1,3.0,filtered,soft,1758,0,20,middle,0.0075077206061998575,876.4316374031124,0.006342982427849664,0.003910983114970707,1.621838356593665,uniform,0.003861986645380549,1.64241438676043,bartlett,,,,,,,,
volume_z,1,3.0,filtered,soft,1758,0,20,stress,0.011844647732258441,585.1523881208476,0.013153293219065396,0.004255822438817412,3.0906583646662593,uniform,0.004504156043041702,2.9202570011723763,bartlett,,,,,,,,
volume_z,1,3.0,filtered,soft,1758,0,20,contrast,,,0.005759465769637364,0.005108854440945305,1.1273497486007205,uniform,0.005439245340261193,1.0588722165198001,bartlett,stress - calm,0.2896579790053433,robustness,two-sided,0.2595946363935553,,,
volume_z,1,3.0,window,hard,1758,0,20,rest,0.007607945640388998,1282.0,0.007607945640388998,0.0020368464452749048,3.7351591515590097,uniform,0.002040671750689295,3.728157474527296,bartlett,,,,,,,,
volume_z,1,3.0,window,hard,1758,0,20,stress,0.011201478858589646,476.0,0.011201478858589646,0.003673378852090243,3.0493666212010035,uniform,0.003961586196165533,2.827523699833085,bartlett,,,,,,,,
volume_z,1,3.0,window,hard,1758,0,20,contrast,,,0.003593533218200648,0.00420029232704259,0.8555435999214944,uniform,0.004488882498288527,0.8005407180006943,bartlett,stress - rest,0.4233975820569067,robustness,two-sided,0.3922502780565069,,,
volume_z,1,,none,stress_vol,1739,0,20,calm,0.00791013175680222,869.0,0.00791013175680222,0.0024209512794435522,3.26736511550961,uniform,0.0024313432483954608,3.253399848837645,bartlett,,,,,,,,
volume_z,1,,none,stress_vol,1739,0,20,stress,0.009029371742441653,870.0,0.009029371742441653,0.0026615624935124736,3.3925078837903064,uniform,0.0027507561444167785,3.2825053434011617,bartlett,,,,,,,,
volume_z,1,,none,stress_vol,1739,0,20,contrast,,,0.0011192399856394322,0.0035979049465364853,0.31108103250945135,uniform,0.0036562301571371122,0.3061185804877818,bartlett,stress - calm,0.7595143613985491,robustness,two-sided,0.7557390201465477,,,
qspread_21d,1,2.0,window,soft,1758,0,20,calm,0.0004227192447565467,1092.4106923778975,0.00021583787584893708,0.0030472200879714767,0.0708310754122849,uniform,0.0031991406599186974,0.06746745416765212,bartlett,,,,,,,,
qspread_21d,1,2.0,window,soft,1758,0,20,stress,0.0023460990843344976,856.6251251567929,0.002617973602156179,0.004444785085916295,0.5889989170570847,uniform,0.004756561607098704,0.5503920307158661,bartlett,,,,,,,,
qspread_21d,1,2.0,window,soft,1758,0,20,contrast,,,0.002402135726307242,0.005620025070337029,0.42742437911637066,uniform,0.006010813093298933,0.3996357379645073,bartlett,stress - calm,0.6894248299820425,exploratory,two-sided,0.6690702536993893,0.8020157547159457,benjamini_hochberg,False
qspread_21d,1,2.0,filtered,soft,1758,0,20,calm,0.00041434123372423407,1084.0942705014277,0.00022633049068752632,0.0030321486887184565,0.07464359895331694,uniform,0.003183000995781977,0.07110600687447258,bartlett,,,,,,,,
qspread_21d,1,2.0,filtered,soft,1758,0,20,stress,0.0023572525721352587,847.7031014771414,0.002604360262482114,0.004418007938240212,0.5894874565389503,uniform,0.004727691362779025,0.5508735792243474,bartlett,,,,,,,,
qspread_21d,1,2.0,filtered,soft,1758,0,20,contrast,,,0.0023780297717945877,0.005563626896319646,0.42742437911637476,uniform,0.0059504932764690936,0.3996357379645111,bartlett,stress - calm,0.6894248299820398,robustness,two-sided,0.6690702536993862,,,
qspread_21d,1,2.0,window,hard,1758,0,20,calm,0.0005243472722329687,994.0,0.0005243472722329687,0.002963142056013443,0.17695650843632382,uniform,0.0031632067076075177,0.16576446647381993,bartlett,,,,,,,,
qspread_21d,1,2.0,window,hard,1758,0,20,stress,0.0022029804600503544,764.0,0.002202980460050355,0.004150018266871943,0.5308363285135227,uniform,0.004392595691340573,0.5015213360959312,bartlett,,,,,,,,
qspread_21d,1,2.0,window,hard,1758,0,20,contrast,,,0.0016786331878173861,0.005099300193113402,0.32918893264694987,uniform,0.0054561158763940165,0.30766083892756435,bartlett,stress - calm,0.758340421211515,robustness,two-sided,0.7420128876626704,,,
qspread_21d,1,3.0,window,soft,1758,0,20,calm,-0.0014850576711758585,825.3530011964655,-0.004295031976926302,0.0036497688834765544,-1.1767956037904264,uniform,0.0036542781287147758,-1.1753434811588581,bartlett,,,,,,,,
qspread_21d,1,3.0,window,soft,1758,0,20,middle,0.00721281922249958,903.899853681094,0.013522656610548528,0.005869615445851305,2.3038403001522796,uniform,0.005518013890214231,2.4506383781544856,bartlett,,,,,,,,
qspread_21d,1,3.0,window,soft,1758,0,20,stress,-0.0023240241177755103,598.5119347641697,-0.0062436760364440475,0.006182967262066053,-1.0098187119233926,uniform,0.006732606887122773,-0.9273786723514353,bartlett,,,,,,,,
qspread_21d,1,3.0,window,soft,1758,0,20,contrast,,,-0.0019486440595177451,0.0070274033779916725,-0.2772921881246326,uniform,0.007572558608391349,-0.25732967683583224,bartlett,stress - calm,0.7969242848249323,exploratory,two-sided,0.7815557574487131,0.8548266097095298,benjamini_hochberg,False
qspread_21d,1,3.0,filtered,soft,1758,0,20,calm,-0.001572625609226878,812.6239045810834,-0.004132923428394178,0.003604484146863603,-1.1466060773191054,uniform,0.0036124770210170585,-1.14406912607311,bartlett,,,,,,,,
qspread_21d,1,3.0,filtered,soft,1758,0,20,middle,0.007404654237363902,876.4316374031124,0.013109881457509702,0.005714953144121956,2.293961319874286,uniform,0.005374647912070369,2.4392074926559504,bartlett,,,,,,,,
qspread_21d,1,3.0,filtered,soft,1758,0,20,stress,-0.002459682220102027,585.1523881208476,-0.0059935207804483115,0.00608667905728633,-0.9846947282810157,uniform,0.006632939274389927,-0.9035995254154612,bartlett,,,,,,,,
qspread_21d,1,3.0,filtered,soft,1758,0,20,contrast,,,-0.0018605973520541335,0.006942676075182673,-0.26799426214122746,uniform,0.0074806999008351655,-0.2487196888952077,bartlett,stress - calm,0.8035776178043794,robustness,two-sided,0.7887037353923654,,,
qspread_21d,1,3.0,window,hard,1758,0,20,rest,0.003561885972999824,1282.0,0.003561885972999824,0.0027767144488015914,1.2827699926209937,uniform,0.0027840032127953262,1.2794115885460675,bartlett,,,,,,,,
qspread_21d,1,3.0,window,hard,1758,0,20,stress,-0.0049623099943440245,476.0,-0.0049623099943440245,0.005159748269901048,-0.9617349015437898,uniform,0.005627432716110235,-0.8818070769887493,bartlett,,,,,,,,
qspread_21d,1,3.0,window,hard,1758,0,20,contrast,,,-0.00852419596734385,0.005859449235118466,-1.4547776805120674,uniform,0.006140733363916457,-1.3881397322073694,bartlett,stress - rest,0.16509449989563638,robustness,two-sided,0.14573081910090782,,,
qspread_21d,1,,none,stress_vol,1739,0,20,calm,-0.0022321935560250484,869.0,-0.0022321935560250484,0.0030585773521931065,-0.7298143218200736,uniform,0.003096611456448739,-0.7208503835301883,bartlett,,,,,,,,
qspread_21d,1,,none,stress_vol,1739,0,20,stress,0.004945936494381678,870.0,0.004945936494381678,0.0038704549209578744,1.2778695516127183,uniform,0.004031236227925004,1.2269031668549717,bartlett,,,,,,,,
qspread_21d,1,,none,stress_vol,1739,0,20,contrast,,,0.007178130050406726,0.004933083894939921,1.4550999340938933,uniform,0.004967594023372633,1.444991280815919,bartlett,stress - calm,0.1484603347557596,robustness,two-sided,0.1456415974313361,,,
overnight_20d,1,2.0,window,soft,1758,0,20,calm,0.0049784556367036235,1092.4106923778975,0.005447373380415965,0.0029582596480969728,1.8414115150170207,uniform,0.0027860623544731546,1.9552230665871315,bartlett,,,,,,,,
overnight_20d,1,2.0,window,soft,1758,0,20,stress,0.0006189188672061894,856.6251251567929,2.687516152250196e-06,0.004185036315081526,0.0006421727196405086,uniform,0.0039887468437370755,0.0006737745606668408,bartlett,,,,,,,,
overnight_20d,1,2.0,window,soft,1758,0,20,contrast,,,-0.005444685864263716,0.0054077203937266454,-1.0068356845113429,uniform,0.005098062725659051,-1.0679911482571756,bartlett,stress - calm,0.28552450468776097,exploratory,two-sided,0.3140137431724746,0.5229754876531013,benjamini_hochberg,False
overnight_20d,1,2.0,filtered,soft,1758,0,20,calm,0.004997445254042353,1084.0942705014277,0.005423590797664633,0.002943195509603414,1.842755868567985,uniform,0.0027721297927363314,1.9564707294282497,bartlett,,,,,,,,
overnight_20d,1,2.0,filtered,soft,1758,0,20,stress,0.0005936383484157902,847.7031014771414,3.3543540346526015e-05,0.004159336181499559,0.008064637933265738,uniform,0.0039645262919187916,0.008460920139412487,bartlett,,,,,,,,
overnight_20d,1,2.0,filtered,soft,1758,0,20,contrast,,,-0.005390047257318107,0.005353452743318378,-1.0068356845113469,uniform,0.005046902557304852,-1.06799114825718,bartlett,stress - calm,0.28552450468775903,robustness,two-sided,0.3140137431724727,,,
overnight_20d,1,2.0,window,hard,1758,0,20,calm,0.00523148430611891,994.0,0.00523148430611891,0.002815351570408716,1.8581992959974922,uniform,0.002635353593041998,1.9851166537694813,bartlett,,,,,,,,
overnight_20d,1,2.0,window,hard,1758,0,20,stress,0.0003144130246032404,764.0,0.0003144130246032404,0.0038695484848787786,0.081253155460356,uniform,0.0037443503038911857,0.08396998119446719,bartlett,,,,,,,,
overnight_20d,1,2.0,window,hard,1758,0,20,contrast,,,-0.0049170712815156704,0.004785353690358789,-1.0275251527222025,uniform,0.004565132563321734,-1.077092770760167,bartlett,stress - calm,0.2814388224146119,robustness,two-sided,0.30417324780552885,,,
overnight_20d,1,3.0,window,soft,1758,0,20,calm,0.004245202051925465,825.3530011964655,0.00378250659633255,0.0037218909209477693,1.0162862578920893,uniform,0.0037110758940270485,1.0192479766906597,bartlett,,,,,,,,
overnight_20d,1,3.0,window,soft,1758,0,20,middle,0.004931985207361968,903.899853681094,0.007102848994402112,0.004876026214894278,1.4566880245036,uniform,0.0047883346107158034,1.4833652139736981,bartlett,,,,,,,,
overnight_20d,1,3.0,window,soft,1758,0,20,stress,-0.0009080422829478086,598.5119347641697,-0.0029891107744048472,0.00609413674158942,-0.4904896134026118,uniform,0.005623267621447627,-0.5315611803720885,bartlett,,,,,,,,
overnight_20d,1,3.0,window,soft,1758,0,20,contrast,,,-0.006771617370737397,0.007009921584407522,-0.9660047247603746,uniform,0.0066079931547918525,-1.0247615595404924,bartlett,stress - calm,0.3054757084528477,exploratory,two-sided,0.334041816822205,0.5394918594503394,benjamini_hochberg,False
overnight_20d,1,3.0,filtered,soft,1758,0,20,calm,0.004237770647227044,812.6239045810834,0.0038127156711032207,0.0036785647646241397,1.036468273650957,uniform,0.003666287501026643,1.0399390855287738,bartlett,,,,,,,,
overnight_20d,1,3.0,filtered,soft,1758,0,20,middle,0.004999622543204171,876.4316374031124,0.006956557722174537,0.00474419911999702,1.466329204617977,uniform,0.00465894144167695,1.4931627300450845,bartlett,,,,,,,,
overnight_20d,1,3.0,filtered,soft,1758,0,20,stress,-0.000990419618310561,585.1523881208476,-0.0028613907352579436,0.006002213580662671,-0.47672257856276307,uniform,0.005538514802811593,-0.5166350252969218,bartlett,,,,,,,,
overnight_20d,1,3.0,filtered,soft,1758,0,20,contrast,,,-0.006674106406361164,0.006926135034017918,-0.9636119384882178,uniform,0.006530504402100207,-1.0219894200231723,bartlett,stress - calm,0.3067859079020734,robustness,two-sided,0.3352405191325989,,,
overnight_20d,1,3.0,window,hard,1758,0,20,rest,0.0046132421164875115,1282.0,0.0046132421164875115,0.002521196855944373,1.8297825913952739,uniform,0.002427032676027849,1.9007746216411372,bartlett,,,,,,,,
overnight_20d,1,3.0,window,hard,1758,0,20,stress,-0.0009955240383569682,476.0,-0.0009955240383569682,0.005198832931974579,-0.19148990771258662,uniform,0.005048841772295067,-0.19717869627441897,bartlett,,,,,,,,
overnight_20d,1,3.0,window,hard,1758,0,20,contrast,,,-0.0056087661548444795,0.005777914627355374,-0.9707249962278665,uniform,0.0056540973425535665,-0.9919825951053375,bartlett,stress - rest,0.32120601582153907,robustness,two-sided,0.33168524098201235,,,
overnight_20d,1,,none,stress_vol,1739,0,20,calm,0.004969426103496606,869.0,0.004969426103496606,0.003011876392890025,1.6499435751173799,uniform,0.0028198646235679287,1.7622924384252434,bartlett,,,,,,,,
overnight_20d,1,,none,stress_vol,1739,0,20,stress,0.0012135322565271247,870.0,0.0012135322565271247,0.0035396488994077196,0.3428397253552978,uniform,0.0033950194624312122,0.3574448600238952,bartlett,,,,,,,,
overnight_20d,1,,none,stress_vol,1739,0,20,contrast,,,-0.0037558938469694813,0.004647635284435141,-0.8081300741363919,uniform,0.004385652277752761,-0.8564048422220166,bartlett,stress - calm,0.39177388722690715,robustness,two-sided,0.4190157064977306,,,
ma50_gap,1,2.0,window,soft,1758,0,20,calm,-0.005447041531132458,1092.4106923778975,-0.004176685916923329,0.004401201853004517,-0.9489875848507333,uniform,0.00433105221813823,-0.9643582451930682,bartlett,,,,,,,,
ma50_gap,1,2.0,window,soft,1758,0,20,stress,-0.017257560720783154,856.6251251567929,-0.018927006944475824,0.007129665398758235,-2.6546837594611827,uniform,0.007293849278485174,-2.5949270709918872,bartlett,,,,,,,,
ma50_gap,1,2.0,window,soft,1758,0,20,contrast,,,-0.014750321027552495,0.008766183108038731,-1.6826389371248947,uniform,0.008825588545875082,-1.6713130179229265,bartlett,stress - calm,0.09465986645713122,exploratory,two-sided,0.0924450092111071,0.3551917978509481,benjamini_hochberg,False
ma50_gap,1,2.0,filtered,soft,1758,0,20,calm,-0.005395596331368979,1084.0942705014277,-0.004241115847169479,0.004378790152649408,-0.9685588254562442,uniform,0.004309259053452103,-0.9841867928018773,bartlett,,,,,,,,
ma50_gap,1,2.0,filtered,soft,1758,0,20,stress,-0.017326048743269252,847.7031014771414,-0.018843414194802836,0.007086663416202828,-2.6589966375035634,uniform,0.0072502500681614545,-2.5990019678840155,bartlett,,,,,,,,
ma50_gap,1,2.0,filtered,soft,1758,0,20,contrast,,,-0.014602298347633358,0.008678212553778236,-1.682638937124898,uniform,0.008737021845124359,-1.6713130179229299,bartlett,stress - calm,0.09465986645713055,robustness,two-sided,0.09244500921110642,,,
ma50_gap,1,2.0,window,hard,1758,0,20,calm,-0.005199319910149674,994.0,-0.005199319910149674,0.004243697206387803,-1.2251863545597517,uniform,0.00416899604290375,-1.247139564692005,bartlett,,,,,,,,
ma50_gap,1,2.0,window,hard,1758,0,20,stress,-0.01751295270586281,764.0,-0.01751295270586281,0.006650844218372373,-2.6331924385606293,uniform,0.007069216889183536,-2.4773539955548713,bartlett,,,,,,,,
ma50_gap,1,2.0,window,hard,1758,0,20,contrast,,,-0.012313632795713136,0.007889403956989454,-1.5607811265392397,uniform,0.00832346592834936,-1.4793876615477506,bartlett,stress - calm,0.1390367358621863,robustness,two-sided,0.11857540203244904,,,
ma50_gap,1,3.0,window,soft,1758,0,20,calm,-0.005045368406200244,825.3530011964655,-0.006138497371459515,0.0053196740468697745,-1.153923589561198,uniform,0.005231787945413114,-1.1733077554952018,bartlett,,,,,,,,
ma50_gap,1,3.0,window,soft,1758,0,20,middle,-0.004719943935217991,903.899853681094,0.0023783525113309917,0.008942263999649253,0.26596760187624513,uniform,0.00843434335200119,0.28198431247960604,bartlett,,,,,,,,
ma50_gap,1,3.0,window,soft,1758,0,20,stress,-0.025946823039687594,598.5119347641697,-0.03336157948327408,0.010298773567214188,-3.2393740153176678,uniform,0.008951757651516106,-3.726818886526025,bartlett,,,,,,,,
ma50_gap,1,3.0,window,soft,1758,0,20,contrast,,,-0.027223082111814567,0.011308916720033655,-2.4072227946987264,uniform,0.01027960259793084,-2.6482621144609464,bartlett,stress - calm,0.008090676784395592,exploratory,two-sided,0.016074360212457995,0.18773709301936406,benjamini_hochberg,False
ma50_gap,1,3.0,filtered,soft,1758,0,20,calm,-0.005050765967818909,812.6239045810834,-0.006061009533136267,0.005250498914111556,-1.1543683052378764,uniform,0.005164352957208574,-1.1736241855189449,bartlett,,,,,,,,
ma50_gap,1,3.0,filtered,soft,1758,0,20,middle,-0.0044974193638167344,876.4316374031124,0.001896445810992747,0.008700829932961696,0.21796148477840796,uniform,0.008225574594392836,0.23055481282553872,bartlett,,,,,,,,
ma50_gap,1,3.0,filtered,soft,1758,0,20,stress,-0.02624591663621607,585.1523881208476,-0.03290926837442799,0.010138451084598188,-3.24598581181913,uniform,0.008829609551486326,-3.7271487694366088,bartlett,,,,,,,,
ma50_gap,1,3.0,filtered,soft,1758,0,20,contrast,,,-0.02684825884129172,0.011169857620006787,-2.403634831763899,uniform,0.010160460498662089,-2.642425394481584,bartlett,stress - calm,0.008231459776554092,robustness,two-sided,0.0162329795486312,,,
ma50_gap,1,3.0,window,hard,1758,0,20,rest,-0.0045338662861326385,1282.0,-0.0045338662861326385,0.004038863472913042,-1.1225599272021378,uniform,0.0039208914755077375,-1.1563355717580843,bartlett,,,,,,,,
ma50_gap,1,3.0,window,hard,1758,0,20,stress,-0.026755469073835966,476.0,-0.026755469073835966,0.008584378792845803,-3.116762402904902,uniform,0.007932927966134961,-3.3727104529441,bartlett,,,,,,,,
ma50_gap,1,3.0,window,hard,1758,0,20,contrast,,,-0.022221602787703326,0.009487042606201998,-2.3423108454447457,uniform,0.00844917824953169,-2.630031244628434,bartlett,stress - rest,0.008537702103401152,robustness,two-sided,0.019164745778149497,,,
ma50_gap,1,,none,stress_vol,1739,0,20,calm,-0.006303789190714639,869.0,-0.006303789190714639,0.004479346797508676,-1.4073009917920805,uniform,0.004014972259698464,-1.5700704221523245,bartlett,,,,,,,,
ma50_gap,1,,none,stress_vol,1739,0,20,stress,-0.013688795528272367,870.0,-0.013688795528272367,0.006097666262063098,-2.2449237035876854,uniform,0.00648026642561283,-2.112381595017189,bartlett,,,,,,,,
ma50_gap,1,,none,stress_vol,1739,0,20,contrast,,,-0.007385006337557728,0.007566114034023925,-0.9760633139215485,uniform,0.007524231000782581,-0.9814964927033244,bartlett,stress - calm,0.32634796313554515,robustness,two-sided,0.3290330898486549,,,
earn_next5,1,2.0,window,soft,1738,0,20,calm,0.0022096437976370587,1081.0655588826899,0.0022613630146942846,0.0019986151282510157,1.1314649742860692,uniform,0.0019729030568400216,1.1462109133310818,bartlett,,,,,,,,
earn_next5,1,2.0,window,soft,1738,0,20,stress,0.0017335098486531836,847.4973148832414,0.001665501004607329,0.0023346589325009977,0.7133808632266321,uniform,0.002200717473680313,0.7567991005324602,bartlett,,,,,,,,
earn_next5,1,2.0,window,soft,1738,0,20,contrast,,,-0.0005958620100869555,0.0032346944732137067,-0.1842096726665377,uniform,0.003063157464635432,-0.19452542579552737,bartlett,stress - calm,0.8457644890486121,exploratory,two-sided,0.8538489716403973,0.9055973941640578,benjamini_hochberg,False
earn_next5,1,2.0,filtered,soft,1738,0,20,calm,0.002211716502796295,1072.8511387080653,0.002258760268104936,0.001988798337157255,1.1357412292156068,uniform,0.001963592035452419,1.1503205489344477,bartlett,,,,,,,,
earn_next5,1,2.0,filtered,soft,1738,0,20,stress,0.0017307470918384836,838.6733271154224,0.0016688778628977895,0.0023202195735737945,0.7192758314366108,uniform,0.0021874404087397735,0.7629363781659598,bartlett,,,,,,,,
earn_next5,1,2.0,filtered,soft,1738,0,20,contrast,,,-0.0005898824052071466,0.003202233610582281,-0.18420967266653754,uniform,0.003032418013196864,-0.1945254257955272,bartlett,stress - calm,0.8457644890486122,robustness,two-sided,0.8538489716403974,,,
earn_next5,1,2.0,window,hard,1738,0,20,calm,0.002195529638214326,983.0,0.002195529638214326,0.0019069347122910548,1.1513396992897273,uniform,0.0018631133660864416,1.1784197774428191,bartlett,,,,,,,,
earn_next5,1,2.0,window,hard,1738,0,20,stress,0.0017545551580152752,755.0,0.0017545551580152752,0.0021751560253837282,0.8066341621198171,uniform,0.002045379329910965,0.8578140652725041,bartlett,,,,,,,,
earn_next5,1,2.0,window,hard,1738,0,20,contrast,,,-0.00044097448019905067,0.002892698347858571,-0.1524439907553785,uniform,0.002691308801150701,-0.16385131279268542,bartlett,stress - calm,0.8698481957378532,robustness,two-sided,0.8788367628986359,,,
earn_next5,1,3.0,window,soft,1738,0,20,calm,0.0012730958957931394,814.5236826546479,0.0008260888884850355,0.0025947423093028573,0.31837030040450726,uniform,0.0026239813135787676,0.314822702513212,bartlett,,,,,,,,
earn_next5,1,3.0,window,soft,1738,0,20,middle,0.002776520413822946,899.7974402251147,0.003554943449484057,0.00320541278717875,1.109043884676378,uniform,0.0033813184846583823,1.051348302626162,bartlett,,,,,,,,
earn_next5,1,3.0,window,soft,1738,0,20,stress,0.0020735515892357217,589.8541989933113,0.0017226761248958931,0.003201089369464819,0.5381530866737102,uniform,0.0027783199356366953,0.62004238705544,bartlett,,,,,,,,
earn_next5,1,3.0,window,soft,1738,0,20,contrast,,,0.0008965872364108576,0.004029968529057454,0.22247995981759072,uniform,0.003733122642606759,0.24017084951294018,bartlett,stress - calm,0.8101978111006578,exploratory,two-sided,0.8239402721177389,0.8792045586622215,benjamini_hochberg,False
earn_next5,1,3.0,filtered,soft,1738,0,20,calm,0.001257857294937765,801.8011154517067,0.0008509165000951128,0.002564232922715645,0.3318405643095604,uniform,0.00259223623833461,0.32825576909679605,bartlett,,,,,,,,
earn_next5,1,3.0,filtered,soft,1738,0,20,middle,0.0027996098593118957,872.8880673657865,0.0035046610876720685,0.003120019902937182,1.1232816445730958,uniform,0.003292735756339065,1.064361475385631,bartlett,,,,,,,,
earn_next5,1,3.0,filtered,soft,1738,0,20,stress,0.0020632813625321945,576.4870039745829,0.0017458646095693305,0.003151193590871908,0.5540328003416207,uniform,0.002733734304164713,0.6386372687753852,bartlett,,,,,,,,
earn_next5,1,3.0,filtered,soft,1738,0,20,contrast,,,0.0008949481094742177,0.003984240417039668,0.22462201468734994,uniform,0.0036923264625756506,0.24238054748006493,bartlett,stress - calm,0.8084853059237898,robustness,two-sided,0.8222733372497597,,,
earn_next5,1,3.0,window,hard,1738,0,20,rest,0.0018609385810954336,1271.0,0.0018609385810954336,0.001675170532600507,1.1108950073319064,uniform,0.0017073139233358908,1.0899803226927232,bartlett,,,,,,,,
earn_next5,1,3.0,window,hard,1738,0,20,stress,0.002393237349237509,467.0,0.002393237349237509,0.0027734255269199056,0.8629174737189992,uniform,0.0023129711512056474,1.0347026369049275,bartlett,,,,,,,,
earn_next5,1,3.0,window,hard,1738,0,20,contrast,,,0.0005322987681420754,0.0032400749168289343,0.1642859445555774,uniform,0.0028209256545309366,0.1886964894970215,bartlett,stress - rest,0.8503307031379466,robustness,two-sided,0.8695060459789528,,,
earn_next5,1,,none,stress_vol,1719,0,20,calm,0.0018543400052604857,858.0,0.0018543400052604857,0.00201548037983218,0.9200486513368531,uniform,0.0020063117692271882,0.9242531662837025,bartlett,,,,,,,,
earn_next5,1,,none,stress_vol,1719,0,20,stress,0.0020982859019618586,861.0,0.0020982859019618586,0.0020497691365769705,1.023669380380031,uniform,0.001960509702646188,1.0702757038793065,bartlett,,,,,,,,
earn_next5,1,,none,stress_vol,1719,0,20,contrast,,,0.00024394589670137285,0.002874667750323847,0.08486055359750393,uniform,0.002751593967434782,0.08865621148631728,bartlett,stress - calm,0.9293551336121642,robustness,two-sided,0.9323722522896805,,,
days_since_earn,1,2.0,window,soft,1758,0,20,calm,-0.004991102995020791,1092.4106923778975,-0.005098613357573641,0.0024128973927128225,-2.1130667938769108,uniform,0.0025484677091607752,-2.000658411031091,bartlett,,,,,,,,
days_since_earn,1,2.0,window,soft,1758,0,20,stress,-0.003991577204120794,856.6251251567929,-0.0038502917508476046,0.00291468546620081,-1.3209973410497444,uniform,0.0026136189584718343,-1.473164915018387,bartlett,,,,,,,,
days_since_earn,1,2.0,window,soft,1758,0,20,contrast,,,0.0012483216067260363,0.00397888554853391,0.31373649518167274,uniform,0.003821680012843361,0.3266421057050443,bartlett,stress - calm,0.7439385930972424,exploratory,two-sided,0.7537211800739227,0.8438259317830301,benjamini_hochberg,False
days_since_earn,1,2.0,filtered,soft,1758,0,20,calm,-0.004995456809036586,1084.0942705014277,-0.005093160644110947,0.0024010206882161926,-2.1212481296422503,uniform,0.002536264806338651,-2.008134415374169,bartlett,,,,,,,,
days_since_earn,1,2.0,filtered,soft,1758,0,20,stress,-0.003985781053778602,847.7031014771414,-0.003857366216236364,0.0028967273762751868,-1.3316290127365846,uniform,0.002597459649573608,-1.4850533739261662,bartlett,,,,,,,,
days_since_earn,1,2.0,filtered,soft,1758,0,20,contrast,,,0.0012357944278745831,0.003938956566589349,0.3137364951816742,uniform,0.003783328622643927,0.3266421057050458,bartlett,stress - calm,0.7439385930972411,robustness,two-sided,0.7537211800739216,,,
days_since_earn,1,2.0,window,hard,1758,0,20,calm,-0.00488220482887298,994.0,-0.00488220482887298,0.0022968270317113575,-2.125630167821243,uniform,0.00241238080445972,-2.023811837603477,bartlett,,,,,,,,
days_since_earn,1,2.0,window,hard,1758,0,20,stress,-0.004138921072264516,764.0,-0.004138921072264516,0.002728376488945269,-1.5169904479951493,uniform,0.002464623050421964,-1.6793322904108594,bartlett,,,,,,,,
days_since_earn,1,2.0,window,hard,1758,0,20,contrast,,,0.0007432837566084642,0.003566434168610059,0.2084109004872346,uniform,0.003421506752558327,0.21723872269218716,bartlett,stress - calm,0.8280223088225234,robustness,two-sided,0.8349081458362262,,,
days_since_earn,1,3.0,window,soft,1758,0,20,calm,-0.0074584439132864225,825.3530011964655,-0.008903775398682545,0.0029667250167744403,-3.0012135767011996,uniform,0.002841081305718496,-3.1339389621694833,bartlett,,,,,,,,
days_since_earn,1,3.0,window,soft,1758,0,20,middle,-0.002290917664003501,903.899853681094,-9.875063329501483e-05,0.004010987118845798,-0.024620032517938206,uniform,0.004139198671299088,-0.023857427762466386,bartlett,,,,,,,,
days_since_earn,1,3.0,window,soft,1758,0,20,stress,-0.003222820015048172,598.5119347641697,-0.0039028760970269815,0.004050993843892928,-0.9634366892239935,uniform,0.003659370362208201,-1.066543069084661,bartlett,,,,,,,,
days_since_earn,1,3.0,window,soft,1758,0,20,contrast,,,0.005000899301655563,0.004922292944502173,1.015969459363687,uniform,0.004566039298516604,1.0952379019778113,bartlett,stress - calm,0.2734124247595717,exploratory,two-sided,0.3096439301967868,0.5229754876531013,benjamini_hochberg,False
days_since_earn,1,3.0,filtered,soft,1758,0,20,calm,-0.007509988029619605,812.6239045810834,-0.008823665693234494,0.002932161832119325,-3.0092696782895074,uniform,0.0028095879125092167,-3.140555116267624,bartlett,,,,,,,,
days_since_earn,1,3.0,filtered,soft,1758,0,20,middle,-0.0022257942131722625,876.4316374031124,-0.000238175702476174,0.0039052781681030066,-0.06098815301340445,uniform,0.004032551254038932,-0.05906327966386576,bartlett,,,,,,,,
days_since_earn,1,3.0,filtered,soft,1758,0,20,stress,-0.0032367226874683115,585.1523881208476,-0.0038547325189432313,0.003987489758868169,-0.9667065627868545,uniform,0.003598871188179483,-1.0710948843082038,bartlett,,,,,,,,
days_since_earn,1,3.0,filtered,soft,1758,0,20,contrast,,,0.004968933174291262,0.004864974973889835,1.0213687019890887,uniform,0.004512499123331862,1.101148839807948,bartlett,stress - calm,0.27083188364445276,robustness,two-sided,0.3070797879029208,,,
days_since_earn,1,3.0,window,hard,1758,0,20,rest,-0.00532185258367696,1282.0,-0.005321852583676961,0.0020537866996547228,-2.5912391898202753,uniform,0.0021132828202127976,-2.5182869669763726,bartlett,,,,,,,,
days_since_earn,1,3.0,window,hard,1758,0,20,stress,-0.002505109846294065,476.0,-0.002505109846294065,0.003402056654004747,-0.7363515958339973,uniform,0.0029510616026157664,-0.8488842944090296,bartlett,,,,,,,,
days_since_earn,1,3.0,window,hard,1758,0,20,contrast,,,0.002816742737382896,0.003973918630865081,0.7088073508867292,uniform,0.0035882832080211388,0.7849833957047859,bartlett,stress - rest,0.4324633039498562,robustness,two-sided,0.47844403547421077,,,
days_since_earn,1,,none,stress_vol,1739,0,20,calm,-0.0057877865888206915,869.0,-0.0057877865888206915,0.0024598407951858027,-2.3529110502387267,uniform,0.002547221272760651,-2.2721962362335137,bartlett,,,,,,,,
days_since_earn,1,,none,stress_vol,1739,0,20,stress,-0.00344542110286828,870.0,-0.00344542110286828,0.0025472238265840425,-1.3526181197389182,uniform,0.002434396522385244,-1.4153080943002765,bartlett,,,,,,,,
days_since_earn,1,,none,stress_vol,1739,0,20,contrast,,,0.0023423654859524115,0.003541068477222344,0.6614855095346223,uniform,0.003522827093657672,0.6649107162169535,bartlett,stress - calm,0.5061076011602623,robustness,two-sided,0.5083010043819749,,,
var_ratio_60d,1,2.0,window,soft,1758,0,20,calm,0.0007686790987971388,1092.4106923778975,0.0003584255522975174,0.0023159330139659946,0.15476507745952459,uniform,0.0022868611300368167,0.15673253945758703,bartlett,,,,,,,,
var_ratio_60d,1,2.0,window,soft,1758,0,20,stress,0.004582813762634954,856.6251251567929,0.00512195117132559,0.0034544534689204052,1.4827095566368462,uniform,0.0032989756407862986,1.5525883574286687,bartlett,,,,,,,,
var_ratio_60d,1,2.0,window,soft,1758,0,20,contrast,,,0.004763525619028072,0.004387487867595571,1.085706847011426,uniform,0.004138944262451028,1.150903543747452,bartlett,stress - calm,0.24977191974526303,exploratory,two-sided,0.2776087104495992,0.5223819820288157,benjamini_hochberg,False
var_ratio_60d,1,2.0,filtered,soft,1758,0,20,calm,0.0007520651873716447,1084.0942705014277,0.00037923280271508073,0.0023040236115494713,0.16459588383299775,uniform,0.002275945340058433,0.16662649846649843,bartlett,,,,,,,,
var_ratio_60d,1,2.0,filtered,soft,1758,0,20,stress,0.004604931549027501,847.7031014771414,0.005094955406020644,0.0034332989660913636,1.4839824484673387,uniform,0.003279430945551633,1.5536096019742907,bartlett,,,,,,,,
var_ratio_60d,1,2.0,filtered,soft,1758,0,20,contrast,,,0.004715722603305564,0.004343458472502325,1.085706847011426,uniform,0.0040974090564972285,1.150903543747452,bartlett,stress - calm,0.24977191974526303,robustness,two-sided,0.2776087104495992,,,
var_ratio_60d,1,2.0,window,hard,1758,0,20,calm,0.0008892767550451566,994.0,0.0008892767550451566,0.002209900194395355,0.4024058449791074,uniform,0.002173866635647782,0.4090760401132725,bartlett,,,,,,,,
var_ratio_60d,1,2.0,window,hard,1758,0,20,stress,0.004404303803423212,764.0,0.004404303803423212,0.0031869081404674007,1.3819989812374274,uniform,0.0030999487405846413,1.4207666551907476,bartlett,,,,,,,,
var_ratio_60d,1,2.0,window,hard,1758,0,20,contrast,,,0.003515027048378055,0.003878149347944972,0.906367118182456,uniform,0.0037077116448439593,0.9480313964723075,bartlett,stress - calm,0.3431134710143593,robustness,two-sided,0.3647415709391195,,,
var_ratio_60d,1,3.0,window,soft,1758,0,20,calm,0.0016286502012449907,825.3530011964655,0.0022199583766348663,0.0028077110418418716,0.7906648310855248,uniform,0.002944181096998205,0.7540155661274595,bartlett,,,,,,,,
var_ratio_60d,1,3.0,window,soft,1758,0,20,middle,0.0004334409132633573,903.899853681094,-0.0018587059220135566,0.004234835001710674,-0.43890869922033016,uniform,0.004402961328264162,-0.4221490454803379,bartlett,,,,,,,,
var_ratio_60d,1,3.0,window,soft,1758,0,20,stress,0.006078054105151448,598.5119347641697,0.008126047371203135,0.005075785337124661,1.6009438602079242,uniform,0.004333812302867964,1.875034450805727,bartlett,,,,,,,,
var_ratio_60d,1,3.0,window,soft,1758,0,20,contrast,,,0.005906088994568268,0.005671735747373261,1.0413194932968346,uniform,0.005123221245131944,1.1528077184213352,bartlett,stress - calm,0.24898931564353233,exploratory,two-sided,0.2977272925874255,0.5229754876531013,benjamini_hochberg,False
var_ratio_60d,1,3.0,filtered,soft,1758,0,20,calm,0.0016411237822740675,812.6239045810834,0.0021828499522645174,0.0027725782016737714,0.7872996876866296,uniform,0.0029065023592010747,0.751022941837394,bartlett,,,,,,,,
var_ratio_60d,1,3.0,filtered,soft,1758,0,20,middle,0.0003623586305589031,876.4316374031124,-0.0017051137857712782,0.004120011262455148,-0.4138614380280085,uniform,0.004287276580326545,-0.39771490218188965,bartlett,,,,,,,,
var_ratio_60d,1,3.0,filtered,soft,1758,0,20,stress,0.006157754592026992,585.1523881208476,0.007999684096804878,0.004997986040784311,1.6005815205417269,uniform,0.0042673026589075585,1.874646524100266,bartlett,,,,,,,,
var_ratio_60d,1,3.0,filtered,soft,1758,0,20,contrast,,,0.0058168341445403605,0.005602897732519534,1.0381831727499018,uniform,0.005063675485876441,1.148737544648077,bartlett,stress - calm,0.25066421946083484,robustness,two-sided,0.2991847852074925,,,
var_ratio_60d,1,3.0,window,hard,1758,0,20,rest,0.0013457676601370673,1282.0,0.0013457676601370675,0.0019934977873638177,0.6750785823126986,uniform,0.0021109960711467703,0.6375036308835939,bartlett,,,,,,,,
var_ratio_60d,1,3.0,window,hard,1758,0,20,stress,0.005301586260576658,476.0,0.005301586260576658,0.004316681057046759,1.2281626069922613,uniform,0.003957064358966505,1.3397776178604566,bartlett,,,,,,,,
var_ratio_60d,1,3.0,window,hard,1758,0,20,contrast,,,0.00395581860043959,0.004754762746603742,0.8319697135814345,uniform,0.004537362679819476,0.8718321367682639,bartlett,stress - rest,0.3832999599756268,robustness,two-sided,0.40542603989380455,,,
var_ratio_60d,1,,none,stress_vol,1739,0,20,calm,0.00044974523166363764,869.0,0.00044974523166363764,0.002380145396908407,0.1889570411319476,uniform,0.002333711415351137,0.19271672954300034,bartlett,,,,,,,,
var_ratio_60d,1,,none,stress_vol,1739,0,20,stress,0.004119473164801838,870.0,0.004119473164801838,0.002910846568484351,1.4152148070610286,uniform,0.002803587122020344,1.469357999416558,bartlett,,,,,,,,
var_ratio_60d,1,,none,stress_vol,1739,0,20,contrast,,,0.0036697279331382006,0.0037600691291093838,0.9759735279142111,uniform,0.0035305194542595525,1.0394300274172668,bartlett,stress - calm,0.2986047849953162,robustness,two-sided,0.3290775828458874,,,
ret_vol_corr_60d,1,2.0,window,soft,1758,0,20,calm,-0.002269542538097837,1092.4106923778975,-0.0017957316966308806,0.0025753955330854567,-0.6972644293125342,uniform,0.0025316727096335086,-0.7093064161879106,bartlett,,,,,,,,
ret_vol_corr_60d,1,2.0,window,soft,1758,0,20,stress,-0.00667457052618119,856.6251251567929,-0.007297232173978209,0.0038922286231786412,-1.8748210550948639,uniform,0.003798794002467864,-1.9209338988209432,bartlett,,,,,,,,
ret_vol_corr_60d,1,2.0,window,soft,1758,0,20,contrast,,,-0.005501500477347329,0.004885452226748311,-1.126098510845341,uniform,0.004864902321419785,-1.130855280099798,bartlett,stress - calm,0.25811600830100906,exploratory,two-sided,0.26012382429888914,0.5223819820288157,benjamini_hochberg,False
ret_vol_corr_60d,1,2.0,filtered,soft,1758,0,20,calm,-0.0022503547664874854,1084.0942705014277,-0.0018197624476458932,0.0025624333017014796,-0.7101696838070103,uniform,0.002518228908556521,-0.7226358340429833,bartlett,,,,,,,,
ret_vol_corr_60d,1,2.0,filtered,soft,1758,0,20,stress,-0.00670011484400967,847.7031014771414,-0.007266054171047319,0.0038686795925544247,-1.8781741928257398,uniform,0.0037751834557400526,-1.9246890267013388,bartlett,,,,,,,,
ret_vol_corr_60d,1,2.0,filtered,soft,1758,0,20,contrast,,,-0.005446291723401425,0.0048364256509965346,-1.126098510845345,uniform,0.004816081968437879,-1.1308552800998024,bartlett,stress - calm,0.2581160083010072,robustness,two-sided,0.26012382429888736,,,
ret_vol_corr_60d,1,2.0,window,hard,1758,0,20,calm,-0.0018680545457043468,994.0,-0.0018680545457043468,0.0024808059418956157,-0.7530030923244816,uniform,0.0024072738152629376,-0.7760041811032228,bartlett,,,,,,,,
ret_vol_corr_60d,1,2.0,window,hard,1758,0,20,stress,-0.007171971239830272,764.0,-0.007171971239830273,0.0036294864143779975,-1.9760292286586139,uniform,0.003541778138598773,-2.0249634390333964,bartlett,,,,,,,,
ret_vol_corr_60d,1,2.0,window,hard,1758,0,20,contrast,,,-0.005303916694125926,0.004396313200114278,-1.2064465047640498,uniform,0.004355810714656625,-1.2176646419182249,bartlett,stress - calm,0.22335143875371483,robustness,two-sided,0.22764537395073375,,,
ret_vol_corr_60d,1,3.0,window,soft,1758,0,20,calm,-0.0027310423555315243,825.3530011964655,-0.0027662249263714143,0.0031759944317990827,-0.8709791486644549,uniform,0.002989266471338769,-0.9253858606765613,bartlett,,,,,,,,
ret_vol_corr_60d,1,3.0,window,soft,1758,0,20,middle,-0.0033092514323476503,903.899853681094,-0.0021869184463056373,0.00496306078518216,-0.44063906145073956,uniform,0.004077311178629622,-0.5363628995912589,bartlett,,,,,,,,
ret_vol_corr_60d,1,3.0,window,soft,1758,0,20,stress,-0.00736432313322241,598.5119347641697,-0.00873674259909002,0.005294698114700744,-1.650092679473534,uniform,0.005102430890329803,-1.7122706386181563,bartlett,,,,,,,,
ret_vol_corr_60d,1,3.0,window,soft,1758,0,20,contrast,,,-0.005970517672718605,0.006054972754691344,-0.9860519468221712,uniform,0.005885227791908557,-1.0144921970441503,bartlett,stress - calm,0.3103479508569686,exploratory,two-sided,0.32410762236430746,0.5300825599416243,benjamini_hochberg,False
ret_vol_corr_60d,1,3.0,filtered,soft,1758,0,20,calm,-0.0027256977028927145,812.6239045810834,-0.002760954291396698,0.003136090524745242,-0.8803809295718535,uniform,0.002955390285841729,-0.9342097064551819,bartlett,,,,,,,,
ret_vol_corr_60d,1,3.0,filtered,soft,1758,0,20,middle,-0.003273620190155407,876.4316374031124,-0.0022642825425518453,0.004832794529989396,-0.46852447967756117,uniform,0.003974644189497111,-0.5696818217175641,bartlett,,,,,,,,
ret_vol_corr_60d,1,3.0,filtered,soft,1758,0,20,stress,-0.007421364488500202,585.1523881208476,-0.008653850493258928,0.005214103600854012,-1.6597005268252676,uniform,0.005031264019038923,-1.7200151811774718,bartlett,,,,,,,,
ret_vol_corr_60d,1,3.0,filtered,soft,1758,0,20,contrast,,,-0.00589289620186223,0.005982776882335475,-0.9849767620887512,uniform,0.005815778591145727,-1.0132600664739733,bartlett,stress - calm,0.310935956394022,robustness,two-sided,0.32463548555700383,,,
ret_vol_corr_60d,1,3.0,window,hard,1758,0,20,rest,-0.0031682157073133275,1282.0,-0.0031682157073133275,0.0023311679355029666,-1.359067984361994,uniform,0.0020930561524022764,-1.5136792692718977,bartlett,,,,,,,,
ret_vol_corr_60d,1,3.0,window,hard,1758,0,20,stress,-0.0068793691363125175,476.0,-0.006879369136312517,0.004624615026980377,-1.4875549848317584,uniform,0.004557036891081497,-1.5096145369759937,bartlett,,,,,,,,
ret_vol_corr_60d,1,3.0,window,hard,1758,0,20,contrast,,,-0.003711153428999189,0.005178938896269184,-0.7165856758172293,uniform,0.004880251354785072,-0.7604430918010839,bartlett,stress - rest,0.4469897736487877,robustness,two-sided,0.47362978553490626,,,
ret_vol_corr_60d,1,,none,stress_vol,1739,0,20,calm,-0.0022095623671940074,869.0,-0.0022095623671940074,0.0026621025835217842,-0.8300064696496045,uniform,0.0025189772363165305,-0.8771664687311836,bartlett,,,,,,,,
ret_vol_corr_60d,1,,none,stress_vol,1739,0,20,stress,-0.0058902418006056435,870.0,-0.0058902418006056435,0.003317499878240953,-1.7755062597707894,uniform,0.003232205166405734,-1.822360121760368,bartlett,,,,,,,,
ret_vol_corr_60d,1,,none,stress_vol,1739,0,20,contrast,,,-0.003680679433411636,0.004253539186056959,-0.8653216233382429,uniform,0.004104831604897962,-0.8966700190623607,bartlett,stress - calm,0.3698950231888254,robustness,two-sided,0.38686228574077286,,,
ret_20d_ind_rel,1,2.0,window,soft,1758,0,20,calm,-0.006881868470066538,1092.4106923778975,-0.006327644550020244,0.0028488617370003287,-2.2211132494913053,uniform,0.0028553541879800474,-2.2160629237021507,bartlett,,,,,,,,
ret_20d_ind_rel,1,2.0,window,soft,1758,0,20,stress,-0.012034498308401474,856.6251251567929,-0.012762835334705293,0.0043668204707427655,-2.9226837742048106,uniform,0.004594044191704415,-2.778126374524537,bartlett,,,,,,,,
ret_20d_ind_rel,1,2.0,window,soft,1758,0,20,contrast,,,-0.006435190784685049,0.00546349583634634,-1.177852235536528,uniform,0.0056023724056725325,-1.1486545910745363,bartlett,stress - calm,0.25069843700211997,exploratory,two-sided,0.2388555199035407,0.5223819820288157,benjamini_hochberg,False
ret_20d_ind_rel,1,2.0,filtered,soft,1758,0,20,calm,-0.006859424234797634,1084.0942705014277,-0.006355753693719794,0.002834438454552458,-2.242332580378194,uniform,0.002841324399933277,-2.236898290765055,bartlett,,,,,,,,
ret_20d_ind_rel,1,2.0,filtered,soft,1758,0,20,stress,-0.01206437789477385,847.7031014771414,-0.01272636593913362,0.004340373519586178,-2.932090033658436,uniform,0.004566724669122305,-2.786760065738657,bartlett,,,,,,,,
ret_20d_ind_rel,1,2.0,filtered,soft,1758,0,20,contrast,,,-0.006370612245413826,0.00540866846723942,-1.1778522355365184,uniform,0.005546151379984767,-1.148654591074527,bartlett,stress - calm,0.25069843700212385,robustness,two-sided,0.23885551990354456,,,
ret_20d_ind_rel,1,2.0,window,hard,1758,0,20,calm,-0.007023043720561447,994.0,-0.007023043720561448,0.0027442670082268245,-2.559169242463511,uniform,0.002737845259672303,-2.5651718977726476,bartlett,,,,,,,,
ret_20d_ind_rel,1,2.0,window,hard,1758,0,20,stress,-0.011821633476076336,764.0,-0.011821633476076336,0.004063139564226313,-2.90948250465213,uniform,0.004428775702437841,-2.669277983432094,bartlett,,,,,,,,
ret_20d_ind_rel,1,2.0,window,hard,1758,0,20,contrast,,,-0.004798589755514888,0.004903070928593976,-0.9786906666045214,uniform,0.0052251350417882375,-0.9183666483522368,bartlett,stress - calm,0.3584269452953765,robustness,two-sided,0.3277328451210381,,,
ret_20d_ind_rel,1,3.0,window,soft,1758,0,20,calm,-0.006631317833076061,825.3530011964655,-0.007082550590620235,0.003482179606682331,-2.033941780897448,uniform,0.003529415105531479,-2.0067207678462364,bartlett,,,,,,,,
ret_20d_ind_rel,1,3.0,window,soft,1758,0,20,middle,-0.006592211946375238,903.899853681094,-0.0035175118030050705,0.00546964400835533,-0.6430970274540322,uniform,0.005639463564654622,-0.6237316302655276,bartlett,,,,,,,,
ret_20d_ind_rel,1,3.0,window,soft,1758,0,20,stress,-0.015899896029788002,598.5119347641697,-0.019144034424750496,0.006194110458981187,-3.0906834082999746,uniform,0.005731814568313399,-3.339960530227634,bartlett,,,,,,,,
ret_20d_ind_rel,1,3.0,window,soft,1758,0,20,contrast,,,-0.012061483834130261,0.00695458599801419,-1.7343208981202178,uniform,0.006624770266298855,-1.8206644682440898,bartlett,stress - calm,0.06865787648572357,exploratory,two-sided,0.08286116149815788,0.33722565725994486,benjamini_hochberg,False
ret_20d_ind_rel,1,3.0,filtered,soft,1758,0,20,calm,-0.006632653233587935,812.6239045810834,-0.0070501152239069,0.0034385220057562486,-2.050333024510145,uniform,0.0034852027854994625,-2.022870879490747,bartlett,,,,,,,,
ret_20d_ind_rel,1,3.0,filtered,soft,1758,0,20,middle,-0.006495750796814903,876.4316374031124,-0.003726443647345516,0.00532358738964228,-0.6999873158080938,uniform,0.005496302286650243,-0.6779910297867953,bartlett,,,,,,,,
ret_20d_ind_rel,1,3.0,filtered,soft,1758,0,20,stress,-0.0160310287951791,585.1523881208476,-0.018946271044128604,0.006098819317896201,-3.1065473588524273,uniform,0.005648094185622077,-3.3544538071547536,bartlett,,,,,,,,
ret_20d_ind_rel,1,3.0,filtered,soft,1758,0,20,contrast,,,-0.011896155820221705,0.006870363811048675,-1.7315175946127817,uniform,0.006547054961888531,-1.8170239732935127,bartlett,stress - calm,0.06921344264416128,robustness,two-sided,0.08335948953605385,,,
ret_20d_ind_rel,1,3.0,window,hard,1758,0,20,rest,-0.006969068309009652,1282.0,-0.006969068309009652,0.0025582066726749252,-2.7242006611305642,uniform,0.002646206602826861,-2.633607028855877,bartlett,,,,,,,,
ret_20d_ind_rel,1,3.0,window,hard,1758,0,20,stress,-0.01487035265086139,476.0,-0.01487035265086139,0.005277064190787652,-2.8179215020391575,uniform,0.00504825787287186,-2.945640461587974,bartlett,,,,,,,,
ret_20d_ind_rel,1,3.0,window,hard,1758,0,20,contrast,,,-0.00790128434185174,0.005864454608385323,-1.3473178444512204,uniform,0.005551670533700505,-1.4232264493882139,bartlett,stress - rest,0.15467052055127495,robustness,two-sided,0.17787788740270274,,,
ret_20d_ind_rel,1,,none,stress_vol,1739,0,20,calm,-0.006246487913802803,869.0,-0.006246487913802803,0.002917635913481962,-2.140941535898537,uniform,0.002831674226455363,-2.2059345158577934,bartlett,,,,,,,,
ret_20d_ind_rel,1,,none,stress_vol,1739,0,20,stress,-0.011548947792059871,870.0,-0.011548947792059871,0.003723419553075455,-3.101704663531865,uniform,0.004028985716031101,-2.8664653106381777,bartlett,,,,,,,,
ret_20d_ind_rel,1,,none,stress_vol,1739,0,20,contrast,,,-0.0053024598782570685,0.004730375512775317,-1.1209384675564813,uniform,0.004851558477657704,-1.092939496179598,bartlett,stress - calm,0.274420365522912,robustness,two-sided,0.26231405528052154,,,
ind_mom_12_1,1,2.0,window,soft,1758,0,20,calm,0.00736892312195313,1092.4106923778975,0.007338525403967211,0.006166675392945335,1.190029462611648,uniform,0.006434068988261892,1.1405730055669872,bartlett,,,,,,,,
ind_mom_12_1,1,2.0,window,soft,1758,0,20,stress,0.007651531257485276,856.6251251567929,0.007691478619415168,0.00843562253518434,0.9117855365546047,uniform,0.007526959740087121,1.021857281692614,bartlett,,,,,,,,
ind_mom_12_1,1,2.0,window,soft,1758,0,20,contrast,,,0.0003529532154479577,0.010968377692321124,0.03217916316786369,uniform,0.01026259705163191,0.03439219270446097,bartlett,stress - calm,0.9725644091098273,exploratory,two-sided,0.9743291729559085,0.9913232864376976,benjamini_hochberg,False
ind_mom_12_1,1,2.0,filtered,soft,1758,0,20,calm,0.007367692114936948,1084.0942705014277,0.0073400671162464955,0.006135911013947811,1.1962473216383784,uniform,0.006403581400247572,1.146244055859541,bartlett,,,,,,,,
ind_mom_12_1,1,2.0,filtered,soft,1758,0,20,stress,0.0076531700738683645,847.7031014771414,0.007689478369404978,0.008384153813975906,0.9171442390032322,uniform,0.007481655142524683,1.0277777073282965,bartlett,,,,,,,,
ind_mom_12_1,1,2.0,filtered,soft,1758,0,20,contrast,,,0.0003494112531584829,0.010858307636398255,0.03217916316786029,uniform,0.010159609657955832,0.034392192704457335,bartlett,stress - calm,0.9725644091098302,robustness,two-sided,0.9743291729559111,,,
ind_mom_12_1,1,2.0,window,hard,1758,0,20,calm,0.006148743424053259,994.0,0.006148743424053259,0.005914636944342477,1.0395808706288747,uniform,0.006079460492331438,1.011396230275567,bartlett,,,,,,,,
ind_mom_12_1,1,2.0,window,hard,1758,0,20,stress,0.009237441590458306,764.0,0.009237441590458306,0.00784980935443315,1.1767727308232645,uniform,0.007129192503138364,1.295720600389436,bartlett,,,,,,,,
ind_mom_12_1,1,2.0,window,hard,1758,0,20,contrast,,,0.0030886981664050477,0.009828653879566983,0.31425444463216007,uniform,0.009213760274336881,0.3352266690732132,bartlett,stress - calm,0.7374541057545685,robustness,two-sided,0.753327794706034,,,
ind_mom_12_1,1,3.0,window,soft,1758,0,20,calm,0.006371698515790096,825.3530011964655,0.003892863131319031,0.007492117819336066,0.519594489193979,uniform,0.007538837512813145,0.5163744575609502,bartlett,,,,,,,,
ind_mom_12_1,1,3.0,window,soft,1758,0,20,middle,0.01344101593378365,903.899853681094,0.019923747819045823,0.010859122362732869,1.83474751950688,uniform,0.010005342943506062,1.991310835774727,bartlett,,,,,,,,
ind_mom_12_1,1,3.0,window,soft,1758,0,20,stress,0.001570905654192224,598.5119347641697,-0.0030492763358156106,0.012013006859623226,-0.2538312323840001,uniform,0.009952164883267884,-0.3063932693621484,bartlett,,,,,,,,
ind_mom_12_1,1,3.0,window,soft,1758,0,20,contrast,,,-0.006942139467134642,0.013877112506338241,-0.5002582103419486,uniform,0.012384577283766159,-0.5605471473164025,bartlett,stress - calm,0.5751062903101999,exploratory,two-sided,0.6168932753732168,0.771116594216521,benjamini_hochberg,False
ind_mom_12_1,1,3.0,filtered,soft,1758,0,20,calm,0.006300107832331885,812.6239045810834,0.004038715015285539,0.007403011328042179,0.5455502951869222,uniform,0.0074568537362902825,0.5416111349523082,bartlett,,,,,,,,
ind_mom_12_1,1,3.0,filtered,soft,1758,0,20,middle,0.01363943332197124,876.4316374031124,0.019496198173659992,0.010570691433656543,1.8443635684592108,uniform,0.0097564026240132,1.9982978281025905,bartlett,,,,,,,,
ind_mom_12_1,1,3.0,filtered,soft,1758,0,20,stress,0.0014026203536075213,585.1523881208476,-0.0027585384007070782,0.011827354665742315,-0.23323376009828528,uniform,0.00980697770498359,-0.2812832336006309,bartlett,,,,,,,,
ind_mom_12_1,1,3.0,filtered,soft,1758,0,20,contrast,,,-0.006797253415992618,0.013711153454330719,-0.49574628703799384,uniform,0.012242684918483777,-0.5552093728827613,bartlett,stress - calm,0.5787514586439721,robustness,two-sided,0.6200734255003182,,,
ind_mom_12_1,1,3.0,window,hard,1758,0,20,rest,0.010361380841148753,1282.0,0.010361380841148755,0.005315359234955884,1.9493284241276216,uniform,0.005301346757380815,1.9544808735106967,bartlett,,,,,,,,
ind_mom_12_1,1,3.0,window,hard,1758,0,20,stress,-0.00023956701624706705,476.0,-0.00023956701624706705,0.010305256947457228,-0.023247068701783224,uniform,0.0091008416486919,-0.026323611100463544,bartlett,,,,,,,,
ind_mom_12_1,1,3.0,window,hard,1758,0,20,contrast,,,-0.010600947857395822,0.011595316492004272,-0.9142439419144677,uniform,0.010299215058027882,-1.0292966791806868,bartlett,stress - rest,0.3033402833184498,robustness,two-sided,0.36058867931585487,,,
ind_mom_12_1,1,,none,stress_vol,1739,0,20,calm,0.006693064569354661,869.0,0.006693064569354661,0.006307930253102569,1.0610555762030918,uniform,0.006396544073452635,1.0463563593867296,bartlett,,,,,,,,
ind_mom_12_1,1,,none,stress_vol,1739,0,20,stress,0.009800321737191385,870.0,0.009800321737191385,0.007239943126961624,1.3536462324814245,uniform,0.006878894640617216,1.424694264006352,bartlett,,,,,,,,
ind_mom_12_1,1,,none,stress_vol,1739,0,20,contrast,,,0.003107257167836724,0.009602435136966325,0.3235905396408012,uniform,0.00931160831843358,0.33369715108028014,bartlett,stress - calm,0.7386080995882118,robustness,two-sided,0.746248051204148,,,
ret_5d,2,2.0,window,soft,1757,1,20,calm,-0.014827708548895278,1095.550988337226,-0.01299178810048273,0.005849066135002601,-2.2211730557696887,uniform,0.005375809693347652,-2.416712800782279,bartlett,,,,,,,,
ret_5d,2,2.0,window,soft,1757,1,20,stress,-0.031055496706743305,861.0511198024525,-0.03346567470800155,0.008589555669652277,-3.896089157002496,uniform,0.007553603249826545,-4.430425268731188,bartlett,,,,,,,,
ret_5d,2,2.0,window,soft,1757,1,20,contrast,,,-0.020473886607518817,0.010908529092186448,-1.8768695975870693,uniform,0.00969593749240569,-2.1115943273721514,bartlett,stress - calm,0.034721259534509226,exploratory,two-sided,0.060535968659060045,0.3171162786584836,benjamini_hochberg,False
ret_5d,2,2.0,filtered,soft,1757,1,20,calm,-0.014721392594823919,1083.1007793783153,-0.013125485376739455,0.0058049960422141625,-2.2610670672797024,uniform,0.0053360383871821244,-2.459780913171206,bartlett,,,,,,,,
ret_5d,2,2.0,filtered,soft,1757,1,20,stress,-0.031196745897162766,847.6924114679302,-0.03329221304347085,0.008511497691565577,-3.9114400602448134,uniform,0.007485226451496935,-4.447722892446748,bartlett,,,,,,,,
ret_5d,2,2.0,filtered,soft,1757,1,20,contrast,,,-0.020166727666731398,0.010744874173814768,-1.8768695975870675,uniform,0.009550474447347385,-2.111594327372149,bartlett,stress - calm,0.03472125953450943,robustness,two-sided,0.06053596865906026,,,
ret_5d,2,2.0,window,hard,1757,1,20,calm,-0.013735309874591244,993.0,-0.013735309874591244,0.005565777007068265,-2.4678153395560174,uniform,0.005072324106187891,-2.7078927897835032,bartlett,,,,,,,,
ret_5d,2,2.0,window,hard,1757,1,20,stress,-0.032383750667912235,764.0,-0.03238375066791224,0.00798946002104601,-4.0533090575090505,uniform,0.0070422713796888855,-4.598480933482983,bartlett,,,,,,,,
ret_5d,2,2.0,window,hard,1757,1,20,contrast,,,-0.018648440793320998,0.009707757233270907,-1.9209834305917888,uniform,0.00860465933581536,-2.167249168796281,bartlett,stress - calm,0.03021586009092383,robustness,two-sided,0.054733796440172115,,,
ret_5d,2,3.0,window,soft,1757,1,20,calm,-0.01810457246444308,830.6782111519385,-0.01977905844870728,0.0070788800641241835,-2.79409430157571,uniform,0.006480471065630551,-3.0521019611685856,bartlett,,,,,,,,
ret_5d,2,3.0,window,soft,1757,1,20,middle,-0.0157175102770442,917.4087947294468,-0.008008088898942018,0.011225477242438699,-0.7133851618055828,uniform,0.009523064486257261,-0.840915118289758,bartlett,,,,,,,,
ret_5d,2,3.0,window,soft,1757,1,20,stress,-0.035030507031183725,605.144791728466,-0.042365953582544386,0.011868314532133899,-3.569668925426353,uniform,0.009383203833029222,-4.515084009303377,bartlett,,,,,,,,
ret_5d,2,3.0,window,soft,1757,1,20,contrast,,,-0.022586895133837107,0.01353472481812544,-1.668810813470635,uniform,0.011271872463727187,-2.0038281311753297,bartlett,stress - calm,0.04508847429599955,exploratory,two-sided,0.09515487900733405,0.3551917978509481,benjamini_hochberg,False
ret_5d,2,3.0,filtered,soft,1757,1,20,calm,-0.01814382271159473,811.6489343120405,-0.019621193375906638,0.006946279703665162,-2.8247053405513793,uniform,0.006360638322868318,-3.084783693070996,bartlett,,,,,,,,
ret_5d,2,3.0,filtered,soft,1757,1,20,middle,-0.015378040413949112,876.3679842226819,-0.008754489941280004,0.01078615617837048,-0.8116413110015426,uniform,0.009168213978571912,-0.9548740858078935,bartlett,,,,,,,,
ret_5d,2,3.0,filtered,soft,1757,1,20,stress,-0.035440590605619174,585.1519272897989,-0.04171965927053672,0.011595935849842849,-3.597782862096647,uniform,0.009186424054668348,-4.541447142246352,bartlett,,,,,,,,
ret_5d,2,3.0,filtered,soft,1757,1,20,contrast,,,-0.02209846589463008,0.013292642136626216,-1.6624584990323719,uniform,0.011080449349547229,-1.994365498862469,bartlett,stress - calm,0.0461121260554277,robustness,two-sided,0.09642087790310826,,,
ret_5d,2,3.0,window,hard,1757,1,20,rest,-0.01727353503181714,1281.0,-0.01727353503181714,0.0052555699362901356,-3.286710145847738,uniform,0.004698779407645074,-3.676174924005266,bartlett,,,,,,,,
ret_5d,2,3.0,window,hard,1757,1,20,stress,-0.034144852605034325,476.0,-0.034144852605034325,0.009891626309593024,-3.45189471744603,uniform,0.007985047378538246,-4.276098936721016,bartlett,,,,,,,,
ret_5d,2,3.0,window,hard,1757,1,20,contrast,,,-0.016871317573217186,0.011134336427725076,-1.515251284414824,uniform,0.008880497386420041,-1.8998167376319055,bartlett,stress - rest,0.05745717363861056,robustness,two-sided,0.12970878008697856,,,
ret_5d,2,,none,stress_vol,1738,1,20,calm,-0.015633456265704955,868.0,-0.015633456265704955,0.006015878424546955,-2.598698837050099,uniform,0.0051789777873333,-3.0186374430763405,bartlett,,,,,,,,
ret_5d,2,,none,stress_vol,1738,1,20,stress,-0.027536253800756687,870.0,-0.027536253800756687,0.007201142113951819,-3.823873125265324,uniform,0.006659271394475875,-4.135025015439239,bartlett,,,,,,,,
ret_5d,2,,none,stress_vol,1738,1,20,contrast,,,-0.011902797535051732,0.009278442147949614,-1.2828443983650917,uniform,0.008243645976267838,-1.4438753883073117,bartlett,stress - calm,0.148774030859435,robustness,two-sided,0.1995465958304006,,,
ret_20d,2,2.0,window,soft,1757,1,20,calm,-0.0022122088898806455,1095.550988337226,0.00042891312997263937,0.006150983062955401,0.06973082604564299,uniform,0.005409238946873974,0.07929269425609502,bartlett,,,,,,,,
ret_20d,2,2.0,window,soft,1757,1,20,stress,-0.0255572120321824,861.0511198024525,-0.029024450602564436,0.009990943013776133,-2.905076183753998,uniform,0.00898057181286319,-3.231915651628295,bartlett,,,,,,,,
ret_20d,2,2.0,window,soft,1757,1,20,contrast,,,-0.029453363732537076,0.012241226918965075,-2.4060793846493933,uniform,0.010949003914767268,-2.690049611984556,bartlett,stress - calm,0.007144139723792274,exploratory,two-sided,0.01612476038116652,0.18773709301936406,benjamini_hochberg,False
ret_20d,2,2.0,filtered,soft,1757,1,20,calm,-0.0020592646772910955,1083.1007793783153,0.00023657864150317684,0.006104688630981048,0.0387535967522651,uniform,0.005368214761859416,0.04407026395144293,bartlett,,,,,,,,
ret_20d,2,2.0,filtered,soft,1757,1,20,stress,-0.02576041056805887,847.6924114679302,-0.028774911782846687,0.009901261863700248,-2.9061863203861447,uniform,0.00889989917992823,-3.233172781073991,bartlett,,,,,,,,
ret_20d,2,2.0,filtered,soft,1757,1,20,contrast,,,-0.029011490424349865,0.012057578236795142,-2.4060793846493844,uniform,0.010784741773943361,-2.6900496119845463,bartlett,stress - calm,0.007144139723792487,robustness,two-sided,0.016124760381166923,,,
ret_20d,2,2.0,window,hard,1757,1,20,calm,-0.0019456793354231015,993.0,-0.0019456793354231015,0.0058495574157412114,-0.3326199226948796,uniform,0.00512358999231607,-0.37974922629271035,bartlett,,,,,,,,
ret_20d,2,2.0,window,hard,1757,1,20,stress,-0.025771887723512035,764.0,-0.025771887723512035,0.009364104985014774,-2.752199784683573,uniform,0.008549196449131493,-3.0145391881982295,bartlett,,,,,,,,
ret_20d,2,2.0,window,hard,1757,1,20,contrast,,,-0.023826208388088934,0.010970438884933683,-2.1718555326725166,uniform,0.009998636435211565,-2.382945768903216,bartlett,stress - calm,0.01717472423943977,robustness,two-sided,0.029866561435955532,,,
ret_20d,2,3.0,window,soft,1757,1,20,calm,-0.0009646629210350216,830.6782111519385,-0.0005287412685748235,0.007559647121728284,-0.06994258595154411,uniform,0.006898200837612431,-0.07664915548585689,bartlett,,,,,,,,
ret_20d,2,3.0,window,soft,1757,1,20,middle,-0.007401650621944151,917.4087947294468,-0.00021069275913756028,0.012945528193220805,-0.016275331218072193,uniform,0.011345072342681879,-0.018571301510780343,bartlett,,,,,,,,
ret_20d,2,3.0,window,soft,1757,1,20,stress,-0.034973580936146546,605.144791728466,-0.044714343965923886,0.013639423193732802,-3.278316343059855,uniform,0.010878073114390088,-4.110502245730762,bartlett,,,,,,,,
ret_20d,2,3.0,window,soft,1757,1,20,contrast,,,-0.044185602697349065,0.015230128719839609,-2.9011969307777714,uniform,0.012642614279286103,-3.4949735649013345,bartlett,stress - calm,0.0004741087103281939,exploratory,two-sided,0.0037174017678355802,0.0722828121523585,benjamini_hochberg,True
ret_20d,2,3.0,filtered,soft,1757,1,20,calm,-0.0008730606293918942,811.6489343120405,-0.0005266215642748024,0.007410462923752779,-0.07106459740683956,uniform,0.006763028102331928,-0.07786771787821205,bartlett,,,,,,,,
ret_20d,2,3.0,filtered,soft,1757,1,20,middle,-0.007076304751661004,876.3679842226819,-0.0009302286925051695,0.01243739525361148,-0.0747928865760744,uniform,0.010913492057293306,-0.08523657575610852,bartlett,,,,,,,,
ret_20d,2,3.0,filtered,soft,1757,1,20,stress,-0.03555644516653207,585.1519272897989,-0.04387614659214563,0.013325312146868603,-3.2926918415533217,uniform,0.010637236415276223,-4.124769336623443,bartlett,,,,,,,,
ret_20d,2,3.0,filtered,soft,1757,1,20,contrast,,,-0.043349525027870824,0.01495508117526641,-2.8986485944031393,uniform,0.012422653866926228,-3.489554284635069,bartlett,stress - calm,0.00048382677976302924,robustness,two-sided,0.003747746734505205,,,
ret_20d,2,3.0,window,hard,1757,1,20,rest,-0.004045425090632308,1281.0,-0.004045425090632308,0.00580906057986061,-0.6963991914040909,uniform,0.005160756245755509,-0.7838822253927396,bartlett,,,,,,,,
ret_20d,2,3.0,window,hard,1757,1,20,stress,-0.03453695852886206,476.0,-0.03453695852886206,0.011414161075628837,-3.025799119184002,uniform,0.00972393549755669,-3.5517469791464658,bartlett,,,,,,,,
ret_20d,2,3.0,window,hard,1757,1,20,contrast,,,-0.03049153343822975,0.012748703322425255,-2.3917360587248475,uniform,0.01090029503983714,-2.7973126715187813,bartlett,stress - rest,0.0051529639057378085,robustness,two-sided,0.016768896647230767,,,
ret_20d,2,,none,stress_vol,1738,1,20,calm,-0.0012929585774044483,868.0,-0.0012929585774044483,0.006194116839093969,-0.20873977856600667,uniform,0.005293390529428672,-0.24425905668894607,bartlett,,,,,,,,
ret_20d,2,,none,stress_vol,1738,1,20,stress,-0.022125073927381764,870.0,-0.022125073927381764,0.008575534127922547,-2.5800228414159014,uniform,0.007727798194652003,-2.863050169023998,bartlett,,,,,,,,
ret_20d,2,,none,stress_vol,1738,1,20,contrast,,,-0.020832115349977316,0.010503469840412795,-1.983355564065541,uniform,0.00924756750714563,-2.2527129792651164,bartlett,stress - calm,0.024277252044831995,robustness,two-sided,0.04732772692433094,,,
mom_12_1,2,2.0,window,soft,1757,1,20,calm,0.02126442545636293,1095.550988337226,0.022669464057826497,0.007756634708069214,2.922590132321623,uniform,0.007725394846852413,2.934408468074975,bartlett,,,,,,,,
mom_12_1,2,2.0,window,soft,1757,1,20,stress,0.008845222435957027,861.0511198024525,0.00700070181356614,0.012369002226923144,0.5659875942400572,uniform,0.013295089583682704,0.5265629666879584,bartlett,,,,,,,,
mom_12_1,2,2.0,window,soft,1757,1,20,contrast,,,-0.015668762244260358,0.015304896458662917,-1.0237744689472554,uniform,0.016144759125724703,-0.9705169412713069,bartlett,stress - calm,0.33178888461135175,exploratory,two-sided,0.3059418120815211,0.5229754876531013,benjamini_hochberg,False
mom_12_1,2,2.0,filtered,soft,1757,1,20,calm,0.0213457895587949,1083.1007793783153,0.02256714490003637,0.007697527152483116,2.931739564277668,uniform,0.007665198786551958,2.944104325073579,bartlett,,,,,,,,
mom_12_1,2,2.0,filtered,soft,1757,1,20,stress,0.008737123762544298,847.6924114679302,0.007133452845753024,0.012257161611284853,0.5819824419370825,uniform,0.013174894807143631,0.5414428691973431,bartlett,,,,,,,,
mom_12_1,2,2.0,filtered,soft,1757,1,20,contrast,,,-0.015433692054283344,0.015075285155483321,-1.023774468947253,uniform,0.01590254780515872,-0.9705169412713048,bartlett,stress - calm,0.3317888846113528,robustness,two-sided,0.3059418120815222,,,
mom_12_1,2,2.0,window,hard,1757,1,20,calm,0.02069518033207842,993.0,0.02069518033207842,0.007413178622327612,2.7916743122507532,uniform,0.0071978807265939875,2.875176891389156,bartlett,,,,,,,,
mom_12_1,2,2.0,window,hard,1757,1,20,stress,0.009655177422666167,764.0,0.009655177422666169,0.011391653849486044,0.8475659066046657,uniform,0.012389976936149535,0.779273236134589,bartlett,,,,,,,,
mom_12_1,2,2.0,window,hard,1757,1,20,contrast,,,-0.011040002909412252,0.01347951648683095,-0.819020691150011,uniform,0.014226749792218382,-0.7760031680216104,bartlett,stress - calm,0.4377471153270014,robustness,two-sided,0.41277460855682674,,,
mom_12_1,2,3.0,window,soft,1757,1,20,calm,0.020933541137530147,830.6782111519385,0.020208933032386234,0.009471100708977435,2.1337470325102403,uniform,0.009751895739673095,2.0723081513444974,bartlett,,,,,,,,
mom_12_1,2,3.0,window,soft,1757,1,20,middle,0.02035116947709997,917.4087947294468,0.026242139613552432,0.014720446770503291,1.7826999426495813,uniform,0.013583539484239238,1.9319073385843775,bartlett,,,,,,,,
mom_12_1,2,3.0,window,soft,1757,1,20,stress,0.0029388349640433005,605.144791728466,-0.003471497815185522,0.01766996647928908,-0.19646318057560863,uniform,0.018016690523597625,-0.192682324794261,bartlett,,,,,,,,
mom_12_1,2,3.0,window,soft,1757,1,20,contrast,,,-0.023680430847571758,0.01967345316429587,-1.2036743448042921,uniform,0.020330402525962712,-1.1647792421881924,bartlett,stress - calm,0.24410836336598135,exploratory,two-sided,0.22871547198346714,0.5223819820288157,benjamini_hochberg,False
mom_12_1,2,3.0,filtered,soft,1757,1,20,calm,0.020939161561583167,811.6489343120405,0.020289250712680014,0.009296314256198005,2.182504824334315,uniform,0.009579390186266124,2.1180106789854443,bartlett,,,,,,,,
mom_12_1,2,3.0,filtered,soft,1757,1,20,middle,0.020612985330826613,876.3679842226819,0.0256653146929208,0.014138886350453805,1.8152288699949157,uniform,0.013069485279661825,1.9637586441801242,bartlett,,,,,,,,
mom_12_1,2,3.0,filtered,soft,1757,1,20,stress,0.002569827457269445,585.1519272897989,-0.002912271732917341,0.01727428163104651,-0.16859003431339276,uniform,0.017645564854476735,-0.16504270375785043,bartlett,,,,,,,,
mom_12_1,2,3.0,filtered,soft,1757,1,20,contrast,,,-0.023201522445597356,0.019316908714139446,-1.2010991400821023,uniform,0.019969973730764295,-1.161820378854819,bartlett,stress - calm,0.24530843438460892,robustness,two-sided,0.22971274657020493,,,
mom_12_1,2,3.0,window,hard,1757,1,20,rest,0.021060213650974435,1281.0,0.021060213650974435,0.006908519092706044,3.0484411157247333,uniform,0.006687216916913166,3.1493241377753716,bartlett,,,,,,,,
mom_12_1,2,3.0,window,hard,1757,1,20,stress,0.0019931427180096377,476.0,0.0019931427180096377,0.014890128961701308,0.13385664577762704,uniform,0.015962369509776576,0.12486509078673343,bartlett,,,,,,,,
mom_12_1,2,3.0,window,hard,1757,1,20,contrast,,,-0.019067070932964798,0.01624472581830621,-1.1737391659438219,uniform,0.01678168348797965,-1.1361834434919549,bartlett,stress - rest,0.2558797982039426,robustness,two-sided,0.2404995173794843,,,
mom_12_1,2,,none,stress_vol,1738,1,20,calm,0.02117320055658244,868.0,0.02117320055658244,0.007757585044505023,2.7293546168185654,uniform,0.00803553980171358,2.6349443944098505,bartlett,,,,,,,,
mom_12_1,2,,none,stress_vol,1738,1,20,stress,0.010735582519400936,870.0,0.010735582519400936,0.01058167182763758,1.0145450259912017,uniform,0.011348854645730573,0.9459617604177925,bartlett,,,,,,,,
mom_12_1,2,,none,stress_vol,1738,1,20,contrast,,,-0.010437618037181504,0.01304987135976457,-0.7998253583834413,uniform,0.014038068873328714,-0.7435223556291422,bartlett,stress - calm,0.45716549188819916,robustness,two-sided,0.4238119886371665,,,
prc_highprc_252d,2,2.0,window,soft,1757,1,20,calm,0.012943221401072057,1095.550988337226,0.0152577757564441,0.007624071212590781,2.001263541616273,uniform,0.007753727494744304,1.9677988124790629,bartlett,,,,,,,,
prc_highprc_252d,2,2.0,window,soft,1757,1,20,stress,-0.007515234623686072,861.0511198024525,-0.010553758430563217,0.013562846409216093,-0.7781374286884079,uniform,0.014677525935426431,-0.7190420563379911,bartlett,,,,,,,,
prc_highprc_252d,2,2.0,window,soft,1757,1,20,contrast,,,-0.025811534187007316,0.016345858725011906,-1.5790870716086234,uniform,0.017353107413754305,-1.4874300937334572,bartlett,stress - calm,0.13690125364997374,exploratory,two-sided,0.11431608666880604,0.36229470245730205,benjamini_hochberg,False
prc_highprc_252d,2,2.0,filtered,soft,1757,1,20,calm,0.013077254471379703,1083.1007793783153,0.01508922291237675,0.007564042392734123,1.9948622877723654,uniform,0.007692912383341382,1.9614447897589098,bartlett,,,,,,,,
prc_highprc_252d,2,2.0,filtered,soft,1757,1,20,stress,-0.007693308204793994,847.6924114679302,-0.010335074417605736,0.013440247625663544,-0.7689645835000376,uniform,0.01454593658025161,-0.7105128198920667,bartlett,,,,,,,,
prc_highprc_252d,2,2.0,filtered,soft,1757,1,20,contrast,,,-0.025424297329982484,0.01610063041304151,-1.5790870716086252,uniform,0.01709276788004695,-1.4874300937334586,bartlett,stress - calm,0.13690125364997338,robustness,two-sided,0.11431608666880562,,,
prc_highprc_252d,2,2.0,window,hard,1757,1,20,calm,0.01307456940344532,993.0,0.01307456940344532,0.007312208346829784,1.7880466178338332,uniform,0.007302133832888462,1.7905135269581178,bartlett,,,,,,,,
prc_highprc_252d,2,2.0,window,hard,1757,1,20,stress,-0.0075704993489959255,764.0,-0.007570499348995926,0.012467338240020503,-0.6072265950637653,uniform,0.013704902304900863,-0.5523935290139734,bartlett,,,,,,,,
prc_highprc_252d,2,2.0,window,hard,1757,1,20,contrast,,,-0.020645068752441247,0.014380867610585091,-1.4355927132828459,uniform,0.015455597433453276,-1.335766465277847,bartlett,stress - calm,0.18162561714947936,robustness,two-sided,0.15111826939832684,,,
prc_highprc_252d,2,3.0,window,soft,1757,1,20,calm,0.0116333380664698,830.6782111519385,0.010153377980782866,0.009128100773295327,1.1123209781477252,uniform,0.009074075143664309,1.118943563947908,bartlett,,,,,,,,
prc_highprc_252d,2,3.0,window,soft,1757,1,20,middle,0.011745224275008065,917.4087947294468,0.02171889455518545,0.01563030819750218,1.3895371915095227,uniform,0.014995455140830125,1.4483651447196504,bartlett,,,,,,,,
prc_highprc_252d,2,3.0,window,soft,1757,1,20,stress,-0.016523434196485907,605.144791728466,-0.027009085122225936,0.019292728523267823,-1.399961912575086,uniform,0.01996444021887419,-1.3528596257205252,bartlett,,,,,,,,
prc_highprc_252d,2,3.0,window,soft,1757,1,20,contrast,,,-0.0371624631030088,0.020943571100099305,-1.7744090979227796,uniform,0.02180675981329539,-1.7041717073598055,bartlett,stress - calm,0.08834901323254667,exploratory,two-sided,0.07599550606317454,0.3243710624647694,benjamini_hochberg,False
prc_highprc_252d,2,3.0,filtered,soft,1757,1,20,calm,0.011626606164557336,811.6489343120405,0.010307750488958354,0.008951380792528146,1.1515263095010315,uniform,0.00890698197119993,1.1572663470396263,bartlett,,,,,,,,
prc_highprc_252d,2,3.0,filtered,soft,1757,1,20,middle,0.012187386778533548,876.3679842226819,0.020745261271239053,0.015011351517125264,1.3819715864739044,uniform,0.014435750222271308,1.4370753824233884,bartlett,,,,,,,,
prc_highprc_252d,2,3.0,filtered,soft,1757,1,20,stress,-0.017122789960879244,585.1519272897989,-0.02609211726784827,0.018862159106094876,-1.3833049080482624,uniform,0.019554848708881568,-1.3343042258362017,bartlett,,,,,,,,
prc_highprc_252d,2,3.0,filtered,soft,1757,1,20,contrast,,,-0.03639986775680662,0.020558620362592747,-1.7705403920507075,uniform,0.021412770665511716,-1.6999139590764747,bartlett,stress - calm,0.0891471108396958,robustness,two-sided,0.07663716181787708,,,
prc_highprc_252d,2,3.0,window,hard,1757,1,20,rest,0.011894500090825457,1281.0,0.011894500090825457,0.007024664016527454,1.6932482554098494,uniform,0.00694675837994593,1.7122374840562742,bartlett,,,,,,,,
prc_highprc_252d,2,3.0,window,hard,1757,1,20,stress,-0.016885858616300604,476.0,-0.016885858616300604,0.01631004486634144,-1.035304240710426,uniform,0.017713358271557705,-0.9532838639307706,bartlett,,,,,,,,
prc_highprc_252d,2,3.0,window,hard,1757,1,20,contrast,,,-0.02878035870712606,0.017602124516266845,-1.6350502850112754,uniform,0.018464745526143883,-1.558665331530104,bartlett,stress - rest,0.11907561130236763,robustness,two-sided,0.10203850673136351,,,
prc_highprc_252d,2,,none,stress_vol,1738,1,20,calm,0.013194767852572715,868.0,0.013194767852572715,0.007643394233699153,1.7262969106575676,uniform,0.0073651746297386305,1.7915078074721713,bartlett,,,,,,,,
prc_highprc_252d,2,,none,stress_vol,1738,1,20,stress,-0.00468544234966755,870.0,-0.00468544234966755,0.011400502073654895,-0.41098561444017534,uniform,0.012647412373233767,-0.37046648052557707,bartlett,,,,,,,,
prc_highprc_252d,2,,none,stress_vol,1738,1,20,contrast,,,-0.017880210202240267,0.013614120101540955,-1.3133577542199324,uniform,0.014528238980671552,-1.2307210960687112,bartlett,stress - calm,0.21842719514250228,robustness,two-sided,0.18906242579069168,,,
ivol_capm_21d,2,2.0,window,soft,1757,1,20,calm,-0.015736409977598096,1095.550988337226,-0.01666155284677059,0.008446030491395,-1.9727081098920665,uniform,0.008620046533320448,-1.9328843275225973,bartlett,,,,,,,,
ivol_capm_21d,2,2.0,window,soft,1757,1,20,stress,-0.007559028158218986,861.0511198024525,-0.006344509853121171,0.011709349508051064,-0.541832819044204,uniform,0.011741752114733314,-0.5403375740797839,bartlett,,,,,,,,
ivol_capm_21d,2,2.0,window,soft,1757,1,20,contrast,,,0.01031704299364942,0.015083177442991666,0.6840099198357698,uniform,0.0153043077222055,0.6741267348329711,bartlett,stress - calm,0.5002307437984475,exploratory,two-sided,0.49396890182901254,0.6701128513184279,benjamini_hochberg,False
ivol_capm_21d,2,2.0,filtered,soft,1757,1,20,calm,-0.015789983893000244,1083.1007793783153,-0.016594181146725725,0.008383854791592706,-1.979302070375348,uniform,0.008555744743173605,-1.939536725890025,bartlett,,,,,,,,
ivol_capm_21d,2,2.0,filtered,soft,1757,1,20,stress,-0.007487850955848441,847.6924114679302,-0.0064319193169430425,0.01160346783484591,-0.554310091473482,uniform,0.011634544136549801,-0.5528295085268733,bartlett,,,,,,,,
ivol_capm_21d,2,2.0,filtered,soft,1757,1,20,contrast,,,0.010162261829782682,0.014856892473463883,0.6840099198357699,uniform,0.015074705251528995,0.674126734832971,bartlett,stress - calm,0.5002307437984475,robustness,two-sided,0.4939689018290123,,,
ivol_capm_21d,2,2.0,window,hard,1757,1,20,calm,-0.016343448496551564,993.0,-0.016343448496551564,0.008083519123836118,-2.0218234467163123,uniform,0.008241610379479253,-1.983040661233518,bartlett,,,,,,,,
ivol_capm_21d,2,2.0,window,hard,1757,1,20,stress,-0.006816184448420644,764.0,-0.006816184448420644,0.010888147678107668,-0.6260187361460622,uniform,0.011110112563549346,-0.6135117362162061,bartlett,,,,,,,,
ivol_capm_21d,2,2.0,window,hard,1757,1,20,contrast,,,0.00952726404813092,0.013463361685684537,0.7076437720796855,uniform,0.013953375023632066,0.6827928033178435,bartlett,stress - calm,0.49473777784912576,robustness,two-sided,0.4791665030993293,,,
ivol_capm_21d,2,3.0,window,soft,1757,1,20,calm,-0.012377371007136668,830.6782111519385,-0.008282620328735944,0.010242603736502497,-0.8086440266373303,uniform,0.010144230961341687,-0.8164857799768072,bartlett,,,,,,,,
ivol_capm_21d,2,3.0,window,soft,1757,1,20,middle,-0.022449756683143904,917.4087947294468,-0.034603888436908356,0.016156745295820066,-2.1417610913171217,uniform,0.014225957079734751,-2.4324471276665456,bartlett,,,,,,,,
ivol_capm_21d,2,3.0,window,soft,1757,1,20,stress,0.0010374344627993796,605.144791728466,0.010491088672826993,0.01603198259204408,0.6543849840526416,uniform,0.0156969572047956,0.6683517407833567,bartlett,,,,,,,,
ivol_capm_21d,2,3.0,window,soft,1757,1,20,contrast,,,0.018773709001562937,0.018581936787059276,1.0103203566291978,uniform,0.01852820502086034,1.0132502841169013,bartlett,stress - calm,0.3109406277345741,exploratory,two-sided,0.31234183130866455,0.5229754876531013,benjamini_hochberg,False
ivol_capm_21d,2,3.0,filtered,soft,1757,1,20,calm,-0.012222122178704033,811.6489343120405,-0.008637187774012347,0.010051114130639902,-0.8593264051875275,uniform,0.009969621589793438,-0.8663506128311639,bartlett,,,,,,,,
ivol_capm_21d,2,3.0,filtered,soft,1757,1,20,middle,-0.02297860126712005,876.3679842226819,-0.033444155451615686,0.01552563848573649,-2.1541243203840574,uniform,0.01368971639332863,-2.443013024573243,bartlett,,,,,,,,
ivol_capm_21d,2,3.0,filtered,soft,1757,1,20,stress,0.0015380341479524313,585.1519272897989,0.009643589735456978,0.015657013050600212,0.6159278084709324,uniform,0.015359629105137428,0.6278530340443851,bartlett,,,,,,,,
ivol_capm_21d,2,3.0,filtered,soft,1757,1,20,contrast,,,0.018280777509469326,0.018252152268006056,1.0015683214254927,uniform,0.018204783481489625,1.004174398891202,bartlett,stress - calm,0.31529455968894027,robustness,two-sided,0.3165521272784193,,,
ivol_capm_21d,2,3.0,window,hard,1757,1,20,rest,-0.017965766149839458,1281.0,-0.017965766149839458,0.0075043079067240595,-2.39406036814423,uniform,0.007223966972653933,-2.4869668172415818,bartlett,,,,,,,,
ivol_capm_21d,2,3.0,window,hard,1757,1,20,stress,0.003314153702258964,476.0,0.0033141537022589635,0.013408965335339555,0.24715953985834055,uniform,0.013453109252772736,0.24634853103388749,bartlett,,,,,,,,
ivol_capm_21d,2,3.0,window,hard,1757,1,20,contrast,,,0.02127991985209842,0.01525440964817732,1.3950012057425678,uniform,0.01479458110495193,1.4383590654672722,bartlett,stress - rest,0.15033220087851307,robustness,two-sided,0.16301547596587018,,,
ivol_capm_21d,2,,none,stress_vol,1738,1,20,calm,-0.015927969884488902,868.0,-0.015927969884488902,0.008460089981106582,-1.88271873231371,uniform,0.008491235689047631,-1.8758129520575548,bartlett,,,,,,,,
ivol_capm_21d,2,,none,stress_vol,1738,1,20,stress,-0.008163884087120038,870.0,-0.008163884087120038,0.01014445212712027,-0.8047634297858863,uniform,0.010181401133428991,-0.8018428878433282,bartlett,,,,,,,,
ivol_capm_21d,2,,none,stress_vol,1738,1,20,contrast,,,0.007764085797368864,0.013049373021507632,0.5949776885504233,uniform,0.013075053735237376,0.5938090928410176,bartlett,stress - calm,0.5526398066928397,robustness,two-sided,0.5518583850203858,,,
vol_shock,2,2.0,window,soft,1757,1,20,calm,-0.0056561633819722954,1095.550988337226,-0.006442658450172174,0.0032826239937276272,-1.9626550169872268,uniform,0.0029253874859980766,-2.2023265228996096,bartlett,,,,,,,,
vol_shock,2,2.0,window,soft,1757,1,20,stress,0.0012957039306750067,861.0511198024525,0.002328206789452175,0.005163351848211014,0.4509099627326088,uniform,0.0048524538664102106,0.47979988136900215,bartlett,,,,,,,,
vol_shock,2,2.0,window,soft,1757,1,20,contrast,,,0.008770865239624349,0.006423000515150142,1.3655401737764494,uniform,0.005832645628862293,1.503754179102285,bartlett,stress - calm,0.13264467328232166,exploratory,two-sided,0.17208333539453213,0.4554494939658538,benjamini_hochberg,False
vol_shock,2,2.0,filtered,soft,1757,1,20,calm,-0.005701708369294787,1083.1007793783153,-0.00638538350206721,0.0032575616081438885,-1.9601727519454373,uniform,0.002904318404921096,-2.198582459570471,bartlett,,,,,,,,
vol_shock,2,2.0,filtered,soft,1757,1,20,stress,0.0013562140642966111,847.6924114679302,0.0022538970644348936,0.005116547504472846,0.44051131401878985,uniform,0.004809733541552197,0.46861162785070126,bartlett,,,,,,,,
vol_shock,2,2.0,filtered,soft,1757,1,20,contrast,,,0.008639280566502105,0.006326639620282925,1.3655401737764477,uniform,0.005745141517518252,1.5037541791022833,bartlett,stress - calm,0.1326446732823221,robustness,two-sided,0.1720833353945328,,,
vol_shock,2,2.0,window,hard,1757,1,20,calm,-0.005901111890447366,993.0,-0.005901111890447366,0.0031276891883513314,-1.8867321959052976,uniform,0.002781751827464925,-2.121365332516088,bartlett,,,,,,,,
vol_shock,2,2.0,window,hard,1757,1,20,stress,0.0015748413661352803,764.0,0.0015748413661352803,0.0047210579898683625,0.3335780601540952,uniform,0.004435504623571644,0.3550534831518574,bartlett,,,,,,,,
vol_shock,2,2.0,window,hard,1757,1,20,contrast,,,0.007475953256582646,0.005596850060528288,1.3357429939577459,uniform,0.005029703411618532,1.4863606548476234,bartlett,stress - calm,0.13718375099775537,robustness,two-sided,0.1816332913763361,,,
vol_shock,2,3.0,window,soft,1757,1,20,calm,-0.008062858817558529,830.6782111519385,-0.009630351441839522,0.004197485201853291,-2.2943145666332523,uniform,0.0036099059628889535,-2.6677568725730727,bartlett,,,,,,,,
vol_shock,2,3.0,window,soft,1757,1,20,middle,-0.001619169504938776,917.4087947294468,-0.0010595989540939702,0.006290673779378645,-0.16843966024234547,uniform,0.005864663293943317,-0.18067515575672732,bartlett,,,,,,,,
vol_shock,2,3.0,window,soft,1757,1,20,stress,0.0038966890807488053,605.144791728466,0.00546221579712708,0.007402434245989072,0.7378945378794444,uniform,0.006502129357305458,0.8400656918629302,bartlett,,,,,,,,
vol_shock,2,3.0,window,soft,1757,1,20,contrast,,,0.015092567238966601,0.008312263770519945,1.815698786231195,uniform,0.007345528954243553,2.0546603699992962,bartlett,stress - calm,0.03991182024318185,exploratory,two-sided,0.0694165903627535,0.3230128105564281,benjamini_hochberg,False
vol_shock,2,3.0,filtered,soft,1757,1,20,calm,-0.008158504902435925,811.6489343120405,-0.009513852679101702,0.004118582379656116,-2.3099823682283773,uniform,0.0035405510068856334,-2.6871107521397777,bartlett,,,,,,,,
vol_shock,2,3.0,filtered,soft,1757,1,20,middle,-0.001600830736240943,876.3679842226819,-0.001096888494917629,0.006037518550915961,-0.18167869558781208,uniform,0.00564293405303882,-0.19438265352878528,bartlett,,,,,,,,
vol_shock,2,3.0,filtered,soft,1757,1,20,stress,0.004011938786188328,585.1519272897989,0.005338773216594024,0.007233373280556323,0.7380751703973192,uniform,0.006364101235577025,0.8388887949721566,bartlett,,,,,,,,
vol_shock,2,3.0,filtered,soft,1757,1,20,contrast,,,0.014852625895695725,0.008162372940570293,1.8196455863799326,uniform,0.007215741211766518,2.058364547702451,bartlett,stress - calm,0.03955515226445527,robustness,two-sided,0.06881299472793412,,,
vol_shock,2,3.0,window,hard,1757,1,20,rest,-0.005352773482471068,1281.0,-0.005352773482471068,0.0029642412254960162,-1.805782011406771,uniform,0.002745098863703975,-1.949938325808982,bartlett,,,,,,,,
vol_shock,2,3.0,window,hard,1757,1,20,stress,0.004622431780585215,476.0,0.004622431780585215,0.0061224662375238895,0.7549950626521815,uniform,0.00556967566555991,0.8299283581570149,bartlett,,,,,,,,
vol_shock,2,3.0,window,hard,1757,1,20,contrast,,,0.009975205263056282,0.0067711858843334536,1.4731843776635927,uniform,0.006033760372798117,1.6532319228365953,bartlett,stress - rest,0.09828367190866438,robustness,two-sided,0.14070132635532406,,,
vol_shock,2,,none,stress_vol,1738,1,20,calm,-0.004873892461370523,868.0,-0.004873892461370523,0.0033504255685649514,-1.4547084725890806,uniform,0.00298829493614127,-1.6309944518609298,bartlett,,,,,,,,
vol_shock,2,,none,stress_vol,1738,1,20,stress,-0.0002401357031123953,870.0,-0.0002401357031123953,0.004327087901456778,-0.05549591517000385,uniform,0.004150396791026231,-0.057858492863044814,bartlett,,,,,,,,
vol_shock,2,,none,stress_vol,1738,1,20,contrast,,,0.0046337567582581275,0.005432410642949922,0.8529835210951381,uniform,0.004994691680723069,0.927736295744147,bartlett,stress - calm,0.35354437607952804,robustness,two-sided,0.3936684426669417,,,
rskew_21d,2,2.0,window,soft,1757,1,20,calm,0.0020359319304822945,1095.550988337226,0.0018225571143755893,0.0030459269288059493,0.5983587777957825,uniform,0.003166377754415492,0.5755968667459358,bartlett,,,,,,,,
rskew_21d,2,2.0,window,soft,1757,1,20,stress,0.0039219620779178226,861.0511198024525,0.004202078402264873,0.004662133321806217,0.9013209430563629,uniform,0.00419964068066407,1.000580459564559,bartlett,,,,,,,,
rskew_21d,2,2.0,window,soft,1757,1,20,contrast,,,0.0023795212878892835,0.005837469063252304,0.4076289333794859,uniform,0.005584967794361425,0.4260581932614982,bartlett,stress - calm,0.6700654426404995,exploratory,two-sided,0.6835461191339787,0.8020157547159457,benjamini_hochberg,False
rskew_21d,2,2.0,filtered,soft,1757,1,20,calm,0.0020235756504654832,1083.1007793783153,0.0018380957134254109,0.0030229048880991444,0.6080560856088455,uniform,0.003142179520284394,0.5849747608497708,bartlett,,,,,,,,
rskew_21d,2,2.0,filtered,soft,1757,1,20,stress,0.003938378377467748,847.6924114679302,0.004181918296306688,0.004619922353922769,0.9051923335369105,uniform,0.004160585245100459,1.0051274159642207,bartlett,,,,,,,,
rskew_21d,2,2.0,filtered,soft,1757,1,20,contrast,,,0.0023438225828812773,0.005749892588461762,0.4076289333794855,uniform,0.005501179463160165,0.42605819326149796,bartlett,stress - calm,0.6700654426404997,robustness,two-sided,0.6835461191339789,,,
rskew_21d,2,2.0,window,hard,1757,1,20,calm,0.0022062779221378843,993.0,0.0022062779221378843,0.0029130876862691196,0.757367494475778,uniform,0.0029940193394783956,0.7368950136849323,bartlett,,,,,,,,
rskew_21d,2,2.0,window,hard,1757,1,20,stress,0.0036899134398584604,764.0,0.003689913439858461,0.004286421253140181,0.8608377996341994,uniform,0.0039285576665671375,0.9392539840411177,bartlett,,,,,,,,
rskew_21d,2,2.0,window,hard,1757,1,20,contrast,,,0.0014836355177205766,0.005136544697281359,0.288839211017832,uniform,0.004987324795730977,0.2974812306169694,bartlett,stress - calm,0.7660991355577087,robustness,two-sided,0.7727044242873127,,,
rskew_21d,2,3.0,window,soft,1757,1,20,calm,0.002492175020732907,830.6782111519385,0.0028633246399855502,0.0036800531956201776,0.7780661006186925,uniform,0.0038340744902372464,0.746809861747984,bartlett,,,,,,,,
rskew_21d,2,3.0,window,soft,1757,1,20,middle,0.0017412912670620193,917.4087947294468,0.0003832875335719136,0.005263036744344869,0.07282630773645195,uniform,0.004939015097763027,0.07760404169355783,bartlett,,,,,,,,
rskew_21d,2,3.0,window,soft,1757,1,20,stress,0.0047787386933757356,605.144791728466,0.005960320395227927,0.0070195642936966155,0.8491011900240215,uniform,0.005569308275256849,1.0702083814803813,bartlett,,,,,,,,
rskew_21d,2,3.0,window,soft,1757,1,20,contrast,,,0.0030969957552423764,0.007790691787790388,0.3975251286536587,uniform,0.006713550628975032,0.46130519100817435,bartlett,stress - calm,0.6445796611826449,exploratory,two-sided,0.6909802599109629,0.8020157547159457,benjamini_hochberg,False
rskew_21d,2,3.0,filtered,soft,1757,1,20,calm,0.0025039786347103516,811.6489343120405,0.002829982058598756,0.0036166681448798438,0.78248319868805,uniform,0.003771009182263777,0.7504574828162809,bartlett,,,,,,,,
rskew_21d,2,3.0,filtered,soft,1757,1,20,middle,0.0016818261380441022,876.3679842226819,0.0005138752444682428,0.005051764833753183,0.10172192518440368,uniform,0.0047525185747390045,0.10812693025538851,bartlett,,,,,,,,
rskew_21d,2,3.0,filtered,soft,1757,1,20,stress,0.004843333118345154,585.1519272897989,0.0058554528930318305,0.00686262561311736,0.853237991278382,uniform,0.0054490891589898,1.0745746164515622,bartlett,,,,,,,,
rskew_21d,2,3.0,filtered,soft,1757,1,20,contrast,,,0.0030254708344330744,0.007648278703382495,0.39557539045943013,uniform,0.0065969746145311285,0.4586148971634486,bartlett,stress - calm,0.6465107368960668,robustness,two-sided,0.69241829486138,,,
rskew_21d,2,3.0,window,hard,1757,1,20,rest,0.0012659104717586622,1281.0,0.0012659104717586622,0.002612555938007149,0.48454865725259666,uniform,0.002571920099014166,0.4922044321065394,bartlett,,,,,,,,
rskew_21d,2,3.0,window,hard,1757,1,20,stress,0.0071182700218738225,476.0,0.0071182700218738225,0.00594521927298016,1.1973099216415692,uniform,0.005009432676093345,1.4209732882217463,bartlett,,,,,,,,
rskew_21d,2,3.0,window,hard,1757,1,20,contrast,,,0.005852359550115161,0.006467581032969204,0.9048761075094561,uniform,0.0055097053042667595,1.0621910296332995,bartlett,stress - rest,0.2881489713303742,robustness,two-sided,0.3655310259524769,,,
rskew_21d,2,,none,stress_vol,1738,1,20,calm,0.002301598725588284,868.0,0.002301598725588284,0.002992495307880274,0.7691235871038392,uniform,0.0030412731215078005,0.7567879087581582,bartlett,,,,,,,,
rskew_21d,2,,none,stress_vol,1738,1,20,stress,0.003619953557593382,870.0,0.003619953557593382,0.004017163971468038,0.9011216826856339,uniform,0.003640891195733306,0.9942493095744085,bartlett,,,,,,,,
rskew_21d,2,,none,stress_vol,1738,1,20,contrast,,,0.001318354832005098,0.004970085680099018,0.2652579687477003,uniform,0.004684016816280463,0.2814581765425838,bartlett,stress - calm,0.7783590022431519,robustness,two-sided,0.7908107410992018,,,
rmax1_21d,2,2.0,window,soft,1757,1,20,calm,-0.013984842864228,1095.550988337226,-0.014051264131003193,0.008026339512946176,-1.7506441271689352,uniform,0.007769088134646024,-1.8086117556501886,bartlett,,,,,,,,
rmax1_21d,2,2.0,window,soft,1757,1,20,stress,-0.013397742128280597,861.0511198024525,-0.013310544953623249,0.012384457411473688,-1.0747782087967437,uniform,0.0118282251546745,-1.125320559895069,bartlett,,,,,,,,
rmax1_21d,2,2.0,window,soft,1757,1,20,contrast,,,0.0007407191773799449,0.015376962697578772,0.04817070782753327,uniform,0.014868192999235955,0.049819045086246114,bartlett,stress - calm,0.9602665897430376,exploratory,two-sided,0.9615801948445046,0.9893051989838482,benjamini_hochberg,False
rmax1_21d,2,2.0,filtered,soft,1757,1,20,calm,-0.013988689240226409,1083.1007793783153,-0.014046427133593485,0.007966744924257554,-1.7631325299275245,uniform,0.00770999643316672,-1.8218461260460284,bartlett,,,,,,,,
rmax1_21d,2,2.0,filtered,soft,1757,1,20,stress,-0.01339263191222152,847.6924114679302,-0.013316820576025588,0.012273338122736666,-1.085020264483372,uniform,0.011720746467944439,-1.1361751243784959,bartlett,,,,,,,,
rmax1_21d,2,2.0,filtered,soft,1757,1,20,contrast,,,0.0007296065575678971,0.015146270222561297,0.048170707827535214,uniform,0.014645133328123444,0.04981904508624813,bartlett,stress - calm,0.960266589743036,robustness,two-sided,0.9615801948445029,,,
rmax1_21d,2,2.0,window,hard,1757,1,20,calm,-0.014152182620170463,993.0,-0.014152182620170463,0.007739139069073154,-1.8286507703065917,uniform,0.007487909091949421,-1.8900045989321763,bartlett,,,,,,,,
rmax1_21d,2,2.0,window,hard,1757,1,20,stress,-0.01318355743989991,764.0,-0.01318355743989991,0.011498430976739991,-1.1465527311133785,uniform,0.011081226681094047,-1.1897200390632474,bartlett,,,,,,,,
rmax1_21d,2,2.0,window,hard,1757,1,20,contrast,,,0.0009686251802705527,0.013753976221214954,0.07042510214438844,uniform,0.013468798704830238,0.07191622664337394,bartlett,stress - calm,0.9426685764928366,robustness,two-sided,0.9438553122253612,,,
rmax1_21d,2,3.0,window,soft,1757,1,20,calm,-0.010094183259365326,830.6782111519385,-0.005390419794671379,0.009502659882364784,-0.5672537859294556,uniform,0.008953119546548465,-0.6020716875995976,bartlett,,,,,,,,
rmax1_21d,2,3.0,window,soft,1757,1,20,middle,-0.023477909874326585,917.4087947294468,-0.034571830214884934,0.016147985990093962,-2.1409375903653336,uniform,0.013586901678558192,-2.5444969745709978,bartlett,,,,,,,,
rmax1_21d,2,3.0,window,soft,1757,1,20,stress,-0.0066619566522255315,605.144791728466,0.0005651781113849511,0.01729873041351641,0.032671652651650535,uniform,0.016301852791153083,0.034669562940211916,bartlett,,,,,,,,
rmax1_21d,2,3.0,window,soft,1757,1,20,contrast,,,0.00595559790605633,0.01931742775144472,0.30830180822655956,uniform,0.01841810525560308,0.32335562336112406,bartlett,stress - calm,0.7464259332064482,exploratory,two-sided,0.7578526902505567,0.8438259317830301,benjamini_hochberg,False
rmax1_21d,2,3.0,filtered,soft,1757,1,20,calm,-0.009890468905706263,811.6489343120405,-0.005784247180787288,0.009321104705737169,-0.62055382525926,uniform,0.008792160439821506,-0.657886900538034,bartlett,,,,,,,,
rmax1_21d,2,3.0,filtered,soft,1757,1,20,middle,-0.02395641276317278,876.3679842226819,-0.03352454491366759,0.015517186175225016,-2.1604783583246174,uniform,0.013069129619103345,-2.5651704352724645,bartlett,,,,,,,,
rmax1_21d,2,3.0,filtered,soft,1757,1,20,stress,-0.006301924721560469,585.1519272897989,-9.456198288471454e-05,0.016901943859882283,-0.00559474008839674,uniform,0.015953464680336742,-0.005927363414748761,bartlett,,,,,,,,
rmax1_21d,2,3.0,filtered,soft,1757,1,20,contrast,,,0.0056896851979025736,0.018967401643134308,0.2999717781566611,uniform,0.018089554194778746,0.3145287681851667,bartlett,stress - calm,0.7531194704344844,robustness,two-sided,0.7641986826475802,,,
rmax1_21d,2,3.0,window,hard,1757,1,20,rest,-0.017315901788821156,1281.0,-0.017315901788821156,0.007285006488996931,-2.3769233170862107,uniform,0.006646415927328957,-2.605299153431107,bartlett,,,,,,,,
rmax1_21d,2,3.0,window,hard,1757,1,20,stress,-0.004083371921077481,476.0,-0.004083371921077481,0.014674876680370734,-0.2782559615331856,uniform,0.014097174817380608,-0.28965888371073,bartlett,,,,,,,,
rmax1_21d,2,3.0,window,hard,1757,1,20,contrast,,,0.013232529867743675,0.016264459321929478,0.8135855982560802,uniform,0.015173094485370868,0.8721048880636585,bartlett,stress - rest,0.38315115977400604,robustness,two-sided,0.41588239101805446,,,
rmax1_21d,2,,none,stress_vol,1738,1,20,calm,-0.013797582237980013,868.0,-0.013797582237980013,0.007867971585795119,-1.75363905264862,uniform,0.007478568637700538,-1.844949602845713,bartlett,,,,,,,,
rmax1_21d,2,,none,stress_vol,1738,1,20,stress,-0.013321394207516145,870.0,-0.013321394207516145,0.010801032683027102,-1.2333444957026725,uniform,0.010227758745568865,-1.3024744265978687,bartlett,,,,,,,,
rmax1_21d,2,,none,stress_vol,1738,1,20,contrast,,,0.0004761880304638682,0.013220997467956321,0.03601755704272716,uniform,0.012488491439300234,0.03813014828719379,bartlett,stress - calm,0.9695839139252556,robustness,two-sided,0.9712683595411646,,,
volume_z,2,2.0,window,soft,1757,1,20,calm,0.004112266167234576,1095.550988337226,0.0030614630515055368,0.0027934583835741594,1.0959400968732071,uniform,0.0027567257418007695,1.110543208954005,bartlett,,,,,,,,
volume_z,2,2.0,window,soft,1757,1,20,stress,0.013400364882188102,861.0511198024525,0.014779848702074523,0.003355222307373944,4.405028146597647,uniform,0.00352792240729394,4.189391657684237,bartlett,,,,,,,,
volume_z,2,2.0,window,soft,1757,1,20,contrast,,,0.011718385650568987,0.004570323560635613,2.5640166380122253,uniform,0.004759290115182463,2.4622129281815646,bartlett,stress - calm,0.013808266303935834,exploratory,two-sided,0.01034685845279748,0.1392846330184276,benjamini_hochberg,False
volume_z,2,2.0,filtered,soft,1757,1,20,calm,0.004051415417472257,1083.1007793783153,0.003137985710521907,0.00277316708532784,1.1315530633275706,uniform,0.0027357337634240715,1.1470362183907739,bartlett,,,,,,,,
volume_z,2,2.0,filtered,soft,1757,1,20,stress,0.013481209937057065,847.6924114679302,0.014680566591182404,0.003324572566449936,4.4157756516828535,uniform,0.0034949812532479073,4.2004707686313525,bartlett,,,,,,,,
volume_z,2,2.0,filtered,soft,1757,1,20,contrast,,,0.011542580880660496,0.0045017574026387725,2.5640166380122213,uniform,0.004687888991463114,2.4622129281815606,bartlett,stress - calm,0.013808266303936056,robustness,two-sided,0.010346858452797703,,,
volume_z,2,2.0,window,hard,1757,1,20,calm,0.0036498517739682046,993.0,0.0036498517739682046,0.0026662233226564733,1.3689220040021628,uniform,0.002626590471573763,1.389577786666278,bartlett,,,,,,,,
volume_z,2,2.0,window,hard,1757,1,20,stress,0.013948966974845097,764.0,0.013948966974845099,0.0031280141703502436,4.459368217402683,uniform,0.0032849764272545943,4.246291345993886,bartlett,,,,,,,,
volume_z,2,2.0,window,hard,1757,1,20,contrast,,,0.010299115200876894,0.004085442070171371,2.52093042172175,uniform,0.004249707271325116,2.4234881471413656,bartlett,stress - calm,0.015372254897205062,robustness,two-sided,0.01170449932512585,,,
volume_z,2,3.0,window,soft,1757,1,20,calm,0.0035865055511009295,830.6782111519385,0.0025712531567050104,0.0036756564215366092,0.6995357731586069,uniform,0.003736938461989926,0.6880640885201555,bartlett,,,,,,,,
volume_z,2,3.0,window,soft,1757,1,20,middle,0.00824930404734401,917.4087947294468,0.00783789353828104,0.00474153183410797,1.6530298250661415,uniform,0.004309149696579711,1.8188956267873886,bartlett,,,,,,,,
volume_z,2,3.0,window,soft,1757,1,20,stress,0.014564549033393066,605.144791728466,0.016558696453559504,0.00478105139155522,3.463400640873085,uniform,0.005197450903445969,3.1859264784167367,bartlett,,,,,,,,
volume_z,2,3.0,window,soft,1757,1,20,contrast,,,0.013987443296854493,0.005869273730191826,2.3831642448200046,uniform,0.006234881816164129,2.2434175513305807,bartlett,stress - calm,0.024869901129794814,exploratory,two-sided,0.017164534218913285,0.18773709301936406,benjamini_hochberg,False
volume_z,2,3.0,filtered,soft,1757,1,20,calm,0.003517709361705007,811.6489343120405,0.002643072555213694,0.0036093587056544515,0.7322831479933082,uniform,0.0036694315491874368,0.7202948249025054,bartlett,,,,,,,,
volume_z,2,3.0,filtered,soft,1757,1,20,middle,0.008226374924265322,876.3679842226819,0.00789062491645754,0.004551100293817108,1.733784009809087,uniform,0.004130173622937423,1.9104826181243308,bartlett,,,,,,,,
volume_z,2,3.0,filtered,soft,1757,1,20,stress,0.014697214373547384,585.1519272897989,0.016394069538181184,0.00466793686311934,3.512058971428735,uniform,0.005079583939855313,3.227443375736036,bartlett,,,,,,,,
volume_z,2,3.0,filtered,soft,1757,1,20,contrast,,,0.01375099698296749,0.005768482346126242,2.383815388150024,uniform,0.0061273425934772205,2.2442024047432776,bartlett,stress - calm,0.024819381392013895,robustness,two-sided,0.017134195441879996,,,
volume_z,2,3.0,window,hard,1757,1,20,rest,0.005668856440091743,1281.0,0.005668856440091743,0.00236644011469671,2.3955207676228394,uniform,0.002260083456425126,2.5082509338210124,bartlett,,,,,,,,
volume_z,2,3.0,window,hard,1757,1,20,stress,0.014746866555828918,476.0,0.014746866555828918,0.004042751199014083,3.6477304266028736,uniform,0.004461970617637359,3.3050120270934182,bartlett,,,,,,,,
volume_z,2,3.0,window,hard,1757,1,20,contrast,,,0.009078010115737174,0.004677003350960524,1.9409885848965251,uniform,0.004995717942073505,1.8171582585323636,bartlett,stress - rest,0.06919288434373572,robustness,two-sided,0.05225966197876697,,,
volume_z,2,,none,stress_vol,1738,1,20,calm,0.004088853570612016,868.0,0.004088853570612016,0.002781467538463145,1.470034618081952,uniform,0.002766546206273759,1.4779632313169506,bartlett,,,,,,,,
volume_z,2,,none,stress_vol,1738,1,20,stress,0.011847045097650909,870.0,0.011847045097650909,0.0029939902133972246,3.956941824538661,uniform,0.003035206701127485,3.9032086655746046,bartlett,,,,,,,,
volume_z,2,,none,stress_vol,1738,1,20,contrast,,,0.007758191527038893,0.004045047838204858,1.9179480286398494,uniform,0.00407393249454573,1.9043495535151185,bartlett,stress - calm,0.05686467452597288,robustness,two-sided,0.05511760138520172,,,
qspread_21d,2,2.0,window,soft,1757,1,20,calm,0.002538566251718485,1095.550988337226,0.0020805924986582276,0.004525458963247219,0.45975281525154066,uniform,0.0044737570739040175,0.4650660427662876,bartlett,,,,,,,,
qspread_21d,2,2.0,window,soft,1757,1,20,stress,0.006586618035739186,861.0511198024525,0.007187841397968153,0.005923430251943243,1.2134592781961275,uniform,0.006495448637760251,1.1065966030710777,bartlett,,,,,,,,
qspread_21d,2,2.0,window,soft,1757,1,20,contrast,,,0.005107248899309925,0.007834146795448995,0.6519215215978367,uniform,0.00827476319836666,0.6172078616482989,bartlett,stress - calm,0.5370976309128812,exploratory,two-sided,0.5144518004435521,0.6925312698278586,benjamini_hochberg,False
qspread_21d,2,2.0,filtered,soft,1757,1,20,calm,0.0025120455402473734,1083.1007793783153,0.002113943531615101,0.004491881969693582,0.47061422047100354,uniform,0.004440169724162285,0.4760952087285207,bartlett,,,,,,,,
qspread_21d,2,2.0,filtered,soft,1757,1,20,stress,0.006621852907658055,847.6924114679302,0.007144571064775901,0.005869215781784612,1.2172956882841852,uniform,0.006436440558678718,1.1100189615116325,bartlett,,,,,,,,
qspread_21d,2,2.0,filtered,soft,1757,1,20,contrast,,,0.0050306275331608,0.007716615215940324,0.6519215215978321,uniform,0.008150621282959965,0.6172078616482948,bartlett,stress - calm,0.5370976309128839,robustness,two-sided,0.5144518004435548,,,
qspread_21d,2,2.0,window,hard,1757,1,20,calm,0.002511331114623106,993.0,0.002511331114623106,0.004306386584996546,0.5831643455728256,uniform,0.004339164439774594,0.5787591480984671,bartlett,,,,,,,,
qspread_21d,2,2.0,window,hard,1757,1,20,stress,0.0065991721961829244,764.0,0.006599172196182925,0.00546860199566505,1.206738431762647,uniform,0.005999504153900432,1.0999529339258203,bartlett,,,,,,,,
qspread_21d,2,2.0,window,hard,1757,1,20,contrast,,,0.00408784108155982,0.006914843280245319,0.5911690136547527,uniform,0.007410468634416114,0.5516305760441167,bartlett,stress - calm,0.5812014833495374,robustness,two-sided,0.5544071822873025,,,
qspread_21d,2,3.0,window,soft,1757,1,20,calm,0.0001537899188683323,830.6782111519385,-0.0036783318100065306,0.005515765222160354,-0.666876065578049,uniform,0.005209208049074408,-0.7061211177119545,bartlett,,,,,,,,
qspread_21d,2,3.0,window,soft,1757,1,20,middle,0.011610959987135567,917.4087947294468,0.01977360074889672,0.007660536986879278,2.5812290682447343,uniform,0.007720369470962601,2.5612246697865984,bartlett,,,,,,,,
qspread_21d,2,3.0,window,soft,1757,1,20,stress,0.001014083041693046,605.144791728466,-0.0037648830256757845,0.008461959501599116,-0.4449185823879573,uniform,0.009303098198560835,-0.404691313078712,bartlett,,,,,,,,
qspread_21d,2,3.0,window,soft,1757,1,20,contrast,,,-8.655121566925397e-05,0.009906154227360896,-0.008737115704316279,uniform,0.010524285024334196,-0.008223952075521589,bartlett,stress - calm,0.9934383095751341,exploratory,two-sided,0.9930288789663234,0.9930288789663234,benjamini_hochberg,False
qspread_21d,2,3.0,filtered,soft,1757,1,20,calm,-1.9921116770332842e-05,811.6489343120405,-0.0033615970619519445,0.005420342381026978,-0.6201816833044838,uniform,0.005118919184723028,-0.6567005535044078,bartlett,,,,,,,,
qspread_21d,2,3.0,filtered,soft,1757,1,20,middle,0.011961413388533473,876.3679842226819,0.019007368357960627,0.007358490358610182,2.583052695818249,uniform,0.007419717878937746,2.5617373420513183,bartlett,,,,,,,,
qspread_21d,2,3.0,filtered,soft,1757,1,20,stress,0.0007864083400920064,585.1519272897989,-0.0033231949292633544,0.008266910740498488,-0.4019875178987318,uniform,0.00909636974739065,-0.36533199743959766,bartlett,,,,,,,,
qspread_21d,2,3.0,filtered,soft,1757,1,20,contrast,,,3.840213268859003e-05,0.00973021070549064,0.00394669076044984,uniform,0.010334417728657145,0.0037159454646488346,bartlett,stress - calm,0.997035111308294,robustness,two-sided,0.9968510045509613,,,
qspread_21d,2,3.0,window,hard,1757,1,20,rest,0.0065165555137610895,1281.0,0.0065165555137610895,0.003843794434684417,1.6953444375066096,uniform,0.0038056686316442143,1.712328671912156,bartlett,,,,,,,,
qspread_21d,2,3.0,window,hard,1757,1,20,stress,-0.0017062778538307695,476.0,-0.0017062778538307695,0.007053880815558299,-0.24189207309362817,uniform,0.007971767561661503,-0.21404009093751614,bartlett,,,,,,,,
qspread_21d,2,3.0,window,hard,1757,1,20,contrast,,,-0.008222833367591859,0.007967033189467272,-1.032107331806119,uniform,0.008680829139489496,-0.9472405498900799,bartlett,stress - rest,0.34351621684533984,robustness,two-sided,0.30202183956917383,,,
qspread_21d,2,,none,stress_vol,1738,1,20,calm,-0.0007962273352595671,868.0,-0.0007962273352595671,0.0045359190398846306,-0.1755382598891842,uniform,0.0042736839605233504,-0.18630936274521853,bartlett,,,,,,,,
qspread_21d,2,,none,stress_vol,1738,1,20,stress,0.010049603178406362,870.0,0.010049603178406362,0.005055663802875696,1.987791034026052,uniform,0.005449042524688653,1.8442878969788503,bartlett,,,,,,,,
qspread_21d,2,,none,stress_vol,1738,1,20,contrast,,,0.010845830513665928,0.006715596940307497,1.6150210636627806,uniform,0.006699238266244229,1.6189647363813482,bartlett,stress - calm,0.10545485066279991,robustness,two-sided,0.106306133476602,,,
overnight_20d,2,2.0,window,soft,1757,1,20,calm,0.006644827693873945,1095.550988337226,0.0076043050465168325,0.004270194125094568,1.7807867332842688,uniform,0.004009143851876751,1.8967403833507053,bartlett,,,,,,,,
overnight_20d,2,2.0,window,soft,1757,1,20,stress,-0.0018360382578096895,861.0511198024525,-0.003095630529383814,0.005852707050144692,-0.5289228561862298,uniform,0.005470083636316404,-0.5659201458697322,bartlett,,,,,,,,
overnight_20d,2,2.0,window,soft,1757,1,20,contrast,,,-0.010699935575900647,0.007649972783389489,-1.3986893651613497,uniform,0.007162355049728144,-1.4939130358117023,bartlett,stress - calm,0.1351983507854128,exploratory,two-sided,0.1619061547158509,0.4427121418011548,benjamini_hochberg,False
overnight_20d,2,2.0,filtered,soft,1757,1,20,calm,0.006700389878087454,1083.1007793783153,0.007534433005607171,0.004237865798303072,1.7778838132684882,uniform,0.00397880176152656,1.8936437292408381,bartlett,,,,,,,,
overnight_20d,2,2.0,filtered,soft,1757,1,20,stress,-0.0019098570332385203,847.6924114679302,-0.0030049770706172076,0.005798865243998704,-0.5182008796853979,uniform,0.005419736362175212,-0.5544507831763167,bartlett,,,,,,,,
overnight_20d,2,2.0,filtered,soft,1757,1,20,contrast,,,-0.010539410076224378,0.007535204269611776,-1.3986893651613486,uniform,0.007054902008066289,-1.4939130358117014,bartlett,stress - calm,0.1351983507854131,robustness,two-sided,0.1619061547158512,,,
overnight_20d,2,2.0,window,hard,1757,1,20,calm,0.006995527062918262,993.0,0.006995527062918262,0.004021476560851883,1.7395419212480445,uniform,0.0037642568712958086,1.8584085258002385,bartlett,,,,,,,,
overnight_20d,2,2.0,window,hard,1757,1,20,stress,-0.002243995523897506,764.0,-0.002243995523897506,0.0053889389433274485,-0.4164076727341674,uniform,0.0051263320610868334,-0.43773901049667013,bartlett,,,,,,,,
overnight_20d,2,2.0,window,hard,1757,1,20,contrast,,,-0.009239522586815768,0.006680582981355106,-1.3830413621988422,uniform,0.006370196502108567,-1.450429760488148,bartlett,stress - calm,0.14693871305903214,robustness,two-sided,0.1666521836481157,,,
overnight_20d,2,3.0,window,soft,1757,1,20,calm,0.005859724208083549,830.6782111519385,0.0057629727164349295,0.005462434063100114,1.055019181900065,uniform,0.005370979598504062,1.0729835425254728,bartlett,,,,,,,,
overnight_20d,2,3.0,window,soft,1757,1,20,middle,0.004738783234243663,917.4087947294468,0.0071752691608081365,0.006853956419439725,1.0468798926787861,uniform,0.006162440073877873,1.1643552026126096,bartlett,,,,,,,,
overnight_20d,2,3.0,window,soft,1757,1,20,stress,-0.0034338141879925424,605.144791728466,-0.006379560926621309,0.0085128897377594,-0.7494001594222944,uniform,0.007656523249118216,-0.8332190367678995,bartlett,,,,,,,,
overnight_20d,2,3.0,window,soft,1757,1,20,contrast,,,-0.012142533643056237,0.009923759088629722,-1.2235820654865257,uniform,0.009226483958772907,-1.3160521057981827,bartlett,stress - calm,0.1881565545352055,exploratory,two-sided,0.22110992858212594,0.5159231666916272,benjamini_hochberg,False
overnight_20d,2,3.0,filtered,soft,1757,1,20,calm,0.005875073166597977,811.6489343120405,0.005781449092265588,0.0053683071303287,1.0769594495819375,uniform,0.005278128095073246,1.095359754088226,bartlett,,,,,,,,
overnight_20d,2,3.0,filtered,soft,1757,1,20,middle,0.004847953758588998,876.3679842226819,0.006934326228102171,0.006578688566469075,1.0540590511376,uniform,0.005917546529982538,1.1718245379175132,bartlett,,,,,,,,
overnight_20d,2,3.0,filtered,soft,1757,1,20,stress,-0.0036067877344361974,585.1519272897989,-0.006124357379721469,0.008322198975950554,-0.7359061466109623,uniform,0.007490937045035028,-0.8175689293478545,bartlett,,,,,,,,
overnight_20d,2,3.0,filtered,soft,1757,1,20,contrast,,,-0.011905806471987057,0.00974822548651339,-1.2213306399671064,uniform,0.009067649786314707,-1.3129980482876413,bartlett,stress - calm,0.18918360583316152,robustness,two-sided,0.22196085685845027,,,
overnight_20d,2,3.0,window,hard,1757,1,20,rest,0.005444635567058855,1281.0,0.005444635567058855,0.003571903360472506,1.5242953175358631,uniform,0.003320099811170317,1.6399011706637974,bartlett,,,,,,,,
overnight_20d,2,3.0,window,hard,1757,1,20,stress,-0.0036605722020635707,476.0,-0.0036605722020635703,0.007265753480309568,-0.5038117811158667,uniform,0.006834933646181026,-0.5355680671616894,bartlett,,,,,,,,
overnight_20d,2,3.0,window,hard,1757,1,20,contrast,,,-0.009105207769122426,0.008049592045130229,-1.1311390338881602,uniform,0.007540009130678685,-1.2075857749396195,bartlett,stress - rest,0.22720663357861998,robustness,two-sided,0.2579965773625471,,,
overnight_20d,2,,none,stress_vol,1738,1,20,calm,0.007031215204080008,868.0,0.007031215204080008,0.004296690319519853,1.6364258722899379,uniform,0.0041036200960737935,1.7134176749956067,bartlett,,,,,,,,
overnight_20d,2,,none,stress_vol,1738,1,20,stress,-0.001279845685276784,870.0,-0.001279845685276784,0.004941941057439329,-0.2589763152577819,uniform,0.004573780631547208,-0.2798222714157239,bartlett,,,,,,,,
overnight_20d,2,,none,stress_vol,1738,1,20,contrast,,,-0.008311060889356792,0.006506901932598934,-1.277268502806105,uniform,0.006144602159686251,-1.352579170037131,bartlett,stress - calm,0.1761901106746957,robustness,two-sided,0.2015074695692478,,,
ma50_gap,2,2.0,window,soft,1757,1,20,calm,-0.006744413723468084,1095.550988337226,-0.004766112260959908,0.006289230585768731,-0.7578211986287583,uniform,0.005881272750920714,-0.8103878977919825,bartlett,,,,,,,,
ma50_gap,2,2.0,window,soft,1757,1,20,stress,-0.02423071443638968,861.0511198024525,-0.02682780880881577,0.010918351134955921,-2.4571300627000836,uniform,0.010118411467279181,-2.651385436891084,bartlett,,,,,,,,
ma50_gap,2,2.0,window,soft,1757,1,20,contrast,,,-0.022061696547855864,0.013231820256021553,-1.6673213602501893,uniform,0.012291228944860073,-1.7949138077914975,bartlett,stress - calm,0.07266743364497687,exploratory,two-sided,0.09545052150390057,0.3551917978509481,benjamini_hochberg,False
ma50_gap,2,2.0,filtered,soft,1757,1,20,calm,-0.0066298526554168236,1083.1007793783153,-0.004910178153020061,0.00624009201601192,-0.7868759211275518,uniform,0.005835406779896085,-0.8414457360430151,bartlett,,,,,,,,
ma50_gap,2,2.0,filtered,soft,1757,1,20,stress,-0.02438291791569978,847.6924114679302,-0.026640894683573123,0.010819646062374863,-2.4622704411945957,uniform,0.010026902724206622,-2.6569415717235936,bartlett,,,,,,,,
ma50_gap,2,2.0,filtered,soft,1757,1,20,contrast,,,-0.021730716530553064,0.013033310223586564,-1.6673213602501906,uniform,0.012106830108622886,-1.7949138077914983,bartlett,stress - calm,0.07266743364497678,robustness,two-sided,0.09545052150390032,,,
ma50_gap,2,2.0,window,hard,1757,1,20,calm,-0.00695218042027692,993.0,-0.00695218042027692,0.005948090791313893,-1.1688087260586737,uniform,0.005537394399075862,-1.2554967046301004,bartlett,,,,,,,,
ma50_gap,2,2.0,window,hard,1757,1,20,stress,-0.023861991603186732,764.0,-0.023861991603186736,0.010127496060856932,-2.356159060423043,uniform,0.009544441984700239,-2.500092896099904,bartlett,,,,,,,,
ma50_gap,2,2.0,window,hard,1757,1,20,contrast,,,-0.016909811182909816,0.011681975701656936,-1.4475129562640143,uniform,0.011073180123867132,-1.5270961904125817,bartlett,stress - calm,0.12673709411089135,robustness,two-sided,0.14775331036706263,,,
ma50_gap,2,3.0,window,soft,1757,1,20,calm,-0.006756941420256482,830.6782111519385,-0.008259135849195975,0.00763879123812533,-1.0812097872205872,uniform,0.007282537058063089,-1.1341014516433685,bartlett,,,,,,,,
ma50_gap,2,3.0,window,soft,1757,1,20,middle,-0.00659569928972039,917.4087947294468,0.0034524081536175134,0.013257750020520374,0.26040679212338963,uniform,0.011388629208681885,0.3031451889737214,bartlett,,,,,,,,
ma50_gap,2,3.0,window,soft,1757,1,20,stress,-0.03502180806199401,605.144791728466,-0.04556948319263599,0.015571045406857168,-2.92655258538827,uniform,0.013023348895680766,-3.499060307579508,bartlett,,,,,,,,
ma50_gap,2,3.0,window,soft,1757,1,20,contrast,,,-0.03731034734344002,0.01692823932389239,-2.2040300015596115,uniform,0.014728336026789237,-2.533235748802619,bartlett,stress - calm,0.011301491607220285,exploratory,two-sided,0.027522234236674974,0.21567100514981016,benjamini_hochberg,False
ma50_gap,2,3.0,filtered,soft,1757,1,20,calm,-0.0067644416337838305,811.6489343120405,-0.008102798394179558,0.007486896205184832,-1.0822640213134251,uniform,0.007141771381347339,-1.1345642364501054,bartlett,,,,,,,,
ma50_gap,2,3.0,filtered,soft,1757,1,20,middle,-0.00615028552149178,876.3679842226819,0.0024716389536202955,0.012726589329081129,0.19421063174973605,uniform,0.01095697079202571,0.22557684970914685,bartlett,,,,,,,,
ma50_gap,2,3.0,filtered,soft,1757,1,20,stress,-0.03562451490831022,585.1519272897989,-0.04464698986487317,0.015213968982553281,-2.9346050275291344,uniform,0.01275058574530524,-3.5015638306116386,bartlett,,,,,,,,
ma50_gap,2,3.0,filtered,soft,1757,1,20,contrast,,,-0.03654419147069361,0.016616626278735665,-2.199254581386313,uniform,0.014469471753530966,-2.525606469481222,bartlett,stress - calm,0.011549877816799947,robustness,two-sided,0.027859825254570824,,,
ma50_gap,2,3.0,window,hard,1757,1,20,rest,-0.006540195399115063,1281.0,-0.006540195399115063,0.005851623017113892,-1.1176720338933908,uniform,0.005268143275680519,-1.2414611860134397,bartlett,,,,,,,,
ma50_gap,2,3.0,window,hard,1757,1,20,stress,-0.0352018622603009,476.0,-0.0352018622603009,0.012888013640764065,-2.731364447734551,uniform,0.011486579906892749,-3.064607789754488,bartlett,,,,,,,,
ma50_gap,2,3.0,window,hard,1757,1,20,contrast,,,-0.028661666861185837,0.014062907442066222,-2.0381039254692457,uniform,0.012277280848881264,-2.334528892348142,bartlett,stress - rest,0.01956804501377637,robustness,two-sided,0.04153954067988974,,,
ma50_gap,2,,none,stress_vol,1738,1,20,calm,-0.007734370152228912,868.0,-0.007734370152228912,0.006257689510338707,-1.2359785731539559,uniform,0.005419510116186329,-1.427134553938527,bartlett,,,,,,,,
ma50_gap,2,,none,stress_vol,1738,1,20,stress,-0.019772477992361436,870.0,-0.019772477992361433,0.009225855486890429,-2.143159300561052,uniform,0.008848803264719145,-2.234480460334768,bartlett,,,,,,,,
ma50_gap,2,,none,stress_vol,1738,1,20,contrast,,,-0.012038107840132522,0.011071805836478052,-1.0872759166775499,uniform,0.010250836703317619,-1.1743536833667894,bartlett,stress - calm,0.24025338895969875,robustness,two-sided,0.2769148887171695,,,
earn_next5,2,2.0,window,soft,1737,1,20,calm,0.004249733372162906,1084.1552377206144,0.0041474257001344016,0.0026677274410134354,1.5546662062893681,uniform,0.002601242586591808,1.5944017376589352,bartlett,,,,,,,,
earn_next5,2,2.0,window,soft,1737,1,20,stress,0.005145531492351606,851.8743119054387,0.005279920481717359,0.0030990798175470568,1.7037058716017366,uniform,0.002744316120266457,1.923947624956818,bartlett,,,,,,,,
earn_next5,2,2.0,window,soft,1737,1,20,contrast,,,0.0011324947815829576,0.0042920838373123596,0.26385663106993484,uniform,0.003871257398602865,0.29253926178912165,bartlett,stress - calm,0.7698743455020856,exploratory,two-sided,0.791890395027848,0.8607504293780955,benjamini_hochberg,False
earn_next5,2,2.0,filtered,soft,1737,1,20,calm,0.004243868111370169,1071.8577790478444,0.004154821045755634,0.00264830154576051,1.568862523380999,uniform,0.002583453424963758,1.6082430616351908,bartlett,,,,,,,,
earn_next5,2,2.0,filtered,soft,1737,1,20,stress,0.0051533333725350804,838.662625538893,0.005270325604415783,0.003070580668962815,1.7163937940754381,uniform,0.0027200910268781833,1.9375548657518549,bartlett,,,,,,,,
earn_next5,2,2.0,filtered,soft,1737,1,20,contrast,,,0.0011155045586601492,0.004227691963384746,0.2638566310699377,uniform,0.003813178962160143,0.29253926178912476,bartlett,stress - calm,0.7698743455020831,robustness,two-sided,0.791890395027846,,,
earn_next5,2,2.0,window,hard,1737,1,20,calm,0.004355550452473447,982.0,0.004355550452473446,0.00254496793899629,1.7114362761643402,uniform,0.0024869735042948966,1.7513457400939727,bartlett,,,,,,,,
earn_next5,2,2.0,window,hard,1737,1,20,stress,0.005002898783785962,755.0,0.005002898783785962,0.002879803069357669,1.7372364232189816,uniform,0.002559610578591845,1.954554659849186,bartlett,,,,,,,,
earn_next5,2,2.0,window,hard,1737,1,20,contrast,,,0.0006473483313125155,0.0038248295142454558,0.16924893747590244,uniform,0.0034500386027269806,0.18763509799595812,bartlett,stress - calm,0.8511627106603927,robustness,two-sided,0.8656008384354781,,,
earn_next5,2,3.0,window,soft,1737,1,20,calm,0.0023098492785305564,819.8455013615973,0.0010203418789150784,0.003389461760786134,0.30103360088606684,uniform,0.0034076938484579986,0.2994229893559215,bartlett,,,,,,,,
earn_next5,2,3.0,window,soft,1737,1,20,middle,0.00655993583787045,913.0281339148405,0.008560533875951154,0.004555998153559876,1.8789590310220587,uniform,0.004780914509946562,1.7905640977560249,bartlett,,,,,,,,
earn_next5,2,3.0,window,soft,1737,1,20,stress,0.005547133970643344,596.4900932943216,0.004850993384785995,0.0041619660141420595,1.165553339047621,uniform,0.0032504993009368536,1.4923840726216584,bartlett,,,,,,,,
earn_next5,2,3.0,window,soft,1737,1,20,contrast,,,0.003830651505870917,0.005234928320824764,0.7317486068782307,uniform,0.0045643214195954795,0.8392598052856703,bartlett,stress - calm,0.40132353354522476,exploratory,two-sided,0.46432202265393374,0.6550799635562657,benjamini_hochberg,False
earn_next5,2,3.0,filtered,soft,1737,1,20,calm,0.0022450922686553993,800.8270118743003,0.0011223674465041585,0.0033289392669794745,0.3371546779591875,uniform,0.0033441553757655985,0.33562060382652165,bartlett,,,,,,,,
earn_next5,2,3.0,filtered,soft,1737,1,20,middle,0.006643362555852188,872.8245161583571,0.00837610446487674,0.004377253852156845,1.9135523658856348,uniform,0.0045963340916403824,1.8223445680571488,bartlett,,,,,,,,
earn_next5,2,3.0,filtered,soft,1737,1,20,stress,0.005524239888532878,576.4865423058966,0.004920329662928817,0.004062459107189318,1.2111702624209382,uniform,0.0031671331019812107,1.553559482501979,bartlett,,,,,,,,
earn_next5,2,3.0,filtered,soft,1737,1,20,contrast,,,0.003797962216424659,0.005145920569787886,0.7380530198469833,uniform,0.004491400353759557,0.8456075872295706,bartlett,stress - calm,0.39777169153382363,robustness,two-sided,0.46048223086934126,,,
earn_next5,2,3.0,window,hard,1737,1,20,rest,0.0043584799614613135,1270.0,0.0043584799614613135,0.0022579347514082825,1.9302949116412302,uniform,0.002281668229179458,1.9102163521068645,bartlett,,,,,,,,
earn_next5,2,3.0,window,hard,1737,1,20,stress,0.0053941532655919925,467.0,0.005394153265591993,0.003506654182185973,1.5382621112154817,uniform,0.002696803507204984,2.00020255505474,bartlett,,,,,,,,
earn_next5,2,3.0,window,hard,1737,1,20,contrast,,,0.0010356733041306798,0.004135906589276068,0.25041022609554625,uniform,0.0034526371801291886,0.299965866697852,bartlett,stress - rest,0.764203191806476,robustness,two-sided,0.8022701222064916,,,
earn_next5,2,,none,stress_vol,1718,1,20,calm,0.00397679928371815,857.0,0.00397679928371815,0.002693205818451217,1.4766042968097737,uniform,0.0026165436746000944,1.5198673434434278,bartlett,,,,,,,,
earn_next5,2,,none,stress_vol,1718,1,20,stress,0.00519750957368376,861.0,0.00519750957368376,0.0026572455039000527,1.9559764297485305,uniform,0.0025063835539752104,2.0737087767115017,bartlett,,,,,,,,
earn_next5,2,,none,stress_vol,1718,1,20,contrast,,,0.0012207102899656095,0.003732020301145943,0.327091010086623,uniform,0.003509385163788992,0.34784163977248944,bartlett,stress - calm,0.7279591160480592,robustness,two-sided,0.743599051089679,,,
days_since_earn,2,2.0,window,soft,1757,1,20,calm,-0.006254239802896926,1095.550988337226,-0.0065544874783723716,0.003513637287844546,-1.8654422586667296,uniform,0.0035646730358107667,-1.838734552236875,bartlett,,,,,,,,
days_since_earn,2,2.0,window,soft,1757,1,20,stress,-0.003600336319924734,861.0511198024525,-0.0032061741747263723,0.0043306480258353776,-0.7403451297817962,uniform,0.0036895090729110462,-0.8689975038323134,bartlett,,,,,,,,
days_since_earn,2,2.0,window,soft,1757,1,20,contrast,,,0.0033483133036459993,0.005860345049753584,0.5713508804036699,uniform,0.005317354100426799,0.6296953786427814,bartlett,stress - calm,0.5288939067366965,exploratory,two-sided,0.5677618182528612,0.7500156561415482,benjamini_hochberg,False
days_since_earn,2,2.0,filtered,soft,1757,1,20,calm,-0.00627162678614201,1083.1007793783153,-0.006532622535123773,0.003487792077299568,-1.872996552071324,uniform,0.0035396861980037065,-1.8455371944575218,bartlett,,,,,,,,
days_since_earn,2,2.0,filtered,soft,1757,1,20,stress,-0.0035772363315113745,847.6924114679302,-0.0032345422130063027,0.004290886684452147,-0.7538167401918431,uniform,0.0036561298283349706,-0.8846901956102958,bartlett,,,,,,,,
days_since_earn,2,2.0,filtered,soft,1757,1,20,contrast,,,0.00329808032211747,0.005772425378582312,0.5713508804036662,uniform,0.005237580636570709,0.6296953786427771,bartlett,stress - calm,0.5288939067366991,robustness,two-sided,0.5677618182528636,,,
days_since_earn,2,2.0,window,hard,1757,1,20,calm,-0.006477198902984163,993.0,-0.006477198902984163,0.003330511904052841,-1.9448058105128447,uniform,0.003397587390859354,-1.906411273013902,bartlett,,,,,,,,
days_since_earn,2,2.0,window,hard,1757,1,20,stress,-0.00332552464108632,764.0,-0.00332552464108632,0.00404529142414253,-0.8220729466459201,uniform,0.003443595513237685,-0.9657129091679081,bartlett,,,,,,,,
days_since_earn,2,2.0,window,hard,1757,1,20,contrast,,,0.003151674261897843,0.005220123673051527,0.6037547114387558,uniform,0.004742706819811328,0.6645306955792855,bartlett,stress - calm,0.5063507095510398,robustness,two-sided,0.5460067334498979,,,
days_since_earn,2,3.0,window,soft,1757,1,20,calm,-0.009396225539138901,830.6782111519385,-0.011509759989984089,0.004276434720704416,-2.691438252116753,uniform,0.004031867910221101,-2.8546966930156477,bartlett,,,,,,,,
days_since_earn,2,3.0,window,soft,1757,1,20,middle,-0.0021285865522606487,917.4087947294468,0.0008729623105835113,0.005948696058726219,0.1467485146266553,uniform,0.005942918030631902,0.14689119151298313,bartlett,,,,,,,,
days_since_earn,2,3.0,window,soft,1757,1,20,stress,-0.0026553232359496663,605.144791728466,-0.0033906189432282158,0.006056396772743636,-0.5598409533680891,uniform,0.00521348666291153,-0.6503553499712391,bartlett,,,,,,,,
days_since_earn,2,3.0,window,soft,1757,1,20,contrast,,,0.008119141046755873,0.007267762219541904,1.1171445627272645,uniform,0.006479304612760465,1.2530883377154214,bartlett,stress - calm,0.21017355979913743,exploratory,two-sided,0.26393251940621854,0.5223819820288157,benjamini_hochberg,False
days_since_earn,2,3.0,filtered,soft,1757,1,20,calm,-0.009505308239966166,811.6489343120405,-0.011342120607375472,0.004202379537008001,-2.6989757844316,uniform,0.0039647753712584565,-2.8607221205007076,bartlett,,,,,,,,
days_since_earn,2,3.0,filtered,soft,1757,1,20,middle,-0.002002788034943682,876.3679842226819,0.0005994310891971307,0.005716126124798923,0.1048666660094413,uniform,0.0057154462760096985,0.10487913983431406,bartlett,,,,,,,,
days_since_earn,2,3.0,filtered,soft,1757,1,20,stress,-0.002668399557372388,585.1519272897989,-0.0033111892975010077,0.005914726708161194,-0.5598211820898163,uniform,0.005085011944176586,-0.65116647391419,bartlett,,,,,,,,
days_since_earn,2,3.0,filtered,soft,1757,1,20,contrast,,,0.008030931309874464,0.007140268720728848,1.1247379649115925,uniform,0.006365798057780305,1.2615749411119046,bartlett,stress - calm,0.2071017779073827,robustness,two-sided,0.26070008887162066,,,
days_since_earn,2,3.0,window,hard,1757,1,20,rest,-0.006092471927278722,1281.0,-0.006092471927278722,0.002976049884483051,-2.047167273319077,uniform,0.00296210315024254,-2.056806133432546,bartlett,,,,,,,,
days_since_earn,2,3.0,window,hard,1757,1,20,stress,-0.0024539974739688553,476.0,-0.0024539974739688553,0.005044595915772719,-0.4864606630426132,uniform,0.004261388636538289,-0.5758680287753206,bartlett,,,,,,,,
days_since_earn,2,3.0,window,hard,1757,1,20,contrast,,,0.0036384744533098667,0.005809623652427103,0.6262840195835768,uniform,0.005101616660214916,0.7132002844675884,bartlett,stress - rest,0.4757218302910413,robustness,two-sided,0.531128666168682,,,
days_since_earn,2,,none,stress_vol,1738,1,20,calm,-0.007173998863972873,868.0,-0.007173998863972873,0.003571605981698048,-2.0086199039688415,uniform,0.0035899817443578977,-1.9983385361910833,bartlett,,,,,,,,
days_since_earn,2,,none,stress_vol,1738,1,20,stress,-0.003094591760421573,870.0,-0.003094591760421573,0.0037507847944822387,-0.8250518038182335,uniform,0.0034067880546162855,-0.9083605175344917,bartlett,,,,,,,,
days_since_earn,2,,none,stress_vol,1738,1,20,contrast,,,0.0040794071035513,0.0051523885924790545,0.7917506667695859,uniform,0.004892032377552954,0.8338880016963137,bartlett,stress - calm,0.40434409901210433,robustness,two-sided,0.4285060729014183,,,
var_ratio_60d,2,2.0,window,soft,1757,1,20,calm,0.0007214396112896868,1095.550988337226,0.000203088178761329,0.0032887845006386324,0.06175174406285737,uniform,0.0032484732177202502,0.06251804006063331,bartlett,,,,,,,,
var_ratio_60d,2,2.0,window,soft,1757,1,20,stress,0.005303172575624045,861.0511198024525,0.005983659151543379,0.0051505246017643745,1.161757221680604,uniform,0.004779294056414647,1.2519964415063065,bartlett,,,,,,,,
var_ratio_60d,2,2.0,window,soft,1757,1,20,contrast,,,0.00578057097278205,0.006432745575256217,0.8986164469207706,uniform,0.0060033230001568,0.9628952119736132,bartlett,stress - calm,0.3356001126439754,exploratory,two-sided,0.3688569951933236,0.5470336793121324,benjamini_hochberg,False
var_ratio_60d,2,2.0,filtered,soft,1757,1,20,calm,0.0006914225007219909,1083.1007793783153,0.00024083609683301786,0.0032634720461354595,0.07379750567136352,uniform,0.0032247510022534774,0.0746836257015565,bartlett,,,,,,,,
var_ratio_60d,2,2.0,filtered,soft,1757,1,20,stress,0.005343052691486735,847.6924114679302,0.005934684206917643,0.005103642931730332,1.16283295800742,uniform,0.004736536646582698,1.252958574953575,bartlett,,,,,,,,
var_ratio_60d,2,2.0,filtered,soft,1757,1,20,contrast,,,0.005693848110084625,0.006336238480383233,0.8986164469207676,uniform,0.005913258306076898,0.9628952119736099,bartlett,stress - calm,0.3356001126439767,robustness,two-sided,0.36885699519332515,,,
var_ratio_60d,2,2.0,window,hard,1757,1,20,calm,0.00029376057839961375,993.0,0.00029376057839961375,0.0031396213149101336,0.09356560837593313,uniform,0.003112254844894362,0.09438834319160157,bartlett,,,,,,,,
var_ratio_60d,2,2.0,window,hard,1757,1,20,stress,0.005833187247039901,764.0,0.005833187247039901,0.004712864743093199,1.2377158193620044,uniform,0.004410935540181562,1.3224376538496856,bartlett,,,,,,,,
var_ratio_60d,2,2.0,window,hard,1757,1,20,contrast,,,0.005539426668640287,0.005625248742191942,0.9847434171385259,uniform,0.005304353326590357,1.0443170595125186,bartlett,stress - calm,0.29633872264481464,robustness,two-sided,0.3247501203980363,,,
var_ratio_60d,2,3.0,window,soft,1757,1,20,calm,0.002103351409300801,830.6782111519385,0.003325253951562901,0.004038020823671046,0.8234860831004447,uniform,0.004123181226380476,0.8064777580688508,bartlett,,,,,,,,
var_ratio_60d,2,3.0,window,soft,1757,1,20,middle,-0.0006442875363136187,917.4087947294468,-0.0046792732670841155,0.006221029525561055,-0.7521702393241907,uniform,0.006062245531200953,-0.7718712881226925,bartlett,,,,,,,,
var_ratio_60d,2,3.0,window,soft,1757,1,20,stress,0.007810881693578025,605.144791728466,0.011148839144333266,0.007521088425833838,1.4823438461431506,uniform,0.00651460583479748,1.7113605069983258,bartlett,,,,,,,,
var_ratio_60d,2,3.0,window,soft,1757,1,20,contrast,,,0.007823585192770365,0.008349428416241807,0.9370204525080374,uniform,0.007547996434553925,1.036511511446246,bartlett,stress - calm,0.29996357183730815,exploratory,two-sided,0.34874803747829053,0.5394918594503394,benjamini_hochberg,False
var_ratio_60d,2,3.0,filtered,soft,1757,1,20,calm,0.0021460677991974853,811.6489343120405,0.0032175310145097624,0.003961005506103101,0.8123015758378027,uniform,0.00404545534277303,0.7953445884052814,bartlett,,,,,,,,
var_ratio_60d,2,3.0,filtered,soft,1757,1,20,middle,-0.0008204549777352061,876.3679842226819,-0.004292653994644367,0.005971128816102736,-0.7189015891045735,uniform,0.005823553996076525,-0.7371192913359156,bartlett,,,,,,,,
var_ratio_60d,2,3.0,filtered,soft,1757,1,20,stress,0.007990862197686223,585.1519272897989,0.010851284102592536,0.007351227708184021,1.476118620364861,uniform,0.006367465497062926,1.7041763489095982,bartlett,,,,,,,,
var_ratio_60d,2,3.0,filtered,soft,1757,1,20,contrast,,,0.007633753088082774,0.00819815636048948,0.9311548538977844,uniform,0.007415225141284824,1.029470170174777,bartlett,stress - calm,0.3032587901478261,robustness,two-sided,0.35177346718864255,,,
var_ratio_60d,2,3.0,window,hard,1757,1,20,rest,0.0008218440090511464,1281.0,0.0008218440090511464,0.002845738524231481,0.28879814573726276,uniform,0.00289880535684066,0.2835112771927726,bartlett,,,,,,,,
var_ratio_60d,2,3.0,window,hard,1757,1,20,stress,0.007763607427510056,476.0,0.007763607427510055,0.0064112579676465,1.2109335588566228,uniform,0.005800539609817966,1.3384284824759078,bartlett,,,,,,,,
var_ratio_60d,2,3.0,window,hard,1757,1,20,contrast,,,0.006941763418458908,0.006969929053047558,0.9959589782945732,uniform,0.006495656194904,1.0686777763738313,bartlett,stress - rest,0.28521488887377,robustness,two-sided,0.31927007709906086,,,
var_ratio_60d,2,,none,stress_vol,1738,1,20,calm,0.000708263743888769,868.0,0.000708263743888769,0.0033041337648783047,0.21435686152217728,uniform,0.0032120863214058354,0.22049959839771147,bartlett,,,,,,,,
var_ratio_60d,2,,none,stress_vol,1738,1,20,stress,0.004313949411930519,870.0,0.004313949411930519,0.004324746490297878,0.9975034193584339,uniform,0.0040315143052954555,1.0700568285877297,bartlett,,,,,,,,
var_ratio_60d,2,,none,stress_vol,1738,1,20,contrast,,,0.0036056856680417504,0.005373916579245505,0.6709604838242551,uniform,0.004943321167102657,0.7294055041451187,bartlett,stress - calm,0.4657536519006129,robustness,two-sided,0.5022457035207606,,,
ret_vol_corr_60d,2,2.0,window,soft,1757,1,20,calm,-0.002786240577148032,1095.550988337226,-0.002130433652206588,0.00371816237733823,-0.5729802617527774,uniform,0.003548630752730948,-0.600353714053527,bartlett,,,,,,,,
ret_vol_corr_60d,2,2.0,window,soft,1757,1,20,stress,-0.008582949176151614,861.0511198024525,-0.009443885947640469,0.005759123857464483,-1.6398129613760803,uniform,0.005287084679447853,-1.7862180237723606,bartlett,,,,,,,,
ret_vol_corr_60d,2,2.0,window,soft,1757,1,20,contrast,,,-0.00731345229543388,0.007156075421974177,-1.0219920646694758,uniform,0.006803866670618005,-1.0748964742381686,bartlett,stress - calm,0.28242108069358823,exploratory,two-sided,0.30678465618853623,0.5229754876531013,benjamini_hochberg,False
ret_vol_corr_60d,2,2.0,filtered,soft,1757,1,20,calm,-0.0027482635836611757,1083.1007793783153,-0.0021781914947050338,0.0036903687706751993,-0.5902368110237683,uniform,0.0035203356810900232,-0.6187453959022984,bartlett,,,,,,,,
ret_vol_corr_60d,2,2.0,filtered,soft,1757,1,20,stress,-0.008633404628782785,847.6924114679302,-0.009381923916056037,0.005707314737080406,-1.6438420427564133,uniform,0.0052377706708523035,-1.7912055539708054,bartlett,,,,,,,,
ret_vol_corr_60d,2,2.0,filtered,soft,1757,1,20,contrast,,,-0.007203732421351004,0.007048716590261145,-1.02199206466948,uniform,0.006701791841355336,-1.074896474238173,bartlett,stress - calm,0.2824210806935863,robustness,two-sided,0.3067846561885342,,,
ret_vol_corr_60d,2,2.0,window,hard,1757,1,20,calm,-0.0025490948044871093,993.0,-0.0025490948044871093,0.0035451861375184845,-0.7190298916917782,uniform,0.003322593493589867,-0.7672003239050956,bartlett,,,,,,,,
ret_vol_corr_60d,2,2.0,window,hard,1757,1,20,stress,-0.008858464009825736,764.0,-0.008858464009825736,0.0053557120588702215,-1.6540217084961086,uniform,0.004906284449665521,-1.805534126833932,bartlett,,,,,,,,
ret_vol_corr_60d,2,2.0,window,hard,1757,1,20,contrast,,,-0.006309369205338627,0.006364505083159017,-0.9913369732445836,uniform,0.005995438464833156,-1.0523615982962486,bartlett,stress - calm,0.292633680294299,robustness,two-sided,0.3215210647832712,,,
ret_vol_corr_60d,2,3.0,window,soft,1757,1,20,calm,-0.0038187500435047685,830.6782111519385,-0.004702114848396572,0.004522452643813745,-1.0397267188255883,uniform,0.004208919092406901,-1.117178720987871,bartlett,,,,,,,,
ret_vol_corr_60d,2,3.0,window,soft,1757,1,20,middle,-0.0023238327604685094,917.4087947294468,0.0013705382447728965,0.007348961995289179,0.18649412606180804,uniform,0.00550462406600526,0.24897944497915636,bartlett,,,,,,,,
ret_vol_corr_60d,2,3.0,window,soft,1757,1,20,stress,-0.011191396907334,605.144791728466,-0.014589110492453459,0.007788610118793671,-1.8731340084992052,uniform,0.007287503321671179,-2.001935347194856,bartlett,,,,,,,,
ret_vol_corr_60d,2,3.0,window,soft,1757,1,20,contrast,,,-0.009886995644056887,0.008844629039955962,-1.1178530608114814,uniform,0.008364268857057006,-1.1820513918219095,bartlett,stress - calm,0.23718530982350877,exploratory,two-sided,0.263629755228679,0.5223819820288157,benjamini_hochberg,False
ret_vol_corr_60d,2,3.0,filtered,soft,1757,1,20,calm,-0.003842753829819815,811.6489343120405,-0.004620585181390682,0.004437578307567852,-1.041240257892628,uniform,0.004138817256648224,-1.1164023185533474,bartlett,,,,,,,,
ret_vol_corr_60d,2,3.0,filtered,soft,1757,1,20,middle,-0.0021615108211809637,876.3679842226819,0.0010138066176278524,0.007064910415956282,0.14349886381264568,uniform,0.005296336438570194,0.19141658189326452,bartlett,,,,,,,,
ret_vol_corr_60d,2,3.0,filtered,soft,1757,1,20,stress,-0.011379791591400075,585.1519272897989,-0.014288941581824716,0.007613108203491425,-1.8768867064403087,uniform,0.007135432785065487,-2.00253327474846,bartlett,,,,,,,,
ret_vol_corr_60d,2,3.0,filtered,soft,1757,1,20,contrast,,,-0.009668356400434034,0.008686545811787728,-1.1130265827083972,uniform,0.008216160800815001,-1.1767486828489266,bartlett,stress - calm,0.2392958305320848,robustness,two-sided,0.2656970128677348,,,
ret_vol_corr_60d,2,3.0,window,hard,1757,1,20,rest,-0.003430407249487712,1281.0,-0.003430407249487712,0.003385910469178881,-1.0131417474602105,uniform,0.002896599101511954,-1.1842878939295132,bartlett,,,,,,,,
ret_vol_corr_60d,2,3.0,window,hard,1757,1,20,stress,-0.010304130163379836,476.0,-0.010304130163379834,0.006670939741818125,-1.5446294768316262,uniform,0.006524045818873051,-1.5794080007181412,bartlett,,,,,,,,
ret_vol_corr_60d,2,3.0,window,hard,1757,1,20,contrast,,,-0.006873722913892122,0.007391072383939627,-0.9300034632089823,uniform,0.007008479287559067,-0.9807723804069516,bartlett,stress - rest,0.32670500132206004,robustness,two-sided,0.3523692913785339,,,
ret_vol_corr_60d,2,,none,stress_vol,1738,1,20,calm,-0.0026159611032627,868.0,-0.0026159611032627,0.0037812284779086833,-0.6918283617470088,uniform,0.003463202018611358,-0.7553590836469953,bartlett,,,,,,,,
ret_vol_corr_60d,2,,none,stress_vol,1738,1,20,stress,-0.007772876908905001,870.0,-0.007772876908905001,0.004909360472980767,-1.583276875202774,uniform,0.004479383811701203,-1.7352558377784955,bartlett,,,,,,,,
ret_vol_corr_60d,2,,none,stress_vol,1738,1,20,contrast,,,-0.005156915805642301,0.006135515675282269,-0.8405024253165245,uniform,0.00563815251124523,-0.914646383785627,bartlett,stress - calm,0.3603772999766937,robustness,two-sided,0.40062674231331247,,,
ret_20d_ind_rel,2,2.0,window,soft,1757,1,20,calm,-0.007597018199033879,1095.550988337226,-0.0067327625409834575,0.004133541490484706,-1.6288121351828895,uniform,0.0037045936699564895,-1.817409179199546,bartlett,,,,,,,,
ret_20d_ind_rel,2,2.0,window,soft,1757,1,20,stress,-0.015236215063577026,861.0511198024525,-0.016370801246925654,0.0068653114841439565,-2.3845678793650467,uniform,0.006447550285928935,-2.5390730620051336,bartlett,,,,,,,,
ret_20d_ind_rel,2,2.0,window,soft,1757,1,20,contrast,,,-0.009638038705942197,0.008406061796507337,-1.1465581552049424,uniform,0.007704767441008701,-1.2509188343107722,bartlett,stress - calm,0.21096409156749643,exploratory,two-sided,0.2515642790407049,0.5223819820288157,benjamini_hochberg,False
ret_20d_ind_rel,2,2.0,filtered,soft,1757,1,20,calm,-0.007546970189096051,1083.1007793783153,-0.00679570025027838,0.004101701287482392,-1.6568003796418713,uniform,0.00367705565548236,-1.8481363588136694,bartlett,,,,,,,,
ret_20d_ind_rel,2,2.0,filtered,soft,1757,1,20,stress,-0.015302707820450356,847.6924114679302,-0.016289144536170502,0.006803259514730047,-2.3943147400010445,uniform,0.006390327888053249,-2.549031101615794,bartlett,,,,,,,,
ret_20d_ind_rel,2,2.0,filtered,soft,1757,1,20,contrast,,,-0.009493444285892123,0.008279950077364552,-1.1465581552049426,uniform,0.0075891768718334114,-1.250918834310772,bartlett,stress - calm,0.21096409156749643,robustness,two-sided,0.25156427904070466,,,
ret_20d_ind_rel,2,2.0,window,hard,1757,1,20,calm,-0.008135046836705647,993.0,-0.008135046836705647,0.003937519122226517,-2.0660336075029875,uniform,0.003544229816586847,-2.2952932675623825,bartlett,,,,,,,,
ret_20d_ind_rel,2,2.0,window,hard,1757,1,20,stress,-0.014493808367049008,764.0,-0.014493808367049008,0.006345028913798258,-2.284277749393695,uniform,0.006085971142035849,-2.381511188401825,bartlett,,,,,,,,
ret_20d_ind_rel,2,2.0,window,hard,1757,1,20,contrast,,,-0.0063587615303433605,0.007417914073952425,-0.8572169301167538,uniform,0.006987475639569608,-0.9100227118265884,bartlett,stress - calm,0.3628105322331987,robustness,two-sided,0.3913250075948398,,,
ret_20d_ind_rel,2,3.0,window,soft,1757,1,20,calm,-0.0077089094889912484,830.6782111519385,-0.008606240975951128,0.005042727644458395,-1.706663849952076,uniform,0.0046307614147548725,-1.85849371304885,bartlett,,,,,,,,
ret_20d_ind_rel,2,3.0,window,soft,1757,1,20,middle,-0.0069903067526806235,917.4087947294468,-0.001972313168794937,0.008327219169265668,-0.23685135802290463,uniform,0.007921005263976783,-0.2489978358889168,bartlett,,,,,,,,
ret_20d_ind_rel,2,3.0,window,soft,1757,1,20,stress,-0.02048227718772159,605.144791728466,-0.025536265615486508,0.009625377529388624,-2.653014444110692,uniform,0.00819658163176004,-3.115477495708555,bartlett,,,,,,,,
ret_20d_ind_rel,2,3.0,window,soft,1757,1,20,contrast,,,-0.016930024639535378,0.01064518410019314,-1.5903928462099786,uniform,0.009246439796580352,-1.8309776532365112,bartlett,stress - calm,0.0671038786032439,exploratory,two-sided,0.11174628185020981,0.36229470245730205,benjamini_hochberg,False
ret_20d_ind_rel,2,3.0,filtered,soft,1757,1,20,calm,-0.007722098114536093,811.6489343120405,-0.008517477617641182,0.004946536745924264,-1.721907276774851,uniform,0.004539041957604597,-1.876492373764295,bartlett,,,,,,,,
ret_20d_ind_rel,2,3.0,filtered,soft,1757,1,20,middle,-0.00676850967936456,876.3679842226819,-0.002460387909488114,0.007998263529685558,-0.30761525928176575,uniform,0.007619029344011985,-0.3229266876917601,bartlett,,,,,,,,
ret_20d_ind_rel,2,3.0,filtered,soft,1757,1,20,stress,-0.020768510418310744,585.1519272897989,-0.025092910374169733,0.009407299343135639,-2.667387255246602,uniform,0.00801700544951485,-3.1299604986158807,bartlett,,,,,,,,
ret_20d_ind_rel,2,3.0,filtered,soft,1757,1,20,contrast,,,-0.01657543275652855,0.010451420700289997,-1.5859502006333577,uniform,0.00908256806179794,-1.8249720391577622,bartlett,stress - calm,0.06800524888210953,robustness,two-sided,0.11275060673056111,,,
ret_20d_ind_rel,2,3.0,window,hard,1757,1,20,rest,-0.007826789290269476,1281.0,-0.007826789290269474,0.0038232498775258796,-2.047156095205157,uniform,0.0035560188080527378,-2.2009977204129,bartlett,,,,,,,,
ret_20d_ind_rel,2,3.0,window,hard,1757,1,20,stress,-0.01917070172361127,476.0,-0.01917070172361127,0.008039428870895197,-2.384585028547755,uniform,0.00725054618958631,-2.6440355281296513,bartlett,,,,,,,,
ret_20d_ind_rel,2,3.0,window,hard,1757,1,20,contrast,,,-0.011343912433341796,0.00884464244944386,-1.2825744509383854,uniform,0.007953899441437942,-1.4262076754758408,bartlett,stress - rest,0.15380840474436008,robustness,two-sided,0.1996412059212915,,,
ret_20d_ind_rel,2,,none,stress_vol,1738,1,20,calm,-0.006535891321933672,868.0,-0.006535891321933672,0.004134074330477758,-1.5809806015699641,uniform,0.0036273841211300153,-1.8018194665023755,bartlett,,,,,,,,
ret_20d_ind_rel,2,,none,stress_vol,1738,1,20,stress,-0.01476017270736049,870.0,-0.01476017270736049,0.005813038215519789,-2.5391494361680653,uniform,0.0056740160211179854,-2.6013625362397557,bartlett,,,,,,,,
ret_20d_ind_rel,2,,none,stress_vol,1738,1,20,contrast,,,-0.008224281385426819,0.007084206426572158,-1.1609319223926553,uniform,0.0066760401992558335,-1.2319101053860588,bartlett,stress - calm,0.217982666115057,robustness,two-sided,0.24566958569833103,,,
ind_mom_12_1,2,2.0,window,soft,1757,1,20,calm,0.007844404376405552,1095.550988337226,0.0077846183931669696,0.009050029369666753,0.8601760364733071,uniform,0.009031701029307115,0.8619216211770665,bartlett,,,,,,,,
ind_mom_12_1,2,2.0,window,soft,1757,1,20,stress,0.008372855525606043,861.0511198024525,0.008451341966404631,0.012289967910360139,0.6876618415968653,uniform,0.010382305429682485,0.8140139994574492,bartlett,,,,,,,,
ind_mom_12_1,2,2.0,window,soft,1757,1,20,contrast,,,0.0006667235732376615,0.01596679521920372,0.04175688133306639,uniform,0.014325124703726612,0.04654225265237772,bartlett,stress - calm,0.9628780578099851,exploratory,two-sided,0.9666925087213603,0.9893051989838482,benjamini_hochberg,False
ind_mom_12_1,2,2.0,filtered,soft,1757,1,20,calm,0.007840942241728847,1083.1007793783153,0.0077889721891738935,0.008983352090026835,0.8670451865981161,uniform,0.008967248989434287,0.8686021987737036,bartlett,,,,,,,,
ind_mom_12_1,2,2.0,filtered,soft,1757,1,20,stress,0.00837745524654614,847.6924114679302,0.008445693259687996,0.012178501789474858,0.6934919750955817,uniform,0.010288160403184221,0.8209138396670045,bartlett,,,,,,,,
ind_mom_12_1,2,2.0,filtered,soft,1757,1,20,contrast,,,0.0006567210705141022,0.01572725379742507,0.04175688133306676,uniform,0.014110212400313337,0.04654225265237814,bartlett,stress - calm,0.9628780578099849,robustness,two-sided,0.96669250872136,,,
ind_mom_12_1,2,2.0,window,hard,1757,1,20,calm,0.005772003568140315,993.0,0.005772003568140315,0.008631462694372762,0.6687167369562221,uniform,0.008537995339013464,0.676037329484798,bartlett,,,,,,,,
ind_mom_12_1,2,2.0,window,hard,1757,1,20,stress,0.01106345185239148,764.0,0.011063451852391482,0.011412689487597832,0.9693991818855786,uniform,0.00973363025065716,1.1366213393656022,bartlett,,,,,,,,
ind_mom_12_1,2,2.0,window,hard,1757,1,20,contrast,,,0.0052914482842511676,0.01419514329317,0.3727646966971549,uniform,0.012733719963221736,0.41554614830027936,bartlett,stress - calm,0.6777421395425662,robustness,two-sided,0.7093235800545341,,,
ind_mom_12_1,2,3.0,window,soft,1757,1,20,calm,0.006469606020419589,830.6782111519385,0.0029618426597937913,0.011075473650056813,0.2674235661044255,uniform,0.010627851026292259,0.278686881521625,bartlett,,,,,,,,
ind_mom_12_1,2,3.0,window,soft,1757,1,20,middle,0.015926707580390463,917.4087947294468,0.025027999269324714,0.016344479873885393,1.5312814762195968,uniform,0.014036955587886845,1.7830076552299248,bartlett,,,,,,,,
ind_mom_12_1,2,3.0,window,soft,1757,1,20,stress,0.0004512581699181818,605.144791728466,-0.00598724649728709,0.017421239899974194,-0.34367510760792397,uniform,0.014119973064714308,-0.42402676477118556,bartlett,,,,,,,,
ind_mom_12_1,2,3.0,window,soft,1757,1,20,contrast,,,-0.008949089157080882,0.020191190934163508,-0.44321749946601796,uniform,0.01749904190262336,-0.5114045218520954,bartlett,stress - calm,0.6090678292553883,exploratory,two-sided,0.657608422507106,0.8020157547159457,benjamini_hochberg,False
ind_mom_12_1,2,3.0,filtered,soft,1757,1,20,calm,0.006325016626388225,811.6489343120405,0.003259424866973945,0.01087594082057937,0.2996913021820132,uniform,0.0104565172440769,0.31171228343933044,bartlett,,,,,,,,
ind_mom_12_1,2,3.0,filtered,soft,1757,1,20,middle,0.016320794530734924,876.3679842226819,0.024164720899223297,0.015700786200933722,1.5390771258184655,uniform,0.013509385426364874,1.7887357667702266,bartlett,,,,,,,,
ind_mom_12_1,2,3.0,filtered,soft,1757,1,20,stress,0.00012067775491502929,585.1519272897989,-0.005404636827199203,0.017017739592754672,-0.3175884081279652,uniform,0.013803218132511548,-0.39154904134053625,bartlett,,,,,,,,
ind_mom_12_1,2,3.0,filtered,soft,1757,1,20,contrast,,,-0.008664061694173148,0.019831909713945266,-0.4368748052579532,uniform,0.017196686899542027,-0.503821564280727,bartlett,stress - calm,0.6143867726444465,robustness,two-sided,0.6622021446495681,,,
ind_mom_12_1,2,3.0,window,hard,1757,1,20,rest,0.011896352009239676,1281.0,0.011896352009239676,0.007845670889796555,1.5162950595736955,uniform,0.0074211254129743776,1.6030388043895936,bartlett,,,,,,,,
ind_mom_12_1,2,3.0,window,hard,1757,1,20,stress,-0.002216702028247037,476.0,-0.002216702028247037,0.014564591909476362,-0.15219801845630523,uniform,0.012655217433219209,-0.1751611175346797,bartlett,,,,,,,,
ind_mom_12_1,2,3.0,window,hard,1757,1,20,contrast,,,-0.014113054037486713,0.016412892362567502,-0.8598761099337996,uniform,0.014470825598271557,-0.9752763545966875,bartlett,stress - rest,0.329423196199596,robustness,two-sided,0.38985733886748286,,,
ind_mom_12_1,2,,none,stress_vol,1738,1,20,calm,0.006356611144561408,868.0,0.006356611144561408,0.009196833910613173,0.6911738546485938,uniform,0.00898019792959783,0.7078475546302444,bartlett,,,,,,,,
ind_mom_12_1,2,,none,stress_vol,1738,1,20,stress,0.011338584386885462,870.0,0.011338584386885462,0.010566093966287599,1.0731103114417293,uniform,0.00942095766777404,1.2035490219503888,bartlett,,,,,,,,
ind_mom_12_1,2,,none,stress_vol,1738,1,20,contrast,,,0.004981973242324054,0.013910663891698524,0.35814058057266046,uniform,0.012850576237897829,0.3876848127348283,bartlett,stress - calm,0.6982492961739801,robustness,two-sided,0.7202381115521819,,,
ret_5d,3,2.0,window,soft,1756,2,20,calm,-0.0169253391344039,1098.674663905415,-0.015169574423687897,0.0065588995846574075,-2.3128230929426943,uniform,0.006356970822201358,-2.3862897672440186,bartlett,,,,,,,,
ret_5d,3,2.0,window,soft,1756,2,20,stress,-0.031709773689614314,865.4581753948197,-0.03401235408512828,0.00940262471077721,-3.6173254948848066,uniform,0.008280230115606706,-4.107658073538472,bartlett,,,,,,,,
ret_5d,3,2.0,window,soft,1756,2,20,contrast,,,-0.018842779661440386,0.012001789464799913,-1.5699975171789535,uniform,0.011016472559706536,-1.7104186080723405,bartlett,stress - calm,0.08718849246970066,exploratory,two-sided,0.11641568889427269,0.36229470245730205,benjamini_hochberg,False
ret_5d,3,2.0,filtered,soft,1756,2,20,calm,-0.016795844990629537,1082.1071125963265,-0.015333087781385183,0.006494145401054769,-2.3610632091629493,uniform,0.006293754729084195,-2.436238531909918,bartlett,,,,,,,,
ret_5d,3,2.0,filtered,soft,1756,2,20,stress,-0.031881470081501974,847.6793058581912,-0.03380020840801884,0.009289501307525401,-3.6385385274274493,uniform,0.008178891109508158,-4.132615039797422,bartlett,,,,,,,,
ret_5d,3,2.0,filtered,soft,1756,2,20,contrast,,,-0.018467120626633658,0.011762515815831544,-1.5699975171789502,uniform,0.010796842679024834,-1.710418608072337,bartlett,stress - calm,0.08718849246970137,robustness,two-sided,0.1164156888942735,,,
ret_5d,3,2.0,window,hard,1756,2,20,calm,-0.01572962392328167,992.0,-0.01572962392328167,0.0062264568466128345,-2.5262559928988377,uniform,0.005958926537615808,-2.639674079549093,bartlett,,,,,,,,
ret_5d,3,2.0,window,hard,1756,2,20,stress,-0.03317910527939262,764.0,-0.03317910527939262,0.008690865315970232,-3.8176987069887147,uniform,0.007605810760471491,-4.3623364193899326,bartlett,,,,,,,,
ret_5d,3,2.0,window,hard,1756,2,20,contrast,,,-0.01744948135611095,0.010573849085985217,-1.6502487612802066,uniform,0.009572554775651202,-1.822865657608514,bartlett,stress - calm,0.0683237404319375,robustness,two-sided,0.098892067401103,,,
ret_5d,3,3.0,window,soft,1756,2,20,calm,-0.020889402630652865,835.959778731522,-0.023028206019807113,0.007731423320083654,-2.978520909595977,uniform,0.0073610159792296985,-3.1284004931907408,bartlett,,,,,,,,
ret_5d,3,3.0,window,soft,1756,2,20,middle,-0.017064638825394197,930.7919049455844,-0.00886852551313944,0.01263224784840296,-0.7020544260664303,uniform,0.010805047821437722,-0.8207761464547958,bartlett,,,,,,,,
ret_5d,3,3.0,window,soft,1756,2,20,stress,-0.03475901719532064,611.7457019239054,-0.042027953804678574,0.012655644708361889,-3.32088603727234,uniform,0.010354527377836398,-4.058896391025856,bartlett,,,,,,,,
ret_5d,3,3.0,window,soft,1756,2,20,contrast,,,-0.01899974778487146,0.014581267576699492,-1.3030244239693256,uniform,0.01263434181595697,-1.5038177739401577,bartlett,stress - calm,0.13262829338487522,exploratory,two-sided,0.19256642331635895,0.4680433900050391,benjamini_hochberg,False
ret_5d,3,3.0,filtered,soft,1756,2,20,calm,-0.020971036434260373,810.6727871813996,-0.022778314637655832,0.007539667695545303,-3.0211297841566744,uniform,0.007188025904169686,-3.168924951208427,bartlett,,,,,,,,
ret_5d,3,3.0,filtered,soft,1756,2,20,middle,-0.016611915881316466,876.2948912759474,-0.00987946427601872,0.01199305647800621,-0.8237653423992826,uniform,0.010277278157645817,-0.9612919028243735,bartlett,,,,,,,,
ret_5d,3,3.0,filtered,soft,1756,2,20,stress,-0.035262361799310464,585.1513550201411,-0.04120432834420794,0.012276895699415397,-3.3562497681046533,uniform,0.010063071037511154,-4.094607718718717,bartlett,,,,,,,,
ret_5d,3,3.0,filtered,soft,1756,2,20,contrast,,,-0.018426013706552107,0.014238302708074968,-1.29411588476077,uniform,0.012348713335990254,-1.4921403716490524,bartlett,stress - calm,0.13566235020893824,robustness,two-sided,0.19562539550107075,,,
ret_5d,3,3.0,window,hard,1756,2,20,rest,-0.02029066238093598,1280.0,-0.02029066238093598,0.005859530074169,-3.4628480653055798,uniform,0.005415895030263074,-3.746502151085889,bartlett,,,,,,,,
ret_5d,3,3.0,window,hard,1756,2,20,stress,-0.03147179730620439,476.0,-0.03147179730620439,0.010606240480886963,-2.9672905647310492,uniform,0.008818698252288511,-3.568757701629858,bartlett,,,,,,,,
ret_5d,3,3.0,window,hard,1756,2,20,contrast,,,-0.01118113492526841,0.011933526611799286,-0.9369514384970702,uniform,0.009998002293231518,-1.1183369034469868,bartlett,stress - rest,0.26342313134037665,robustness,two-sided,0.3487835379810201,,,
ret_5d,3,,none,stress_vol,1737,2,20,calm,-0.019052363770108313,867.0,-0.019052363770108313,0.00660785149116295,-2.883291762169308,uniform,0.005991425438995959,-3.179938390971799,bartlett,,,,,,,,
ret_5d,3,,none,stress_vol,1737,2,20,stress,-0.027176952598026362,870.0,-0.027176952598026362,0.007931439840922466,-3.426484111725362,uniform,0.007353651773964076,-3.6957083954189325,bartlett,,,,,,,,
ret_5d,3,,none,stress_vol,1737,2,20,contrast,,,-0.008124588827918049,0.010105614819240279,-0.8039677914944358,uniform,0.009278022364671089,-0.8756810997626939,bartlett,stress - calm,0.3812034229518401,robustness,two-sided,0.4214155765457924,,,
ret_20d,3,2.0,window,soft,1756,2,20,calm,-0.0025903093499553545,1098.674663905415,0.0005713397836199117,0.006993610359103569,0.08169454034227112,uniform,0.006424831613952113,0.08892681052981916,bartlett,,,,,,,,
ret_20d,3,2.0,window,soft,1756,2,20,stress,-0.029213007947661664,865.4581753948197,-0.03335932166955855,0.012091219000535423,-2.758970924939937,uniform,0.010688424762278631,-3.121069980984437,bartlett,,,,,,,,
ret_20d,3,2.0,window,soft,1756,2,20,contrast,,,-0.03393066145317846,0.014650037654259608,-2.3160801530986417,uniform,0.013042801557578263,-2.601485678010927,bartlett,stress - calm,0.009282094074783661,exploratory,two-sided,0.020553892729270905,0.18931216987486357,benjamini_hochberg,False
ret_20d,3,2.0,filtered,soft,1756,2,20,calm,-0.0023571260281990275,1082.1071125963265,0.00027689721820308485,0.006921598613913619,0.04000480721989183,uniform,0.006359891490199803,0.043538041274723986,bartlett,,,,,,,,
ret_20d,3,2.0,filtered,soft,1756,2,20,stress,-0.029522185906038664,847.6793058581912,-0.032977305678388934,0.01194625743564419,-2.760471708904762,uniform,0.010560645430364644,-3.1226600585955167,bartlett,,,,,,,,
ret_20d,3,2.0,filtered,soft,1756,2,20,contrast,,,-0.03325420289659202,0.014357967211152803,-2.3160801530986386,uniform,0.012782773773337834,-2.6014856780109232,bartlett,stress - calm,0.009282094074783764,robustness,two-sided,0.020553892729271078,,,
ret_20d,3,2.0,window,hard,1756,2,20,calm,-0.002337895490116642,992.0,-0.0023378954901166417,0.0066104269194083316,-0.35366785210990515,uniform,0.006004830570045976,-0.38933579604707175,bartlett,,,,,,,,
ret_20d,3,2.0,window,hard,1756,2,20,stress,-0.029390893006030754,764.0,-0.029390893006030757,0.011290662278897875,-2.6031150591548573,uniform,0.010050583623592946,-2.924297145992395,bartlett,,,,,,,,
ret_20d,3,2.0,window,hard,1756,2,20,contrast,,,-0.027052997515914116,0.013029533988872454,-2.0762828155648583,uniform,0.011622858298325909,-2.3275683847759443,bartlett,stress - calm,0.01993503383870897,robustness,two-sided,0.03786780170334546,,,
ret_20d,3,3.0,window,soft,1756,2,20,calm,-0.0013039926813354515,835.959778731522,-0.0015811196287858812,0.008667763524297812,-0.18241379386431403,uniform,0.008279016487706894,-0.190979161731784,bartlett,,,,,,,,
ret_20d,3,3.0,window,soft,1756,2,20,middle,-0.006792656459017851,930.7919049455844,0.004101326854802604,0.015067380773644815,0.27219905811210804,uniform,0.013455667616322152,0.30480292555886,bartlett,,,,,,,,
ret_20d,3,3.0,window,soft,1756,2,20,stress,-0.0419093120116126,611.7457019239054,-0.055287573678459975,0.01630250268673078,-3.391354980328303,uniform,0.013105382957317235,-4.218691957230507,bartlett,,,,,,,,
ret_20d,3,3.0,window,soft,1756,2,20,contrast,,,-0.05370645404967409,0.01805015164986994,-2.975401818857354,uniform,0.015191514080891783,-3.535293043451623,bartlett,stress - calm,0.0004073231710061223,exploratory,two-sided,0.0029260499782538998,0.0722828121523585,benjamini_hochberg,True
ret_20d,3,3.0,filtered,soft,1756,2,20,calm,-0.0012034005870992701,810.6727871813996,-0.0014868202755690502,0.008437863961677141,-0.17620813541458474,uniform,0.008064729837630671,-0.18436082863327033,bartlett,,,,,,,,
ret_20d,3,3.0,filtered,soft,1756,2,20,middle,-0.006177531405446644,876.2948912759474,0.002720825996824501,0.014286251940700647,0.1904506520057256,uniform,0.012775157839981203,0.2129778771350589,bartlett,,,,,,,,
ret_20d,3,3.0,filtered,soft,1756,2,20,stress,-0.04290301937585125,585.1513550201411,-0.053808786985661106,0.015811003037900215,-3.4032494242570963,uniform,0.012718577089117179,-4.230723815143072,bartlett,,,,,,,,
ret_20d,3,3.0,filtered,soft,1756,2,20,contrast,,,-0.05232196671009205,0.017616406018745943,-2.9700704362975787,uniform,0.014839523279051404,-3.525852261302336,bartlett,stress - calm,0.00042212237962431135,robustness,two-sided,0.0029773147477871608,,,
ret_20d,3,3.0,window,hard,1756,2,20,rest,-0.003930690671350474,1280.0,-0.003930690671350475,0.006649197899626543,-0.5911526067785176,uniform,0.00610949782593041,-0.6433737736459335,bartlett,,,,,,,,
ret_20d,3,3.0,window,hard,1756,2,20,stress,-0.04147594647788786,476.0,-0.04147594647788786,0.013609118739949619,-3.047658505332536,uniform,0.011673802859083397,-3.5529079065795073,bartlett,,,,,,,,
ret_20d,3,3.0,window,hard,1756,2,20,contrast,,,-0.037545255806537385,0.014997000677416788,-2.503517644236348,uniform,0.013096404498536905,-2.8668369101406297,bartlett,stress - rest,0.0041459660496677994,robustness,two-sided,0.01229655489793016,,,
ret_20d,3,,none,stress_vol,1737,2,20,calm,-0.0012922779219263164,867.0,-0.0012922779219263164,0.007060345485608601,-0.18303324172456162,uniform,0.006364864917191502,-0.20303304763560234,bartlett,,,,,,,,
ret_20d,3,,none,stress_vol,1737,2,20,stress,-0.02580760229459705,870.0,-0.02580760229459705,0.010156729599053766,-2.5409362376843596,uniform,0.009218765066890296,-2.799464148108783,bartlett,,,,,,,,
ret_20d,3,,none,stress_vol,1737,2,20,contrast,,,-0.024515324372670733,0.012250368599543494,-2.0011907538508096,uniform,0.011140509105716921,-2.200556917106268,bartlett,stress - calm,0.027767406409866115,robustness,two-sided,0.04537183700966526,,,
mom_12_1,3,2.0,window,soft,1756,2,20,calm,0.023408744959573742,1098.674663905415,0.025249770348212068,0.009699758970560753,2.6031337917618744,uniform,0.00933094761395953,2.706024231712248,bartlett,,,,,,,,
mom_12_1,3,2.0,window,soft,1756,2,20,stress,0.007906372001124042,865.4581753948197,0.005491977326456404,0.016061502687376227,0.3419342158298117,uniform,0.016355557791278865,0.3357866112878672,bartlett,,,,,,,,
mom_12_1,3,2.0,window,soft,1756,2,20,contrast,,,-0.019757793021755662,0.01973588997928127,-1.001109807690324,uniform,0.019890018608503035,-0.9933521637485625,bartlett,stress - calm,0.3205383648806341,exploratory,two-sided,0.31677372394987846,0.5229754876531013,benjamini_hochberg,False
mom_12_1,3,2.0,filtered,soft,1756,2,20,calm,0.023544527393810855,1082.1071125963265,0.025078316712616833,0.009599832632467274,2.612370201934594,uniform,0.009231962599913685,2.7164664545815325,bartlett,,,,,,,,
mom_12_1,3,2.0,filtered,soft,1756,2,20,stress,0.007726337959732516,847.6793058581912,0.005714424887490377,0.015867915886186485,0.36012447560709354,uniform,0.01615762431646288,0.3536673941396195,bartlett,,,,,,,,
mom_12_1,3,2.0,filtered,soft,1756,2,20,contrast,,,-0.019363891825126454,0.019342425452609575,-1.0011098076903269,uniform,0.0194934812967577,-0.9933521637485656,bartlett,stress - calm,0.32053836488063253,robustness,two-sided,0.316773723949877,,,
mom_12_1,3,2.0,window,hard,1756,2,20,calm,0.02353574021465667,992.0,0.02353574021465667,0.009194345731946852,2.559805874264542,uniform,0.008650161572898397,2.7208440000006364,bartlett,,,,,,,,
mom_12_1,3,2.0,window,hard,1756,2,20,stress,0.007828738939665791,764.0,0.007828738939665791,0.014707812709456014,0.5322843779913313,uniform,0.015063418296851518,0.5197186180046608,bartlett,,,,,,,,
mom_12_1,3,2.0,window,hard,1756,2,20,contrast,,,-0.01570700127499088,0.01717311832397013,-0.9146272085639302,uniform,0.017241870109475383,-0.9109801416703048,bartlett,stress - calm,0.36230583704219815,robustness,two-sided,0.36038736984190883,,,
mom_12_1,3,3.0,window,soft,1756,2,20,calm,0.02272121825220506,835.959778731522,0.02145659820204223,0.011761726341253444,1.8242728643315473,uniform,0.011750610774130326,1.8259985471802214,bartlett,,,,,,,,
mom_12_1,3,3.0,window,soft,1756,2,20,middle,0.022787560273785906,930.7919049455844,0.03124029571904648,0.018378489445576487,1.6998293473224317,uniform,0.01641791574510816,1.9028173980217165,bartlett,,,,,,,,
mom_12_1,3,3.0,window,soft,1756,2,20,stress,0.0002848125005014547,611.7457019239054,-0.008575059573018184,0.02315223780389209,-0.3703771378668477,uniform,0.022590290626907303,-0.37959049374975407,bartlett,,,,,,,,
mom_12_1,3,3.0,window,soft,1756,2,20,contrast,,,-0.030031657775060415,0.02552611317334876,-1.1765072720282301,uniform,0.025249952780060588,-1.1893748093967071,bartlett,stress - calm,0.23429220899841163,exploratory,two-sided,0.23939222820698758,0.5223819820288157,benjamini_hochberg,False
mom_12_1,3,3.0,filtered,soft,1756,2,20,calm,0.022713729515174644,810.6727871813996,0.02162706640051163,0.011476154919396483,1.884521998213751,uniform,0.011473416426828462,1.8849717988044727,bartlett,,,,,,,,
mom_12_1,3,3.0,filtered,soft,1756,2,20,middle,0.023259366780605077,876.2948912759474,0.03018420638155226,0.017417967719770285,1.732935028194572,uniform,0.01558564117393465,1.936667606080408,bartlett,,,,,,,,
mom_12_1,3,3.0,filtered,soft,1756,2,20,stress,-0.00035339109470959096,585.1513550201411,-0.007584767680851568,0.02247184810083436,-0.3375230931972147,uniform,0.021968325732435564,-0.3452592506698355,bartlett,,,,,,,,
mom_12_1,3,3.0,filtered,soft,1756,2,20,contrast,,,-0.0292118340813632,0.024908407844164995,-1.1727700246487782,uniform,0.02465116804220727,-1.1850081112321835,bartlett,stress - calm,0.23601423989081394,robustness,two-sided,0.24088804175325096,,,
mom_12_1,3,3.0,window,hard,1756,2,20,rest,0.023890544536326365,1280.0,0.023890544536326365,0.00849505590951825,2.8122880874225094,uniform,0.007963319180312936,3.000073712402362,bartlett,,,,,,,,
mom_12_1,3,3.0,window,hard,1756,2,20,stress,-0.002628752444650551,476.0,-0.002628752444650551,0.01946427076104543,-0.13505527522313196,uniform,0.01995222097121615,-0.13175237225183561,bartlett,,,,,,,,
mom_12_1,3,3.0,window,hard,1756,2,20,contrast,,,-0.026519296980976916,0.020879429425216943,-1.270115980705319,uniform,0.020930317100121366,-1.2670279601651684,bartlett,stress - rest,0.2051452924692788,robustness,two-sided,0.20404331997445563,,,
mom_12_1,3,,none,stress_vol,1737,2,20,calm,0.022522900906912367,867.0,0.022522900906912367,0.00964911859910978,2.334192566457864,uniform,0.009590546304209316,2.34844816890431,bartlett,,,,,,,,
mom_12_1,3,,none,stress_vol,1737,2,20,stress,0.01038751034540085,870.0,0.01038751034540085,0.013589701830666327,0.7643663175861991,uniform,0.013750349654723043,0.7554360875349008,bartlett,,,,,,,,
mom_12_1,3,,none,stress_vol,1737,2,20,contrast,,,-0.012135390561511517,0.016519941316642497,-0.7345904158440381,uniform,0.016869132285778344,-0.7193843972485979,bartlett,stress - calm,0.47190410771198343,robustness,two-sided,0.46258897668722804,,,
prc_highprc_252d,3,2.0,window,soft,1756,2,20,calm,0.0140245642526351,1098.674663905415,0.01712301877194894,0.009193393401426771,1.8625351950338085,uniform,0.009335124168035735,1.8342572057669702,bartlett,,,,,,,,
prc_highprc_252d,3,2.0,window,soft,1756,2,20,stress,-0.012066003454703308,865.4581753948197,-0.016129441220037052,0.01754775867231101,-0.9191738683691866,uniform,0.01804548325514414,-0.8938215171067314,bartlett,,,,,,,,
prc_highprc_252d,3,2.0,window,soft,1756,2,20,contrast,,,-0.03325245999198599,0.020858574436217345,-1.5941866062643661,uniform,0.021381656372807596,-1.5551863434806317,bartlett,stress - calm,0.11990169580676135,exploratory,two-sided,0.11089424550294506,0.36229470245730205,benjamini_hochberg,False
prc_highprc_252d,3,2.0,filtered,soft,1756,2,20,calm,0.014253086737768499,1082.1071125963265,0.0168344614846125,0.009094744626466667,1.851009805775353,uniform,0.00923478815438312,1.8229396498524266,bartlett,,,,,,,,
prc_highprc_252d,3,2.0,filtered,soft,1756,2,20,stress,-0.01236900160596322,847.6793058581912,-0.015755060912709645,0.017336818556785254,-0.9087630963608059,uniform,0.017828770510258843,-0.8836874591909765,bartlett,,,,,,,,
prc_highprc_252d,3,2.0,filtered,soft,1756,2,20,contrast,,,-0.03258952239732214,0.02044272751336722,-1.5941866062643695,uniform,0.020955381028092177,-1.555186343480635,bartlett,stress - calm,0.11990169580676065,robustness,two-sided,0.11089424550294436,,,
prc_highprc_252d,3,2.0,window,hard,1756,2,20,calm,0.014842014131874108,992.0,0.014842014131874108,0.0087547475449682,1.6953103508283995,uniform,0.008719283767886036,1.702205654383985,bartlett,,,,,,,,
prc_highprc_252d,3,2.0,window,hard,1756,2,20,stress,-0.0129805431585263,764.0,-0.0129805431585263,0.01606826933257987,-0.8078370414296625,uniform,0.01663055216536694,-0.7805238833595816,bartlett,,,,,,,,
prc_highprc_252d,3,2.0,window,hard,1756,2,20,contrast,,,-0.02782255729040041,0.0181784254885315,-1.530526244308301,uniform,0.018655064568711896,-1.491421119874554,bartlett,stress - calm,0.1358509665945459,robustness,two-sided,0.12588652243199863,,,
prc_highprc_252d,3,3.0,window,soft,1756,2,20,calm,0.012773580176996226,835.959778731522,0.010935771234995995,0.010854465119034018,1.0074905686342297,uniform,0.011068314431502926,0.9880249881472754,bartlett,,,,,,,,
prc_highprc_252d,3,3.0,window,soft,1756,2,20,middle,0.012252311492526155,930.7919049455844,0.025551085997991798,0.01922862005909113,1.3288049750565152,uniform,0.018124532937293204,1.4097514173961223,bartlett,,,,,,,,
prc_highprc_252d,3,3.0,window,soft,1756,2,20,stress,-0.023837822184321688,611.7457019239054,-0.03799708974098333,0.025049149994109593,-1.5169013619192067,uniform,0.02493350851379349,-1.5239367423947945,bartlett,,,,,,,,
prc_highprc_252d,3,3.0,window,soft,1756,2,20,contrast,,,-0.04893286097597932,0.02684948612154563,-1.8224878030984986,uniform,0.0271075986053731,-1.8051344823395812,bartlett,stress - calm,0.07105364030195235,exploratory,two-sided,0.06838100274283762,0.3230128105564281,benjamini_hochberg,False
prc_highprc_252d,3,3.0,filtered,soft,1756,2,20,calm,0.01277417183683604,810.6727871813996,0.011189895439021717,0.010576230119844139,1.0580230679763822,uniform,0.010797435467840056,1.0363475171813339,bartlett,,,,,,,,
prc_highprc_252d,3,3.0,filtered,soft,1756,2,20,middle,0.012995401355657044,876.2948912759474,0.023887352383138348,0.018224377597396896,1.3107362517856485,uniform,0.017216140178515197,1.3874975537750593,bartlett,,,,,,,,
prc_highprc_252d,3,3.0,filtered,soft,1756,2,20,stress,-0.024861128007453062,585.1513550201411,-0.03641632627569091,0.02431779019301925,-1.4975179071223632,uniform,0.024247717804419946,-1.5018455167377789,bartlett,,,,,,,,
prc_highprc_252d,3,3.0,filtered,soft,1756,2,20,contrast,,,-0.04760622171471263,0.026189482896913644,-1.817761041792959,uniform,0.02645366000244279,-1.799608134009304,bartlett,stress - calm,0.0719225358157021,robustness,two-sided,0.06910066346188594,,,
prc_highprc_252d,3,3.0,window,hard,1756,2,20,rest,0.013605813675634912,1280.0,0.013605813675634912,0.008451054288636486,1.6099545939409778,uniform,0.008299804958351992,1.6392931814552518,bartlett,,,,,,,,
prc_highprc_252d,3,3.0,window,hard,1756,2,20,stress,-0.026490122813251426,476.0,-0.026490122813251426,0.021081375644681814,-1.2565651909880973,uniform,0.022062495109706422,-1.2006857194314828,bartlett,,,,,,,,
prc_highprc_252d,3,3.0,window,hard,1756,2,20,contrast,,,-0.04009593648888634,0.022335562799597756,-1.7951612345137966,uniform,0.023018590503521074,-1.7418936438681163,bartlett,stress - rest,0.08152705637180079,robustness,two-sided,0.0726280148288687,,,
prc_highprc_252d,3,,none,stress_vol,1737,2,20,calm,0.014492424346894182,867.0,0.014492424346894182,0.009140017482572906,1.5856013814554082,uniform,0.008841189549670638,1.6391939416607204,bartlett,,,,,,,,
prc_highprc_252d,3,,none,stress_vol,1737,2,20,stress,-0.009186129611959042,870.0,-0.009186129611959042,0.014620250360666342,-0.628315479239192,uniform,0.01527261939729306,-0.6014770206076898,bartlett,,,,,,,,
prc_highprc_252d,3,,none,stress_vol,1737,2,20,contrast,,,-0.023678553958853224,0.017066700395447942,-1.3874125290890327,uniform,0.017475589898166766,-1.3549501960638917,bartlett,stress - calm,0.17543342533690776,robustness,two-sided,0.16531600667693386,,,
ivol_capm_21d,3,2.0,window,soft,1756,2,20,calm,-0.015771354918007657,1098.674663905415,-0.017078408052606898,0.010506550684816228,-1.6255009436434864,uniform,0.01049730632177116,-1.6269324271491146,bartlett,,,,,,,,
ivol_capm_21d,3,2.0,window,soft,1756,2,20,stress,-0.004765300740745804,865.4581753948197,-0.00305117873723661,0.014563736504434538,-0.209505214290821,uniform,0.01435589061285067,-0.21253844986150486,bartlett,,,,,,,,
ivol_capm_21d,3,2.0,window,soft,1756,2,20,contrast,,,0.014027229315370288,0.018821014732039894,0.7452961232473336,uniform,0.0187571403358081,0.7478341081978136,bartlett,stress - calm,0.4545602259942829,exploratory,two-sided,0.4560927242216679,0.6489124125105031,benjamini_hochberg,False
ivol_capm_21d,3,2.0,filtered,soft,1756,2,20,calm,-0.015867754922803,1082.1071125963265,-0.016956682945921092,0.010403028772380099,-1.6299755885459875,uniform,0.010392257361675568,-1.631665032512929,bartlett,,,,,,,,
ivol_capm_21d,3,2.0,filtered,soft,1756,2,20,stress,-0.004637483894988235,847.6793058581912,-0.0032091074565947304,0.014387979663816412,-0.22304086686090815,uniform,0.014180808902878934,-0.22629932316084095,bartlett,,,,,,,,
ivol_capm_21d,3,2.0,filtered,soft,1756,2,20,contrast,,,0.013747575489326362,0.018445789613699786,0.7452961232473325,uniform,0.018383188649226383,0.7478341081978126,bartlett,stress - calm,0.4545602259942836,robustness,two-sided,0.4560927242216686,,,
ivol_capm_21d,3,2.0,window,hard,1756,2,20,calm,-0.016871302792679337,992.0,-0.016871302792679337,0.010006511415911716,-1.6860324334264656,uniform,0.009976533053852333,-1.6910987716483994,bartlett,,,,,,,,
ivol_capm_21d,3,2.0,window,hard,1756,2,20,stress,-0.0033990481446019823,764.0,-0.0033990481446019827,0.013421563239024109,-0.2532527757064109,uniform,0.013350004067032208,-0.2546102703441058,bartlett,,,,,,,,
ivol_capm_21d,3,2.0,window,hard,1756,2,20,contrast,,,0.013472254648077353,0.0165714871392327,0.8129780106567521,uniform,0.016701807358696356,0.8066345371336457,bartlett,stress - calm,0.41987706960394466,robustness,two-sided,0.4162306656555246,,,
ivol_capm_21d,3,3.0,window,soft,1756,2,20,calm,-0.01197277909592543,835.959778731522,-0.006818828489397307,0.012606753305676085,-0.540886961461139,uniform,0.012428313438829003,-0.5486527615318799,bartlett,,,,,,,,
ivol_capm_21d,3,3.0,window,soft,1756,2,20,middle,-0.023536299649323095,930.7919049455844,-0.03943093042334746,0.01971142337989457,-2.000410100447975,uniform,0.017394013995571937,-2.2669253016230493,bartlett,,,,,,,,
ivol_capm_21d,3,3.0,window,soft,1756,2,20,stress,0.006229834871787971,611.7457019239054,0.018868837369097856,0.020381568123487712,0.9257794716665306,uniform,0.019390139684404468,0.9731150820060416,bartlett,,,,,,,,
ivol_capm_21d,3,3.0,window,soft,1756,2,20,contrast,,,0.025687665858495162,0.023428400378097725,1.0964327672370469,uniform,0.02281065660932864,1.126125665667596,bartlett,stress - calm,0.26011233174801296,exploratory,two-sided,0.2728894308476839,0.5223819820288157,benjamini_hochberg,False
ivol_capm_21d,3,3.0,filtered,soft,1756,2,20,calm,-0.011732465683191716,810.6727871813996,-0.00739671710029671,0.012299720974688889,-0.6013727559769951,uniform,0.012143937716021852,-0.6090872065769907,bartlett,,,,,,,,
ivol_capm_21d,3,3.0,filtered,soft,1756,2,20,middle,-0.024409012235566074,876.2948912759474,-0.03748485890140642,0.018690608416085865,-2.005545141545285,uniform,0.016519803066392016,-2.269086305130709,bartlett,,,,,,,,
ivol_capm_21d,3,3.0,filtered,soft,1756,2,20,stress,0.007078635256286634,585.1513550201411,0.017422204466359545,0.01975236304545058,0.8820314018262375,uniform,0.01883207850949226,0.9251344432096504,bartlett,,,,,,,,
ivol_capm_21d,3,3.0,filtered,soft,1756,2,20,contrast,,,0.024818921566656254,0.022872334395316746,1.085106624347801,uniform,0.022279930629796742,1.1139586553947307,bartlett,stress - calm,0.2652969240563323,robustness,two-sided,0.2778744337256063,,,
ivol_capm_21d,3,3.0,window,hard,1756,2,20,rest,-0.019185800320443456,1280.0,-0.019185800320443456,0.009109969127098844,-2.1060225400075923,uniform,0.008738815957338733,-2.195469090332712,bartlett,,,,,,,,
ivol_capm_21d,3,3.0,window,hard,1756,2,20,stress,0.01097609087679369,476.0,0.01097609087679369,0.016871694297523773,0.6505624558645916,uniform,0.016717702603121987,0.6565549787172272,bartlett,,,,,,,,
ivol_capm_21d,3,3.0,window,hard,1756,2,20,contrast,,,0.030161891197237146,0.018912334406218465,1.59482645290577,uniform,0.01840270296121407,1.638992449142226,bartlett,stress - rest,0.10121483227033967,robustness,two-sided,0.11075104988371987,,,
ivol_capm_21d,3,,none,stress_vol,1737,2,20,calm,-0.016680045095374497,867.0,-0.016680045095374497,0.010442338499680237,-1.5973476722561015,uniform,0.010337984984377902,-1.6134715924409166,bartlett,,,,,,,,
ivol_capm_21d,3,,none,stress_vol,1737,2,20,stress,-0.005532277677523599,870.0,-0.005532277677523599,0.012498595992112957,-0.44263193089965114,uniform,0.012356767254248288,-0.4477123800823867,bartlett,,,,,,,,
ivol_capm_21d,3,,none,stress_vol,1737,2,20,contrast,,,0.011147767417850899,0.015996014684682903,0.6969090512604694,uniform,0.015911351034806107,0.7006172758972598,bartlett,stress - calm,0.4835418940894203,robustness,two-sided,0.485859712961902,,,
vol_shock,3,2.0,window,soft,1756,2,20,calm,-0.0067570066881411095,1098.674663905415,-0.007700528853909088,0.003930110010130231,-1.9593672528403134,uniform,0.003317834567633077,-2.3209502152491583,bartlett,,,,,,,,
vol_shock,3,2.0,window,soft,1756,2,20,stress,0.0011879312788023726,865.4581753948197,0.0024253041616098146,0.006099787297730646,0.39760471033344397,uniform,0.006151407925071079,0.39426814009929123,bartlett,,,,,,,,
vol_shock,3,2.0,window,soft,1756,2,20,contrast,,,0.010125833015518903,0.00763537805753062,1.3261731035743538,uniform,0.007201546920977735,1.4060636036436662,bartlett,stress - calm,0.15970523885115773,exploratory,two-sided,0.18478236612328924,0.4554494939658538,benjamini_hochberg,False
vol_shock,3,2.0,filtered,soft,1756,2,20,calm,-0.006826594938914421,1082.1071125963265,-0.007612659177269095,0.0038901274968131663,-1.9569176546284064,uniform,0.003285532344300976,-2.317024573041831,bartlett,,,,,,,,
vol_shock,3,2.0,filtered,soft,1756,2,20,stress,0.0012801983978187647,847.6793058581912,0.002311300190859677,0.006026061256807247,0.38355072946673957,uniform,0.006079506439384591,0.38017891976994805,bartlett,,,,,,,,
vol_shock,3,2.0,filtered,soft,1756,2,20,contrast,,,0.009923959368128772,0.00748315535987069,1.3261731035743536,uniform,0.007057973296806685,1.4060636036436658,bartlett,stress - calm,0.15970523885115795,robustness,two-sided,0.18478236612328947,,,
vol_shock,3,2.0,window,hard,1756,2,20,calm,-0.006719941823871304,992.0,-0.006719941823871303,0.003694166555463941,-1.8190684483167172,uniform,0.003116161096566374,-2.156480880040461,bartlett,,,,,,,,
vol_shock,3,2.0,window,hard,1756,2,20,stress,0.0010950839140602328,764.0,0.0010950839140602328,0.005579991449365979,0.1962518982326865,uniform,0.005619510388650079,0.1948717661011913,bartlett,,,,,,,,
vol_shock,3,2.0,window,hard,1756,2,20,contrast,,,0.007815025737931535,0.006594336903826767,1.1851116877871963,uniform,0.0061533984303036105,1.2700340838397393,bartlett,stress - calm,0.20407248948699008,robustness,two-sided,0.23597329053144,,,
vol_shock,3,3.0,window,soft,1756,2,20,calm,-0.009212244106779418,835.959778731522,-0.010350607286855034,0.00505178850620199,-2.0488995677763984,uniform,0.004086682263138105,-2.5327653632917744,bartlett,,,,,,,,
vol_shock,3,3.0,window,soft,1756,2,20,middle,-0.003732828270839356,930.7919049455844,-0.005028462142828278,0.007396389875227158,-0.6798535809571347,uniform,0.007165919841101372,-0.7017190052820105,bartlett,,,,,,,,
vol_shock,3,3.0,window,soft,1756,2,20,stress,0.005738457093978271,611.7457019239054,0.009026318796279905,0.008651098559102139,1.043372553741511,uniform,0.008381841218339807,1.076889738322644,bartlett,,,,,,,,
vol_shock,3,3.0,window,soft,1756,2,20,contrast,,,0.01937692608313494,0.009790656754941202,1.9791242373353235,uniform,0.009193775837336006,2.1076135013478434,bartlett,stress - calm,0.03506443477037324,exploratory,two-sided,0.0478020202345526,0.3098279089276557,benjamini_hochberg,False
vol_shock,3,3.0,filtered,soft,1756,2,20,calm,-0.009319667081732793,810.6727871813996,-0.010253237417307574,0.004927989488439992,-2.080612680152722,uniform,0.003978387758884808,-2.577234306638246,bartlett,,,,,,,,
vol_shock,3,3.0,filtered,soft,1756,2,20,middle,-0.003812095000911309,876.2948912759474,-0.004847478637257903,0.007004771688190284,-0.69202521552994,uniform,0.006805622451375922,-0.7122755738937395,bartlett,,,,,,,,
vol_shock,3,3.0,filtered,soft,1756,2,20,stress,0.006004866511820513,585.1513550201411,0.008675112487765915,0.008390121139567622,1.03396748908121,uniform,0.008145822062995573,1.0649769195394994,bartlett,,,,,,,,
vol_shock,3,3.0,filtered,soft,1756,2,20,contrast,,,0.01892834990507349,0.009557366752778183,1.9804984358867783,uniform,0.008974297126727234,2.109173524988505,bartlett,stress - calm,0.03492960626397257,robustness,two-sided,0.04764754892486267,,,
vol_shock,3,3.0,window,hard,1756,2,20,rest,-0.006920363769780692,1280.0,-0.006920363769780693,0.003512484331764469,-1.9702191144876375,uniform,0.00315605019429419,-2.192729311559109,bartlett,,,,,,,,
vol_shock,3,3.0,window,hard,1756,2,20,stress,0.006362452618447465,476.0,0.006362452618447465,0.007097954661216651,0.8963783120808052,uniform,0.007201545396876783,0.8834843450694316,bartlett,,,,,,,,
vol_shock,3,3.0,window,hard,1756,2,20,contrast,,,0.013282816388228157,0.007845526728838518,1.693043290440054,uniform,0.0076208694263185965,1.7429528896474835,bartlett,stress - rest,0.08134184425839708,robustness,two-sided,0.09044722738106081,,,
vol_shock,3,,none,stress_vol,1737,2,20,calm,-0.00639815926556265,867.0,-0.00639815926556265,0.00400066373166376,-1.5992744441187616,uniform,0.0033280125470119873,-1.9225165696286672,bartlett,,,,,,,,
vol_shock,3,,none,stress_vol,1737,2,20,stress,-0.00035653403617109464,870.0,-0.00035653403617109464,0.00507750106631469,-0.07021840695148711,uniform,0.00518979382743197,-0.06869907515141424,bartlett,,,,,,,,
vol_shock,3,,none,stress_vol,1737,2,20,contrast,,,0.006041625229391555,0.006380867040290668,0.9468345275403734,uniform,0.005959926006674553,1.0137080934604736,bartlett,stress - calm,0.3107220609907595,robustness,two-sided,0.34372310468383627,,,
rskew_21d,3,2.0,window,soft,1756,2,20,calm,0.0016353258912917552,1098.674663905415,0.0011779942663259165,0.003692766326822894,0.3190004896246481,uniform,0.0038280850776159035,0.3077241603678152,bartlett,,,,,,,,
rskew_21d,3,2.0,window,soft,1756,2,20,stress,0.005486291478006456,865.4581753948197,0.006086054548461066,0.005469703817919766,1.112684480011883,uniform,0.0050364277235207785,1.208407006426081,bartlett,,,,,,,,
rskew_21d,3,2.0,window,soft,1756,2,20,contrast,,,0.004908060282135149,0.00694084056386305,0.7071276507471711,uniform,0.006737185900675394,0.7285030210674641,bartlett,stress - calm,0.4663057200029552,exploratory,two-sided,0.4794871540812353,0.6586645163418942,benjamini_hochberg,False
rskew_21d,3,2.0,filtered,soft,1756,2,20,calm,0.001601595991815795,1082.1071125963265,0.0012205852975289667,0.0036555958344545014,0.3338950345726898,uniform,0.0037890266464326206,0.3221368999022879,bartlett,,,,,,,,
rskew_21d,3,2.0,filtered,soft,1756,2,20,stress,0.0055310139795030945,847.6793058581912,0.006030796046766731,0.005403523809336995,1.116085772833247,uniform,0.004973905059302088,1.2124871654894314,bartlett,,,,,,,,
rskew_21d,3,2.0,filtered,soft,1756,2,20,contrast,,,0.004810210749237764,0.006802464511400705,0.7071276507471682,uniform,0.006602870008952682,0.7285030210674613,bartlett,stress - calm,0.466305720002957,robustness,two-sided,0.4794871540812369,,,
rskew_21d,3,2.0,window,hard,1756,2,20,calm,0.0015375214988556075,992.0,0.0015375214988556072,0.0035224086783290733,0.4364971924793696,uniform,0.0035910235293027445,0.4281568990872477,bartlett,,,,,,,,
rskew_21d,3,2.0,window,hard,1756,2,20,stress,0.0055916068700041345,764.0,0.005591606870004135,0.004991449776018632,1.1202370295037227,uniform,0.004644364519155209,1.2039552121591923,bartlett,,,,,,,,
rskew_21d,3,2.0,window,hard,1756,2,20,contrast,,,0.004054085371148528,0.006049939463860605,0.6701034605991782,uniform,0.00588774040113112,0.6885638793398023,bartlett,stress - calm,0.49109775824662805,robustness,two-sided,0.502791839005932,,,
rskew_21d,3,3.0,window,soft,1756,2,20,calm,0.002060750895299927,835.959778731522,0.002398097914929475,0.004320888140018041,0.5550011565259967,uniform,0.004606113742801226,0.5206336727305962,bartlett,,,,,,,,
rskew_21d,3,3.0,window,soft,1756,2,20,middle,0.0018681276343268504,930.7919049455844,-9.930348870460003e-05,0.006327047793286592,-0.01569507485149195,uniform,0.006069664018783183,-0.016360623651868612,bartlett,,,,,,,,
rskew_21d,3,3.0,window,soft,1756,2,20,stress,0.0069114256603395345,611.7457019239054,0.008911333686915202,0.008099060239114256,1.10029230846785,uniform,0.0067706938427506734,1.3161625520043998,bartlett,,,,,,,,
rskew_21d,3,3.0,window,soft,1756,2,20,contrast,,,0.006513235771985727,0.009048866803396,0.7197846883480856,uniform,0.008127790747126076,0.8013537718461511,bartlett,stress - calm,0.42292686945024904,exploratory,two-sided,0.4716575737605113,0.6550799635562657,benjamini_hochberg,False
rskew_21d,3,3.0,filtered,soft,1756,2,20,calm,0.0020659981794284295,810.6727871813996,0.0023544342357483435,0.00422365024187107,0.5574406262165622,uniform,0.004505614132491711,0.5225556753228412,bartlett,,,,,,,,
rskew_21d,3,3.0,filtered,soft,1756,2,20,middle,0.001758535754609129,876.2948912759474,0.00014589174494761444,0.005998602368130625,0.02432095611516244,uniform,0.0057641874524916115,0.025310027848686925,bartlett,,,,,,,,
rskew_21d,3,3.0,filtered,soft,1756,2,20,stress,0.007054530579462017,585.1513550201411,0.008687272875992464,0.007860755397405567,1.105144790392497,uniform,0.006573066977642767,1.3216467906900735,bartlett,,,,,,,,
rskew_21d,3,3.0,filtered,soft,1756,2,20,contrast,,,0.00633283864024412,0.008830159427576987,0.71718282010474,uniform,0.007939087257408101,0.7976784276221222,bartlett,stress - calm,0.4250571256245428,robustness,two-sided,0.4732612983629676,,,
rskew_21d,3,3.0,window,hard,1756,2,20,rest,0.0008230268098255927,1280.0,0.0008230268098255927,0.003108431565316389,0.2647723755635655,uniform,0.0031132931509086767,0.2643589183323054,bartlett,,,,,,,,
rskew_21d,3,3.0,window,hard,1756,2,20,stress,0.009965829115485629,476.0,0.009965829115485629,0.006910755127386187,1.4420752771274858,uniform,0.006043529564777132,1.6490080852037894,bartlett,,,,,,,,
rskew_21d,3,3.0,window,hard,1756,2,20,contrast,,,0.009142802305660036,0.007512554148419062,1.2170031822777667,uniform,0.006699268804501137,1.364746298807584,bartlett,stress - rest,0.17233280238935,robustness,two-sided,0.22360300508536612,,,
rskew_21d,3,,none,stress_vol,1737,2,20,calm,0.0020401234384898655,867.0,0.0020401234384898655,0.0035792293370622208,0.569989583334263,uniform,0.003666392601985816,0.5564388923829053,bartlett,,,,,,,,
rskew_21d,3,,none,stress_vol,1737,2,20,stress,0.004689670928206252,870.0,0.004689670928206252,0.004712590658270658,0.9951364903666774,uniform,0.0043490934875612414,1.078309983820557,bartlett,,,,,,,,
rskew_21d,3,,none,stress_vol,1737,2,20,contrast,,,0.0026495474897163867,0.0058401184484401176,0.4536804369822456,uniform,0.005607817553873782,0.4724739106189583,bartlett,stress - calm,0.6365885594795953,robustness,two-sided,0.6500588494173709,,,
rmax1_21d,3,2.0,window,soft,1756,2,20,calm,-0.014797483678095422,1098.674663905415,-0.015324506240759551,0.009946789783008149,-1.5406484478980365,uniform,0.009405685592980172,-1.629281150137192,bartlett,,,,,,,,
rmax1_21d,3,2.0,window,soft,1756,2,20,stress,-0.010359684843620756,865.4581753948197,-0.009668526276998744,0.015315286156030564,-0.6312990941531741,uniform,0.014351311920367264,-0.6737033053596481,bartlett,,,,,,,,
rmax1_21d,3,2.0,window,soft,1756,2,20,contrast,,,0.0056559799637608075,0.01911078050986878,0.29595755970511345,uniform,0.01813404225984013,0.3118984660296402,bartlett,stress - calm,0.7551176883278479,exploratory,two-sided,0.7672624926334115,0.8444712969235662,benjamini_hochberg,False
rmax1_21d,3,2.0,filtered,soft,1756,2,20,calm,-0.014836353542084263,1082.1071125963265,-0.015275424932610755,0.009847522057709494,-1.5511947922626717,uniform,0.009309008279476404,-1.6409293529460625,bartlett,,,,,,,,
rmax1_21d,3,2.0,filtered,soft,1756,2,20,stress,-0.010308147258942954,847.6793058581912,-0.009732205400816402,0.01513160436607233,-0.6431707547573532,uniform,0.01417662354755562,-0.6864967083431133,bartlett,,,,,,,,
rmax1_21d,3,2.0,filtered,soft,1756,2,20,contrast,,,0.005543219531794354,0.018729778476743536,0.2959575597051124,uniform,0.01777251296666394,0.3118984660296391,bartlett,stress - calm,0.7551176883278488,robustness,two-sided,0.7672624926334124,,,
rmax1_21d,3,2.0,window,hard,1756,2,20,calm,-0.01569897602933434,992.0,-0.01569897602933434,0.00952624263949044,-1.6479714640329675,uniform,0.00898635170837411,-1.746979924534329,bartlett,,,,,,,,
rmax1_21d,3,2.0,window,hard,1756,2,20,stress,-0.009214140667729331,764.0,-0.009214140667729333,0.014087850112545734,-0.6540487437131242,uniform,0.013229730920314675,-0.6964722656286777,bartlett,,,,,,,,
rmax1_21d,3,2.0,window,hard,1756,2,20,contrast,,,0.006484835361605008,0.016834013715838352,0.385222174050133,uniform,0.016035138297232004,0.40441405876271264,bartlett,stress - calm,0.6859082636922715,robustness,two-sided,0.7000728161614636,,,
rmax1_21d,3,3.0,window,soft,1756,2,20,calm,-0.010104640101980727,835.959778731522,-0.004227057831592911,0.011639225703553212,-0.36317345665893214,uniform,0.010834731830041867,-0.3901395897840673,bartlett,,,,,,,,
rmax1_21d,3,3.0,window,soft,1756,2,20,middle,-0.02514660168833895,930.7919049455844,-0.04022534838548504,0.01958668985699998,-2.0537083437357397,uniform,0.016522640030155876,-2.434559387123896,bartlett,,,,,,,,
rmax1_21d,3,3.0,window,soft,1756,2,20,stress,-0.0013753721093733504,611.7457019239054,0.00918337747505999,0.021833762305668927,0.42060444491857524,uniform,0.02005810698471587,0.4578386924577507,bartlett,,,,,,,,
rmax1_21d,3,3.0,window,soft,1756,2,20,contrast,,,0.013410435306652903,0.024224403451107653,0.553591973223172,uniform,0.02254445853207094,0.5948439740779623,bartlett,stress - calm,0.5519477702920657,exploratory,two-sided,0.5798581205914557,0.7572773962948116,benjamini_hochberg,False
rmax1_21d,3,3.0,filtered,soft,1756,2,20,calm,-0.00979612764019176,810.6727871813996,-0.00486689088677292,0.011348925982428563,-0.4288415392177447,uniform,0.010574378849903617,-0.46025312274652247,bartlett,,,,,,,,
rmax1_21d,3,3.0,filtered,soft,1756,2,20,middle,-0.025969363199510154,876.2948912759474,-0.03839334274178767,0.01857068618221854,-2.0674164845103764,uniform,0.01567886278036877,-2.448732620446127,bartlett,,,,,,,,
rmax1_21d,3,3.0,filtered,soft,1756,2,20,stress,-0.0006951930164779188,585.1513550201411,0.007958920984511694,0.0211718208544437,0.3759204765253441,uniform,0.01948148469620557,0.408537701752365,bartlett,,,,,,,,
rmax1_21d,3,3.0,filtered,soft,1756,2,20,contrast,,,0.012825811871284613,0.02363838819728091,0.5425840274828868,uniform,0.0220073610784684,0.5827964482226428,bartlett,stress - calm,0.5600303362536385,robustness,two-sided,0.5874162387555364,,,
rmax1_21d,3,3.0,window,hard,1756,2,20,rest,-0.019350341685152872,1280.0,-0.019350341685152872,0.00876776356696417,-2.206987168091818,uniform,0.007948843730134507,-2.4343593033279363,bartlett,,,,,,,,
rmax1_21d,3,3.0,window,hard,1756,2,20,stress,0.004528255600316975,476.0,0.004528255600316975,0.01833779508638437,0.24693566369269554,uniform,0.017523660346494968,0.25840809002114123,bartlett,,,,,,,,
rmax1_21d,3,3.0,window,hard,1756,2,20,contrast,,,0.023878597285469847,0.02006103263692655,1.190297514471726,uniform,0.018941384990754657,1.2606574068963308,bartlett,stress - rest,0.20743230596075857,robustness,two-sided,0.23392947736072633,,,
rmax1_21d,3,,none,stress_vol,1737,2,20,calm,-0.015028370902230562,867.0,-0.015028370902230562,0.009664600972474903,-1.5549913488442875,uniform,0.009030274478322638,-1.6642208316376739,bartlett,,,,,,,,
rmax1_21d,3,,none,stress_vol,1737,2,20,stress,-0.010954211150495302,870.0,-0.010954211150495302,0.01317816694886746,-0.8312393668253469,uniform,0.012273689926311537,-0.8924953470604123,bartlett,,,,,,,,
rmax1_21d,3,,none,stress_vol,1737,2,20,contrast,,,0.00407415975173526,0.016049882124587064,0.2538435933740592,uniform,0.015044239635146795,0.27081194201514097,bartlett,stress - calm,0.7865356745837859,robustness,two-sided,0.7996163935491016,,,
volume_z,3,2.0,window,soft,1756,2,20,calm,0.003286383610785512,1098.674663905415,0.001763648164896161,0.003216821160940531,0.5482580711389338,uniform,0.00311273829304129,0.5665905703794311,bartlett,,,,,,,,
volume_z,3,2.0,window,soft,1756,2,20,stress,0.016108592877919898,865.4581753948197,0.01810556933146144,0.0037845604656484757,4.784061318560303,uniform,0.0037323180015203673,4.85102537460262,bartlett,,,,,,,,
volume_z,3,2.0,window,soft,1756,2,20,contrast,,,0.016341921166565278,0.005206202072499908,3.1389333220249425,uniform,0.005165078146150573,3.1639252503361597,bartlett,stress - calm,0.001556567680774057,exploratory,two-sided,0.0016956402644143775,0.0722828121523585,benjamini_hochberg,True
volume_z,3,2.0,filtered,soft,1756,2,20,calm,0.0031740762375043275,1082.1071125963265,0.0019054596411847294,0.0031857913010894467,0.5981118852741918,uniform,0.0030816303599199802,0.6183284231513763,bartlett,,,,,,,,
volume_z,3,2.0,filtered,soft,1756,2,20,stress,0.016257501316654904,847.6793058581912,0.017921580132763567,0.003738504796916234,4.793782837338197,uniform,0.003685847230101693,4.862268839142612,bartlett,,,,,,,,
volume_z,3,2.0,filtered,soft,1756,2,20,contrast,,,0.01601612049157884,0.005102408636462118,3.1389333220249513,uniform,0.005062104577178972,3.1639252503361677,bartlett,stress - calm,0.001556567680774057,robustness,two-sided,0.0016956402644141555,,,
volume_z,3,2.0,window,hard,1756,2,20,calm,0.003185403056102561,992.0,0.003185403056102561,0.003062928946909546,1.0399859452556317,uniform,0.0029600767329796716,1.076121784483631,bartlett,,,,,,,,
volume_z,3,2.0,window,hard,1756,2,20,stress,0.016167534062011803,764.0,0.016167534062011803,0.00349429488881114,4.626837338136755,uniform,0.003479498934345962,4.646512146453868,bartlett,,,,,,,,
volume_z,3,2.0,window,hard,1756,2,20,contrast,,,0.012982131005909243,0.004592131209655758,2.8270383430273167,uniform,0.004596986692701567,2.824052335526748,bartlett,stress - calm,0.004742064096343368,robustness,two-sided,0.004698070217822092,,,
volume_z,3,3.0,window,soft,1756,2,20,calm,0.0015537529545727792,835.959778731522,-0.0006298977032583245,0.004170002296448092,-0.15105452191114052,uniform,0.004184471116771496,-0.1505322143899319,bartlett,,,,,,,,
volume_z,3,3.0,window,soft,1756,2,20,middle,0.010136795570754743,930.7919049455844,0.010818765915798095,0.005527054503704664,1.9574197990170916,uniform,0.004900523920634783,2.2076753610452124,bartlett,,,,,,,,
volume_z,3,3.0,window,soft,1756,2,20,stress,0.017730980078463316,611.7457019239054,0.020031583864038006,0.005428457009328552,3.6901063837504204,uniform,0.0054596543913793955,3.6690204961814397,bartlett,,,,,,,,
volume_z,3,3.0,window,soft,1756,2,20,contrast,,,0.02066148156729633,0.006654165180836476,3.1050448862916618,uniform,0.006693488576113128,3.086803141941618,bartlett,stress - calm,0.002023215352601415,exploratory,two-sided,0.0019025015094547015,0.0722828121523585,benjamini_hochberg,True
volume_z,3,3.0,filtered,soft,1756,2,20,calm,0.0013835025792445386,810.6727871813996,-0.00042317193161461116,0.00407031231303699,-0.1039654697402984,uniform,0.004084391457382897,-0.10360709447907855,bartlett,,,,,,,,
volume_z,3,3.0,filtered,soft,1756,2,20,middle,0.01016400412164637,876.2948912759474,0.010763414524587806,0.005234488148708683,2.056249669271498,uniform,0.004633889657540617,2.3227602122706483,bartlett,,,,,,,,
volume_z,3,3.0,filtered,soft,1756,2,20,stress,0.01794291122949377,585.1513550201411,0.01979988806038633,0.005255976437031805,3.767118878403472,uniform,0.005292515025860346,3.7411113551194273,bartlett,,,,,,,,
volume_z,3,3.0,filtered,soft,1756,2,20,contrast,,,0.02022305999200094,0.006501862364761835,3.1103488289146086,uniform,0.00654166093859919,3.091425890430121,bartlett,stress - calm,0.0019919769957865707,robustness,two-sided,0.0018686651945787336,,,
volume_z,3,3.0,window,hard,1756,2,20,rest,0.005541071969649003,1280.0,0.005541071969649004,0.0027220772812955787,2.0356042084931985,uniform,0.002587779065465817,2.141246153350257,bartlett,,,,,,,,
volume_z,3,3.0,window,hard,1756,2,20,stress,0.017687696919915997,476.0,0.017687696919915997,0.004562019330189848,3.8771639573872485,uniform,0.004669379045548099,3.7880190807768934,bartlett,,,,,,,,
volume_z,3,3.0,window,hard,1756,2,20,contrast,,,0.012146624950266992,0.005304678892289728,2.289794575110273,uniform,0.005346190747134735,2.272014884013803,bartlett,stress - rest,0.023085611366918446,robustness,two-sided,0.022033227791578902,,,
volume_z,3,,none,stress_vol,1737,2,20,calm,0.0021977017252629654,867.0,0.0021977017252629654,0.0032416697149573554,0.6779536222097433,uniform,0.003214464568413566,0.6836913826515116,bartlett,,,,,,,,
volume_z,3,,none,stress_vol,1737,2,20,stress,0.014959934119428135,870.0,0.014959934119428133,0.0033425441843472022,4.47561297453718,uniform,0.0032149528155158225,4.653235981327424,bartlett,,,,,,,,
volume_z,3,,none,stress_vol,1737,2,20,contrast,,,0.012762232394165168,0.004592265713712984,2.7790709836444814,uniform,0.004562491460403967,2.7972068561494225,bartlett,stress - calm,0.005154651954585976,robustness,two-sided,0.005451461098408217,,,
qspread_21d,3,2.0,window,soft,1756,2,20,calm,0.004965986257710981,1098.674663905415,0.004595882105965282,0.005773381250769328,0.796046875538119,uniform,0.0053970336000939215,0.8515570675500894,bartlett,,,,,,,,
qspread_21d,3,2.0,window,soft,1756,2,20,stress,0.008082452021432027,865.4581753948197,0.008567821478345446,0.007442551199611847,1.1511941602487445,uniform,0.008097248094767051,1.0581152236007823,bartlett,,,,,,,,
qspread_21d,3,2.0,window,soft,1756,2,20,contrast,,,0.003971939372380165,0.009945438715110137,0.39937296746352524,uniform,0.010224506256778756,0.3884724868496026,bartlett,stress - calm,0.6976664108013686,exploratory,two-sided,0.6896184093913691,0.8020157547159457,benjamini_hochberg,False
qspread_21d,3,2.0,filtered,soft,1756,2,20,calm,0.00493868970712813,1082.1071125963265,0.004630349692755408,0.005715984107751311,0.8100704280259108,uniform,0.005342739090433387,0.8666621398462877,bartlett,,,,,,,,
qspread_21d,3,2.0,filtered,soft,1756,2,20,stress,0.008118644540332497,847.6793058581912,0.008523102504673228,0.0073513347556343495,1.1593952374622567,uniform,0.007999465343734568,1.0654590198767209,bartlett,,,,,,,,
qspread_21d,3,2.0,filtered,soft,1756,2,20,contrast,,,0.0038927528119178196,0.009747161498288841,0.39937296746352363,uniform,0.010020665410533739,0.388472486849601,bartlett,stress - calm,0.6976664108013697,robustness,two-sided,0.6896184093913702,,,
qspread_21d,3,2.0,window,hard,1756,2,20,calm,0.0049588678749217735,992.0,0.0049588678749217735,0.0054687931875117765,0.9067572506207696,uniform,0.005154678371518954,0.9620130525157324,bartlett,,,,,,,,
qspread_21d,3,2.0,window,hard,1756,2,20,stress,0.008074152465417476,764.0,0.008074152465417476,0.006802122117618318,1.1870049266690532,uniform,0.007428856321400936,1.0868634573208236,bartlett,,,,,,,,
qspread_21d,3,2.0,window,hard,1756,2,20,contrast,,,0.003115284590495703,0.00865929539311754,0.35976190314188267,uniform,0.008973882043444318,0.3471501603669405,bartlett,stress - calm,0.7284785113728061,robustness,two-sided,0.7190251950741979,,,
qspread_21d,3,3.0,window,soft,1756,2,20,calm,0.0020711132430193567,835.959778731522,-0.0029705264852947608,0.006965513021773113,-0.4264619814806685,uniform,0.006435386578786298,-0.461592547538146,bartlett,,,,,,,,
qspread_21d,3,3.0,window,soft,1756,2,20,middle,0.015867175883469534,930.7919049455844,0.027333412004342104,0.00937185913447652,2.916541063212305,uniform,0.009345930801897514,2.92463239710619,bartlett,,,,,,,,
qspread_21d,3,3.0,window,soft,1756,2,20,stress,0.00037747238635441196,611.7457019239054,-0.0068227845430300455,0.010918886226388291,-0.6248608513330816,uniform,0.011634249528910682,-0.586439591662159,bartlett,,,,,,,,
qspread_21d,3,3.0,window,soft,1756,2,20,contrast,,,-0.0038522580577352848,0.012711763614187743,-0.30304670340437545,uniform,0.013091215019790653,-0.2942628359485068,bartlett,stress - calm,0.7685570686947238,exploratory,two-sided,0.7618542698383929,0.8438259317830301,benjamini_hochberg,False
qspread_21d,3,3.0,filtered,soft,1756,2,20,calm,0.0017898814431704306,810.6727871813996,-0.0024309388686029935,0.006809422666138651,-0.35699632520850416,uniform,0.006285127099331667,-0.3867764056611503,bartlett,,,,,,,,
qspread_21d,3,3.0,filtered,soft,1756,2,20,middle,0.01648983889701343,876.2948912759474,0.02594851775954832,0.008879610309760809,2.9222586188297828,uniform,0.008857340108920076,2.929606116560435,bartlett,,,,,,,,
qspread_21d,3,3.0,filtered,soft,1756,2,20,stress,-6.734367682336929e-05,585.1513550201411,-0.005977328173579379,0.010585984902562092,-0.5646454466539722,uniform,0.011290558597184367,-0.5294094284289885,bartlett,,,,,,,,
qspread_21d,3,3.0,filtered,soft,1756,2,20,contrast,,,-0.0035463893049763853,0.012410214900880207,-0.2857637303867199,uniform,0.012777137862241163,-0.2775574109955118,bartlett,stress - calm,0.7813521290251915,robustness,two-sided,0.7750590891537338,,,
qspread_21d,3,3.0,window,hard,1756,2,20,rest,0.01012204352512544,1280.0,0.01012204352512544,0.0047709233569225625,2.121611010673323,uniform,0.004594468055763738,2.203093677499267,bartlett,,,,,,,,
qspread_21d,3,3.0,window,hard,1756,2,20,stress,-0.003925139278695843,476.0,-0.003925139278695843,0.009027414716554695,-0.43480214457167077,uniform,0.009975283464472256,-0.39348649015093456,bartlett,,,,,,,,
qspread_21d,3,3.0,window,hard,1756,2,20,contrast,,,-0.014047182803821282,0.010108428956569167,-1.38965044560089,uniform,0.010849571429898168,-1.2947223671076495,bartlett,stress - rest,0.1954160211418096,robustness,two-sided,0.16463504939297763,,,
qspread_21d,3,,none,stress_vol,1737,2,20,calm,0.002049667098791332,867.0,0.0020496670987913326,0.005743561429788122,0.35686344158539696,uniform,0.005176732221508132,0.3959384049797741,bartlett,,,,,,,,
qspread_21d,3,,none,stress_vol,1737,2,20,stress,0.011772311298616233,870.0,0.011772311298616233,0.006283468737441262,1.8735370207969115,uniform,0.006698073683411655,1.757566705748752,bartlett,,,,,,,,
qspread_21d,3,,none,stress_vol,1737,2,20,contrast,,,0.0097226441998249,0.008357355866393778,1.1633636709094988,uniform,0.008207516437314533,1.1846024645923354,bartlett,stress - calm,0.23617466212459504,robustness,two-sided,0.2446819826787674,,,
overnight_20d,3,2.0,window,soft,1756,2,20,calm,0.005919819136726411,1098.674663905415,0.007064663963934953,0.00522954897079578,1.3509126701723808,uniform,0.004859507397987029,1.4537819135456764,bartlett,,,,,,,,
overnight_20d,3,2.0,window,soft,1756,2,20,stress,-0.003720358342882097,865.4581753948197,-0.0052217538538790985,0.006914872817767275,-0.755148213349951,uniform,0.006954225770908122,-0.7508749393388205,bartlett,,,,,,,,
overnight_20d,3,2.0,window,soft,1756,2,20,contrast,,,-0.012286417817814052,0.009183051589259767,-1.3379449846697902,uniform,0.008973495725522643,-1.3691896885701647,bartlett,stress - calm,0.17093998839198243,exploratory,two-sided,0.18091437145259257,0.4554494939658538,benjamini_hochberg,False
overnight_20d,3,2.0,filtered,soft,1756,2,20,calm,0.006004255678678218,1082.1071125963265,0.006958045223623855,0.0051769064237151274,1.3440546639493864,uniform,0.0048100783965398805,1.446555471659071,bartlett,,,,,,,,
overnight_20d,3,2.0,filtered,soft,1756,2,20,stress,-0.003832312823401785,847.6793058581912,-0.0050834244526951,0.006829808874046748,-0.7442996643745181,uniform,0.006869225311536464,-0.7400287837636923,bartlett,,,,,,,,
overnight_20d,3,2.0,filtered,soft,1756,2,20,contrast,,,-0.012041469676318955,0.008999973701677143,-1.3379449846697917,uniform,0.008794595647951282,-1.3691896885701662,bartlett,stress - calm,0.1709399883919819,robustness,two-sided,0.18091437145259207,,,
overnight_20d,3,2.0,window,hard,1756,2,20,calm,0.0058231532506626904,992.0,0.0058231532506626904,0.004893840384374276,1.1898943964857642,uniform,0.0045342321004848045,1.2842644843963928,bartlett,,,,,,,,
overnight_20d,3,2.0,window,hard,1756,2,20,stress,-0.0035405809309396927,764.0,-0.0035405809309396927,0.006370579434823807,-0.5557706276426982,uniform,0.0064277205566906324,-0.5508299403673191,bartlett,,,,,,,,
overnight_20d,3,2.0,window,hard,1756,2,20,contrast,,,-0.009363734181602383,0.007986497868729054,-1.1724455869782255,uniform,0.007823646135745202,-1.1968504223140568,bartlett,stress - calm,0.2313648610150753,robustness,two-sided,0.2410182060606077,,,
overnight_20d,3,3.0,window,soft,1756,2,20,calm,0.005111754873321608,835.959778731522,0.004854927302940447,0.006652396099106973,0.729801297248698,uniform,0.006556603269554089,0.7404637894570412,bartlett,,,,,,,,
overnight_20d,3,3.0,window,soft,1756,2,20,middle,0.004099755867516234,930.7919049455844,0.007501227103948883,0.008265566345567974,0.9075272994416249,uniform,0.007543224178885238,0.994432476890464,bartlett,,,,,,,,
overnight_20d,3,3.0,window,soft,1756,2,20,stress,-0.006095038751125628,611.7457019239054,-0.01002549175957996,0.009988388961936039,-1.0037145927922224,uniform,0.009973425567525793,-1.0052204923676074,bartlett,,,,,,,,
overnight_20d,3,3.0,window,soft,1756,2,20,contrast,,,-0.014880419062520408,0.011788788889703356,-1.2622517208292163,uniform,0.01179213213386202,-1.2618938537662865,bartlett,stress - calm,0.206986983925533,exploratory,two-sided,0.20685822313124727,0.4958930006570996,benjamini_hochberg,False
overnight_20d,3,3.0,filtered,soft,1756,2,20,calm,0.00512928424122355,810.6727871813996,0.00490015798926489,0.006501585396521933,0.7536866303234688,uniform,0.006406203161886565,0.7649083030051518,bartlett,,,,,,,,
overnight_20d,3,3.0,filtered,soft,1756,2,20,middle,0.004290930560696797,876.2948912759474,0.007072630303801904,0.007830103570733379,0.9032613987683781,uniform,0.00714313013895023,0.9901304002899369,bartlett,,,,,,,,
overnight_20d,3,3.0,filtered,soft,1756,2,20,stress,-0.006383757157077125,585.1513550201411,-0.009589256061664749,0.009691968835531924,-0.989402279804015,uniform,0.009688118450370643,-0.9897955016536661,bartlett,,,,,,,,
overnight_20d,3,3.0,filtered,soft,1756,2,20,contrast,,,-0.014489414050929638,0.011513712780761397,-1.2584484541893757,uniform,0.011519426513790367,-1.2578242531070258,bartlett,stress - calm,0.20845532245843992,robustness,two-sided,0.2082296177199036,,,
overnight_20d,3,3.0,window,hard,1756,2,20,rest,0.004847141624601304,1280.0,0.004847141624601304,0.004287519008066711,1.130523646771407,uniform,0.0040095981926248254,1.2088846292671018,bartlett,,,,,,,,
overnight_20d,3,3.0,window,hard,1756,2,20,stress,-0.006581464466534042,476.0,-0.006581464466534041,0.00845357432660936,-0.7785422132999448,uniform,0.008763211478113158,-0.7510333948885964,bartlett,,,,,,,,
overnight_20d,3,3.0,window,hard,1756,2,20,contrast,,,-0.011428606091135345,0.009350309348532575,-1.2222703725763826,uniform,0.009541213383739292,-1.1978147465617592,bartlett,stress - rest,0.23098914499214637,robustness,two-sided,0.22160539931887388,,,
overnight_20d,3,,none,stress_vol,1737,2,20,calm,0.005961164408740851,867.0,0.005961164408740851,0.00523898817219185,1.137846510206352,uniform,0.004951333202378514,1.2039513733144107,bartlett,,,,,,,,
overnight_20d,3,,none,stress_vol,1737,2,20,stress,-0.0032869504545034864,870.0,-0.0032869504545034864,0.005827513650157734,-0.5640399408441571,uniform,0.005660080440367301,-0.5807250425384741,bartlett,,,,,,,,
overnight_20d,3,,none,stress_vol,1737,2,20,contrast,,,-0.009248114863244337,0.007763664069777117,-1.191204923361636,uniform,0.0074700321315385445,-1.2380287929684681,bartlett,stress - calm,0.2157053848074045,robustness,two-sided,0.23357314724472483,,,
ma50_gap,3,2.0,window,soft,1756,2,20,calm,-0.0077799367055926116,1098.674663905415,-0.005307610583525526,0.007267238825698523,-0.7303476204410223,uniform,0.007025930475008366,-0.7554316972541927,bartlett,,,,,,,,
ma50_gap,3,2.0,window,soft,1756,2,20,stress,-0.028598183893128376,865.4581753948197,-0.03184049171788652,0.013390657541663398,-2.3778139063611112,uniform,0.012139047453681835,-2.6229810732166743,bartlett,,,,,,,,
ma50_gap,3,2.0,window,soft,1756,2,20,contrast,,,-0.026532881134360996,0.016087728548028136,-1.6492621102568963,uniform,0.014828540000027703,-1.7893117686779296,bartlett,stress - calm,0.07356461978487876,exploratory,two-sided,0.09909394844292063,0.3551917978509481,benjamini_hochberg,False
ma50_gap,3,2.0,filtered,soft,1756,2,20,calm,-0.007597593506441773,1082.1071125963265,-0.005537856893338284,0.007189160162511371,-0.7703065126043539,uniform,0.006951438630274802,-0.7966490373977975,bartlett,,,,,,,,
ma50_gap,3,2.0,filtered,soft,1756,2,20,stress,-0.028839952891068596,847.6793058581912,-0.031541765301983514,0.01322892267196753,-2.384303399763718,uniform,0.011991890606250938,-2.630257924929863,bartlett,,,,,,,,
ma50_gap,3,2.0,filtered,soft,1756,2,20,contrast,,,-0.026003908408645228,0.015766995583615693,-1.6492621102568992,uniform,0.014532910845301549,-1.789311768677933,bartlett,stress - calm,0.07356461978487827,robustness,two-sided,0.09909394844292001,,,
ma50_gap,3,2.0,window,hard,1756,2,20,calm,-0.007918950133225921,992.0,-0.007918950133225921,0.006805566067825587,-1.163599038537593,uniform,0.006541110342975075,-1.210643104611528,bartlett,,,,,,,,
ma50_gap,3,2.0,window,hard,1756,2,20,stress,-0.028300500959344038,764.0,-0.028300500959344038,0.01236286335355566,-2.28915423150775,uniform,0.01127418017179116,-2.5102047801359433,bartlett,,,,,,,,
ma50_gap,3,2.0,window,hard,1756,2,20,contrast,,,-0.020381550826118117,0.014058051928220832,-1.449813311985509,uniform,0.013023841899911546,-1.5649415113259737,bartlett,stress - calm,0.11759662410333478,robustness,two-sided,0.14711058629711146,,,
ma50_gap,3,3.0,window,soft,1756,2,20,calm,-0.0076003745920545625,835.959778731522,-0.00937868787571525,0.008885298268376961,-1.0555287613803892,uniform,0.00887509388102206,-1.0567423850884603,bartlett,,,,,,,,
ma50_gap,3,3.0,window,soft,1756,2,20,middle,-0.007852966054230989,930.7919049455844,0.004601578845732545,0.015227374378537098,0.30219122032084833,uniform,0.013488394550206503,0.3411509671224806,bartlett,,,,,,,,
ma50_gap,3,3.0,window,soft,1756,2,20,stress,-0.04139359679390426,611.7457019239054,-0.05457119059602473,0.019102062591840982,-2.856821892068011,uniform,0.016050871003169386,-3.399889674849992,bartlett,,,,,,,,
ma50_gap,3,3.0,window,soft,1756,2,20,contrast,,,-0.045192502720309474,0.02061256477103427,-2.1924735336097556,uniform,0.018074080829975407,-2.500403928998638,bartlett,stress - calm,0.012405177421532609,exploratory,two-sided,0.028345332105403624,0.21567100514981016,benjamini_hochberg,False
ma50_gap,3,3.0,filtered,soft,1756,2,20,calm,-0.00760447982239873,810.6727871813996,-0.009135395940456757,0.008652619529352975,-1.055795405017639,uniform,0.008649544809214782,-1.056170716720766,bartlett,,,,,,,,
ma50_gap,3,3.0,filtered,soft,1756,2,20,middle,-0.007157347030557299,876.2948912759474,0.0030442819176550277,0.014419534586912672,0.2111220649533343,uniform,0.012800692545790892,0.23782165744274866,bartlett,,,,,,,,
ma50_gap,3,3.0,filtered,soft,1756,2,20,stress,-0.04234470648879738,585.1513550201411,-0.05309933467490268,0.018532768597901164,-2.865159320065982,uniform,0.01559819035009251,-3.404198402706873,bartlett,,,,,,,,
ma50_gap,3,3.0,filtered,soft,1756,2,20,contrast,,,-0.04396393873444592,0.020107805868296465,-2.1864115370122454,uniform,0.017649290424201915,-2.490974859485544,bartlett,stress - calm,0.012739313368607322,robustness,two-sided,0.028785510305284017,,,
ma50_gap,3,3.0,window,hard,1756,2,20,rest,-0.007581694878534039,1280.0,-0.007581694878534039,0.0067262588952085875,-1.1271785693433265,uniform,0.006255545018880732,-1.2119958941468199,bartlett,,,,,,,,
ma50_gap,3,3.0,window,hard,1756,2,20,stress,-0.041539100463393645,476.0,-0.04153910046339364,0.01573058694818613,-2.640658012330776,uniform,0.01397475150523994,-2.972439291519297,bartlett,,,,,,,,
ma50_gap,3,3.0,window,hard,1756,2,20,contrast,,,-0.0339574055848596,0.016891305348140682,-2.010348216728998,uniform,0.0149840305898264,-2.266239739787732,bartlett,stress - rest,0.023436708719753202,robustness,two-sided,0.04439434703344129,,,
ma50_gap,3,,none,stress_vol,1737,2,20,calm,-0.009016804368661556,867.0,-0.009016804368661556,0.007228088622557023,-1.2474673235912475,uniform,0.006584980735935164,-1.3692985188940021,bartlett,,,,,,,,
ma50_gap,3,,none,stress_vol,1737,2,20,stress,-0.02385073253322207,870.0,-0.02385073253322207,0.011086202552587921,-2.151388847541347,uniform,0.010514802982630524,-2.268300468646085,bartlett,,,,,,,,
ma50_gap,3,,none,stress_vol,1737,2,20,contrast,,,-0.014833928164560514,0.013083430702190998,-1.1337949886551064,uniform,0.01235325243727085,-1.2008115465855167,bartlett,stress - calm,0.2298243118393822,robustness,two-sided,0.2568805535897464,,,
earn_next5,3,2.0,window,soft,1736,2,20,calm,0.005591303338085117,1087.2284653618963,0.005403028070435575,0.003218409932110236,1.67878803024105,uniform,0.0031595860006528097,1.7100430465634555,bartlett,,,,,,,,
earn_next5,3,2.0,window,soft,1736,2,20,stress,0.007162306102927313,856.2323922822388,0.00740936240947815,0.003572407337390242,2.0740530711402374,uniform,0.0032516146096953813,2.27867176736922,bartlett,,,,,,,,
earn_next5,3,2.0,window,soft,1736,2,20,contrast,,,0.0020063343390425755,0.005043370585467722,0.39781616382182,uniform,0.004630928796034341,0.43324663958570986,bartlett,stress - calm,0.6648355991503399,exploratory,two-sided,0.690765701548893,0.8020157547159457,benjamini_hochberg,False
earn_next5,3,2.0,filtered,soft,1736,2,20,calm,0.005577551335386917,1070.8642421176503,0.005420438583657871,0.0031875091245242566,1.7005248838203355,uniform,0.0031310732093064414,1.7311759327590244,bartlett,,,,,,,,
earn_next5,3,2.0,filtered,soft,1736,2,20,stress,0.007180561468559949,838.649505757776,0.007386773642612952,0.0035287222735086027,2.093328142616419,uniform,0.003213662111498661,2.2985532972438723,bartlett,,,,,,,,
earn_next5,3,2.0,filtered,soft,1736,2,20,contrast,,,0.001966335058955081,0.004942823439008946,0.3978161638218132,uniform,0.004538604294393175,0.4332466395857024,bartlett,stress - calm,0.6648355991503452,robustness,two-sided,0.6907657015488979,,,
earn_next5,3,2.0,window,hard,1736,2,20,calm,0.005881265176708647,981.0,0.005881265176708648,0.003061749893036357,1.9208836064908488,uniform,0.0029956205788361162,1.9632877468726986,bartlett,,,,,,,,
earn_next5,3,2.0,window,hard,1736,2,20,stress,0.006776803219039681,755.0,0.006776803219039681,0.0033235671751296056,2.0390149685406653,uniform,0.003066005789034258,2.2103034649436406,bartlett,,,,,,,,
earn_next5,3,2.0,window,hard,1736,2,20,contrast,,,0.0008955380423310332,0.0044853852194250195,0.19965688531114212,uniform,0.0041253533712462195,0.21708153502023558,bartlett,stress - calm,0.8281448037768313,robustness,two-sided,0.8417489353085967,,,
earn_next5,3,3.0,window,soft,1736,2,20,calm,0.0036229535313831818,825.1229965601725,0.0023694159447761464,0.004145998644059526,0.5714946260706321,uniform,0.00412702700297024,0.5741217450408895,bartlett,,,,,,,,
earn_next5,3,3.0,window,soft,1736,2,20,middle,0.00777340580829006,926.1340550659122,0.009325281014139934,0.005615004111252403,1.6607790180335182,uniform,0.005992485715720719,1.5561624101457499,bartlett,,,,,,,,
earn_next5,3,3.0,window,soft,1736,2,20,stress,0.00818312965744201,603.0934887401067,0.00801108389500159,0.00477809871362978,1.676625866298984,uniform,0.003887819376042269,2.0605596917305173,bartlett,,,,,,,,
earn_next5,3,3.0,window,soft,1736,2,20,contrast,,,0.005641667950225445,0.006132672194797756,0.919936329714668,uniform,0.005448456498953027,1.035461685581879,bartlett,stress - calm,0.300453350764601,exploratory,two-sided,0.3576060325499393,0.5394918594503394,benjamini_hochberg,False
earn_next5,3,3.0,filtered,soft,1736,2,20,calm,0.0035386432251677696,799.8517109329716,0.00249411866102173,0.004046173742865635,0.6164141283896801,uniform,0.0040224727616816084,0.6200461280386782,bartlett,,,,,,,,
earn_next5,3,3.0,filtered,soft,1736,2,20,middle,0.007853706306075235,872.751540013046,0.009145444300343464,0.005322070067104731,1.718399830334946,uniform,0.005685094773828297,1.608670508439914,bartlett,,,,,,,,
earn_next5,3,3.0,filtered,soft,1736,2,20,stress,0.008193247278503561,576.4859689960766,0.008042535545500076,0.004621247612258421,1.7403385882561826,uniform,0.0037504632141922008,2.1444112596721814,bartlett,,,,,,,,
earn_next5,3,3.0,filtered,soft,1736,2,20,contrast,,,0.005548416884478345,0.005995606356082125,0.9254138038682047,uniform,0.005333007308790839,1.0403917645738885,bartlett,stress - calm,0.2981579262663612,robustness,two-sided,0.35475070120006036,,,
earn_next5,3,3.0,window,hard,1736,2,20,rest,0.005501668262328083,1269.0,0.005501668262328084,0.002721855167401033,2.0212935383998993,uniform,0.0027692014197463035,1.9867345954315276,bartlett,,,,,,,,
earn_next5,3,3.0,window,hard,1736,2,20,stress,0.008360579322980302,467.0,0.008360579322980302,0.0038970479397965043,2.1453621952150974,uniform,0.0032177910454367535,2.5982356234214437,bartlett,,,,,,,,
earn_next5,3,3.0,window,hard,1736,2,20,contrast,,,0.002858911060652218,0.004703580568555285,0.607815900883003,uniform,0.004170995343900865,0.6854265768559842,bartlett,stress - rest,0.49307477804442423,robustness,two-sided,0.5433095820175602,,,
earn_next5,3,,none,stress_vol,1717,2,20,calm,0.005329541216228875,856.0,0.005329541216228874,0.0032003639221835595,1.6652922435747899,uniform,0.0030714553842568423,1.735184318009682,bartlett,,,,,,,,
earn_next5,3,,none,stress_vol,1717,2,20,stress,0.00694480459370671,861.0,0.00694480459370671,0.0031510610424869373,2.203957492434233,uniform,0.0030355915243127233,2.2877928529198464,bartlett,,,,,,,,
earn_next5,3,,none,stress_vol,1717,2,20,contrast,,,0.001615263377477836,0.004409525669165596,0.3663122745316705,uniform,0.0041313516804509795,0.3909769737398665,bartlett,stress - calm,0.6958142561786527,robustness,two-sided,0.7141320714377644,,,
days_since_earn,3,2.0,window,soft,1756,2,20,calm,-0.007018170720141524,1098.674663905415,-0.0073994705939818585,0.004353576023099991,-1.6996305002417345,uniform,0.004287083792887685,-1.7259915950926024,bartlett,,,,,,,,
days_since_earn,3,2.0,window,soft,1756,2,20,stress,-0.0038074312649650495,865.4581753948197,-0.0033073792882063477,0.005270576530666678,-0.6275175531485918,uniform,0.004512846447635347,-0.7328809713743655,bartlett,,,,,,,,
days_since_earn,3,2.0,window,soft,1756,2,20,contrast,,,0.004092091305775511,0.007203955200657477,0.5680339746424355,uniform,0.006428999634391041,0.636505138977678,bartlett,stress - calm,0.5244472325312892,exploratory,two-sided,0.5700118986675766,0.7500156561415482,benjamini_hochberg,False
days_since_earn,3,2.0,filtered,soft,1756,2,20,calm,-0.007046292996653209,1082.1071125963265,-0.007363960356032172,0.0043108892955981614,-1.708223025711074,uniform,0.0042474427581051,-1.7337397524616518,bartlett,,,,,,,,
days_since_earn,3,2.0,filtered,soft,1756,2,20,stress,-0.0037701439153754054,847.6793058581912,-0.003353451019471864,0.005205948464976506,-0.6441575520834507,uniform,0.004459070370265732,-0.752051602915614,bartlett,,,,,,,,
days_since_earn,3,2.0,filtered,soft,1756,2,20,contrast,,,0.004010509336560308,0.007060333563823949,0.5680339746424353,uniform,0.0063008278974805805,0.6365051389776781,bartlett,stress - calm,0.524447232531289,robustness,two-sided,0.5700118986675768,,,
days_since_earn,3,2.0,window,hard,1756,2,20,calm,-0.0073297393272770605,992.0,-0.00732973932727706,0.00408758066090866,-1.7931730124311909,uniform,0.004036259554100291,-1.8159732368625898,bartlett,,,,,,,,
days_since_earn,3,2.0,window,hard,1756,2,20,stress,-0.0034209543805444665,764.0,-0.003420954380544467,0.004902786635936467,-0.697757139882356,uniform,0.00419462048680159,-0.8155575435986473,bartlett,,,,,,,,
days_since_earn,3,2.0,window,hard,1756,2,20,contrast,,,0.003908784946732593,0.006334791016115026,0.6170345535928596,uniform,0.005623648031285393,0.6950621598270909,bartlett,stress - calm,0.48701634748146927,robustness,two-sided,0.5372119347376061,,,
days_since_earn,3,3.0,window,soft,1756,2,20,calm,-0.01049933892349653,835.959778731522,-0.012866057371677984,0.005301507494684421,-2.426867713490586,uniform,0.004863212432785114,-2.645588188774579,bartlett,,,,,,,,
days_since_earn,3,3.0,window,soft,1756,2,20,middle,-0.0026437979862134883,930.7919049455844,0.00047285084047445807,0.007247313298977323,0.06524498403307369,uniform,0.007390210653205617,0.06398340489379038,bartlett,,,,,,,,
days_since_earn,3,3.0,window,soft,1756,2,20,stress,-0.0023502094583478786,611.7457019239054,-0.0028640187657689455,0.007349762164908778,-0.38967502641692525,uniform,0.006392051728368798,-0.4480593849167458,bartlett,,,,,,,,
days_since_earn,3,3.0,window,soft,1756,2,20,contrast,,,0.010002038605909038,0.00888842799495921,1.1252876899696298,uniform,0.007871715474465937,1.270630098147397,bartlett,stress - calm,0.2038602741459734,exploratory,two-sided,0.26046714442968444,0.5223819820288157,benjamini_hochberg,False
days_since_earn,3,3.0,filtered,soft,1756,2,20,calm,-0.010656980144585312,810.6727871813996,-0.012627027394926086,0.005181288682668844,-2.4370437874196957,uniform,0.004754229617765583,-2.6559565713320765,bartlett,,,,,,,,
days_since_earn,3,3.0,filtered,soft,1756,2,20,middle,-0.002479747932875523,876.2948912759474,0.00011071085139217245,0.006873936090259624,0.016105888960627646,uniform,0.007015656889141017,0.015780539604713716,bartlett,,,,,,,,
days_since_earn,3,3.0,filtered,soft,1756,2,20,stress,-0.0023450313688211264,585.1513550201411,-0.0027833550951093895,0.007122274979216592,-0.3907957925285752,uniform,0.006181618039921503,-0.45026319600049797,bartlett,,,,,,,,
days_since_earn,3,3.0,filtered,soft,1756,2,20,contrast,,,0.009843672299816697,0.008682094577601876,1.133790033249749,uniform,0.007687909097419891,1.2804095593586418,bartlett,stress - calm,0.20040113374022428,robustness,two-sided,0.25688263271008593,,,
days_since_earn,3,3.0,window,hard,1756,2,20,rest,-0.007059119821649408,1280.0,-0.007059119821649408,0.0036430013762489078,-1.9377208769868701,uniform,0.003600725689955002,-1.9604714242304933,bartlett,,,,,,,,
days_since_earn,3,3.0,window,hard,1756,2,20,stress,-0.0017836915707638234,476.0,-0.0017836915707638234,0.006071116711794689,-0.29379958505797604,uniform,0.005193487184985749,-0.34344776587115383,bartlett,,,,,,,,
days_since_earn,3,3.0,window,hard,1756,2,20,contrast,,,0.005275428250885585,0.00698599930741429,0.75514296791967,uniform,0.006217805919692561,0.8484388736190127,bartlett,stress - rest,0.39619360108489876,robustness,two-sided,0.4501632042303356,,,
days_since_earn,3,,none,stress_vol,1737,2,20,calm,-0.00821862448871605,867.0,-0.00821862448871605,0.004397463371449053,-1.8689466618587995,uniform,0.0042600297665894805,-1.9292410943165226,bartlett,,,,,,,,
days_since_earn,3,,none,stress_vol,1737,2,20,stress,-0.0030977584425598975,870.0,-0.0030977584425598975,0.004538045854896143,-0.6826194669711623,uniform,0.0041111792723993075,-0.7534963175546534,bartlett,,,,,,,,
days_since_earn,3,,none,stress_vol,1737,2,20,contrast,,,0.005120866046156152,0.006251490346788099,0.8191432381859405,uniform,0.005759066821053645,0.8891833009187533,bartlett,stress - calm,0.37390457593457294,robustness,two-sided,0.4127046952543916,,,
var_ratio_60d,3,2.0,window,soft,1756,2,20,calm,0.0009728335231849236,1098.674663905415,0.00044778003229263596,0.004013189636777697,0.1115770927416655,uniform,0.003975644377672628,0.11263080641905143,bartlett,,,,,,,,
var_ratio_60d,3,2.0,window,soft,1756,2,20,stress,0.005394051768832528,865.4581753948197,0.006082628015607489,0.006460945791495386,0.941445449614222,uniform,0.005812000466013571,1.046563580160815,bartlett,,,,,,,,
var_ratio_60d,3,2.0,window,soft,1756,2,20,contrast,,,0.005634847983314853,0.008010133317278846,0.7034649437306856,uniform,0.0073412868958620614,0.7675558881224153,bartlett,stress - calm,0.4427510778805659,exploratory,two-sided,0.4817660462386426,0.6586645163418942,benjamini_hochberg,False
var_ratio_60d,3,2.0,filtered,soft,1756,2,20,calm,0.0009341088855248463,1082.1071125963265,0.0004966779619198174,0.003971928911941042,0.12504704211261822,uniform,0.003936761783516971,0.12616408846463195,bartlett,,,,,,,,
var_ratio_60d,3,2.0,filtered,soft,1756,2,20,stress,0.005445396797801423,847.6793058581912,0.006019186810949412,0.006382861115904224,0.9430233090849115,uniform,0.005742563704559163,1.04817066394416,bartlett,,,,,,,,
var_ratio_60d,3,2.0,filtered,soft,1756,2,20,contrast,,,0.005522508849029595,0.007850439312216547,0.7034649437306881,uniform,0.007194927345992566,0.7675558881224179,bartlett,stress - calm,0.44275107788056456,robustness,two-sided,0.48176604623864105,,,
var_ratio_60d,3,2.0,window,hard,1756,2,20,calm,0.0004296617193562542,992.0,0.00042966171935625416,0.0038342158805347586,0.11205986640906854,uniform,0.00379567064315851,0.11319784031596526,bartlett,,,,,,,,
var_ratio_60d,3,2.0,window,hard,1756,2,20,stress,0.006074435370703213,764.0,0.006074435370703213,0.005873664922759895,1.0341814609078825,uniform,0.005320501021717219,1.1417036376665628,bartlett,,,,,,,,
var_ratio_60d,3,2.0,window,hard,1756,2,20,contrast,,,0.0056447736513469595,0.006949119973321665,0.8123005032317451,uniform,0.006411875596670557,0.8803623161806314,bartlett,stress - calm,0.37866306404520156,robustness,two-sided,0.41661922187639777,,,
var_ratio_60d,3,3.0,window,soft,1756,2,20,calm,0.002609060991496433,835.959778731522,0.004240126419037563,0.004875342675405247,0.8697083879719524,uniform,0.00501646648713443,0.8452416516510334,bartlett,,,,,,,,
var_ratio_60d,3,3.0,window,soft,1756,2,20,middle,-0.0010639594112472183,930.7919049455844,-0.006071895480854437,0.007670029250471174,-0.7916391558065358,uniform,0.007605649756986206,-0.7983401385630554,bartlett,,,,,,,,
var_ratio_60d,3,3.0,window,soft,1756,2,20,stress,0.008281912951793657,611.7457019239054,0.012253657464346812,0.009630868216582478,1.2723315477672512,uniform,0.007980826561974052,1.53538701401323,bartlett,,,,,,,,
var_ratio_60d,3,3.0,window,soft,1756,2,20,contrast,,,0.00801353104530925,0.010553388037352283,0.759332549598901,uniform,0.009209834478497065,0.8701058704170069,bartlett,stress - calm,0.3842425498682611,exploratory,two-sided,0.4476536510668587,0.6437880834963179,benjamini_hochberg,False
var_ratio_60d,3,3.0,filtered,soft,1756,2,20,calm,0.0026853639833414717,810.6727871813996,0.004057382553916432,0.004751659150035893,0.8538875423936465,uniform,0.004889768457202054,0.8297698734467446,bartlett,,,,,,,,
var_ratio_60d,3,3.0,filtered,soft,1756,2,20,middle,-0.0013388881947753528,876.2948912759474,-0.00545884825967278,0.0072602086321002755,-0.751885866686673,uniform,0.007208746400157171,-0.7572534746892694,bartlett,,,,,,,,
var_ratio_60d,3,3.0,filtered,soft,1756,2,20,stress,0.008548433455542053,585.1513550201411,0.011798944056766679,0.009342815228053731,1.2628895861429341,uniform,0.007738158963581037,1.5247740596047934,bartlett,,,,,,,,
var_ratio_60d,3,3.0,filtered,soft,1756,2,20,contrast,,,0.007741561502850247,0.01029724943340364,0.7518086798730057,uniform,0.008993756879784365,0.8607705996869084,bartlett,stress - calm,0.3893644005997019,robustness,two-sided,0.4521661214263213,,,
var_ratio_60d,3,3.0,window,hard,1756,2,20,rest,0.0006165125405396318,1280.0,0.0006165125405396318,0.003431393669932058,0.17966826305646205,uniform,0.0035316458712713553,0.17456805212400692,bartlett,,,,,,,,
var_ratio_60d,3,3.0,window,hard,1756,2,20,stress,0.008987304615394823,476.0,0.008987304615394823,0.008095082230744817,1.1102178284565634,uniform,0.006984388829916532,1.2867703723623054,bartlett,,,,,,,,
var_ratio_60d,3,3.0,window,hard,1756,2,20,contrast,,,0.008370792074855192,0.008689600657730806,0.9633114805348411,uniform,0.007823482550761157,1.0699572754899014,bartlett,stress - rest,0.2846385403024132,robustness,two-sided,0.3353912336201741,,,
var_ratio_60d,3,,none,stress_vol,1737,2,20,calm,0.0010000330126850856,867.0,0.0010000330126850856,0.003997255146747676,0.25017992996988236,uniform,0.003911513627877544,0.25566394695848754,bartlett,,,,,,,,
var_ratio_60d,3,,none,stress_vol,1737,2,20,stress,0.004427673599504833,870.0,0.004427673599504833,0.0053750391452755215,0.8237472285939739,uniform,0.004880431410681714,0.9072299612313088,bartlett,,,,,,,,
var_ratio_60d,3,,none,stress_vol,1737,2,20,contrast,,,0.0034276405868197473,0.006564243882534123,0.5221683788958353,uniform,0.005990803782108976,0.5721503677112749,bartlett,stress - calm,0.5672201087429944,robustness,two-sided,0.6015531003911097,,,
ret_vol_corr_60d,3,2.0,window,soft,1756,2,20,calm,-0.004057723701327095,1098.674663905415,-0.003303310552820643,0.0044655105163632185,-0.7397386123526388,uniform,0.004276194271474495,-0.7724884191666092,bartlett,,,,,,,,
ret_vol_corr_60d,3,2.0,window,soft,1756,2,20,stress,-0.01041026727029736,865.4581753948197,-0.011399634988686309,0.007214320577453046,-1.5801397881199857,uniform,0.006534011128185153,-1.7446610917928758,bartlett,,,,,,,,
ret_vol_corr_60d,3,2.0,window,soft,1756,2,20,contrast,,,-0.008096324435865665,0.008907498139574808,-0.9089336095277744,uniform,0.008382216368673312,-0.9658930382808889,bartlett,stress - calm,0.33409770627497926,exploratory,two-sided,0.36338517147208715,0.5435248291249167,benjamini_hochberg,False
ret_vol_corr_60d,3,2.0,filtered,soft,1756,2,20,calm,-0.004002082940283361,1082.1071125963265,-0.0033735686154473562,0.004420049705851577,-0.7632422348059085,uniform,0.004230037477506355,-0.7975268856095585,bartlett,,,,,,,,
ret_vol_corr_60d,3,2.0,filtered,soft,1756,2,20,stress,-0.010484041401193512,847.6793058581912,-0.011308480697206757,0.007127531369831468,-1.586591501381796,uniform,0.006452623906424838,-1.7525398754368702,bartlett,,,,,,,,
ret_vol_corr_60d,3,2.0,filtered,soft,1756,2,20,contrast,,,-0.0079349120817594,0.00872991382272889,-0.9089336095277765,uniform,0.008215104330684541,-0.9658930382808913,bartlett,stress - calm,0.3340977062749781,robustness,two-sided,0.36338517147208604,,,
ret_vol_corr_60d,3,2.0,window,hard,1756,2,20,calm,-0.0037614284510348057,992.0,-0.0037614284510348057,0.00423717331269067,-0.8877211700944659,uniform,0.003969138557919592,-0.9476687185761394,bartlett,,,,,,,,
ret_vol_corr_60d,3,2.0,window,hard,1756,2,20,stress,-0.010759227880423935,764.0,-0.010759227880423937,0.006675375406732706,-1.6117786978051158,uniform,0.00606048060383713,-1.7753093498248051,bartlett,,,,,,,,
ret_vol_corr_60d,3,2.0,window,hard,1756,2,20,contrast,,,-0.006997799429389131,0.007856273628469261,-0.8907275586775357,uniform,0.0073513683293856555,-0.9519043415926798,bartlett,stress - calm,0.341145497498959,robustness,two-sided,0.3730753464381752,,,
ret_vol_corr_60d,3,3.0,window,soft,1756,2,20,calm,-0.005294810988802769,835.959778731522,-0.006597376213081953,0.005384158902340285,-1.2253308887697074,uniform,0.005164203950952053,-1.2775204611866047,bartlett,,,,,,,,
ret_vol_corr_60d,3,3.0,window,soft,1756,2,20,middle,-0.002979847863118246,930.7919049455844,0.0020353393353623357,0.008698226954767572,0.23399473777201787,uniform,0.006625884849438421,0.3071800041219916,bartlett,,,,,,,,
ret_vol_corr_60d,3,3.0,window,soft,1756,2,20,stress,-0.013834873733405003,611.7457019239054,-0.018291653406527532,0.0098788970480842,-1.8515886254806964,uniform,0.009047672616978416,-2.02169709060895,bartlett,,,,,,,,
ret_vol_corr_60d,3,3.0,window,soft,1756,2,20,contrast,,,-0.011694277193445578,0.01107334201081128,-1.0560747768856102,uniform,0.010355682842984913,-1.129261814093452,bartlett,stress - calm,0.25878740442913534,exploratory,two-sided,0.2909340529968113,0.5229754876531013,benjamini_hochberg,False
ret_vol_corr_60d,3,3.0,filtered,soft,1756,2,20,calm,-0.005344260156653996,810.6727871813996,-0.006445039612362738,0.005252352669487306,-1.227076705988186,uniform,0.005049521773932041,-1.2763663374292202,bartlett,,,,,,,,
ret_vol_corr_60d,3,3.0,filtered,soft,1756,2,20,middle,-0.0027027953433166343,876.2948912759474,0.0014166592849612575,0.008254195422087069,0.17162899743934776,uniform,0.006291978365697074,0.22515323521846042,bartlett,,,,,,,,
ret_vol_corr_60d,3,3.0,filtered,soft,1756,2,20,stress,-0.014143649534329469,585.1513550201411,-0.017786755657015933,0.009588917978650073,-1.854928334627381,uniform,0.008797703112916206,-2.0217499304906745,bartlett,,,,,,,,
ret_vol_corr_60d,3,3.0,filtered,soft,1756,2,20,contrast,,,-0.011341716044653194,0.010808641667376998,-1.04931927560196,uniform,0.01011200251734102,-1.121609297980627,bartlett,stress - calm,0.26202859654744,robustness,two-sided,0.294031197368239,,,
ret_vol_corr_60d,3,3.0,window,hard,1756,2,20,rest,-0.004624801720169299,1280.0,-0.0046248017201693,0.004007073923243414,-1.1541593214297088,uniform,0.0034853603661343436,-1.3269221068519594,bartlett,,,,,,,,
ret_vol_corr_60d,3,3.0,window,hard,1756,2,20,stress,-0.012671514542549799,476.0,-0.012671514542549799,0.008424886734189212,-1.5040575549968234,uniform,0.008132503668357598,-1.5581320414096878,bartlett,,,,,,,,
ret_vol_corr_60d,3,3.0,window,hard,1756,2,20,contrast,,,-0.008046712822380498,0.009162480305151034,-0.8782242967394686,uniform,0.008734362227982555,-0.9212707937164533,bartlett,stress - rest,0.3569090654755941,robustness,two-sided,0.37982200909381153,,,
ret_vol_corr_60d,3,,none,stress_vol,1737,2,20,calm,-0.004517274775354993,867.0,-0.004517274775354994,0.004531500601541127,-0.9968606809450063,uniform,0.004192340236557362,-1.0775067195081616,bartlett,,,,,,,,
ret_vol_corr_60d,3,,none,stress_vol,1737,2,20,stress,-0.00904865961347969,870.0,-0.00904865961347969,0.006064429793265789,-1.492087454541517,uniform,0.005493215690231471,-1.6472427306233084,bartlett,,,,,,,,
ret_vol_corr_60d,3,,none,stress_vol,1737,2,20,contrast,,,-0.004531384838124696,0.007494643560665829,-0.6046164572664646,uniform,0.0069387711830101555,-0.653052928048696,bartlett,stress - calm,0.5137221572694779,robustness,two-sided,0.5454338691405363,,,
ret_20d_ind_rel,3,2.0,window,soft,1756,2,20,calm,-0.008244017372903643,1098.674663905415,-0.007213586265435232,0.004854759563589091,-1.48587920183266,uniform,0.004386465245676827,-1.6445100693650163,bartlett,,,,,,,,
ret_20d_ind_rel,3,2.0,window,soft,1756,2,20,stress,-0.01692077296494826,865.4581753948197,-0.018272121726262035,0.008383363967578843,-2.1795691797381327,uniform,0.007707162278448783,-2.3707975862082997,bartlett,,,,,,,,
ret_20d_ind_rel,3,2.0,window,soft,1756,2,20,contrast,,,-0.011058535460826803,0.010183086975923268,-1.0859708344800973,uniform,0.009169583406798541,-1.2060019490773974,bartlett,stress - calm,0.22781673890790952,exploratory,two-sided,0.2774918959399994,0.5223819820288157,benjamini_hochberg,False
ret_20d_ind_rel,3,2.0,filtered,soft,1756,2,20,calm,-0.008168019266115352,1082.1071125963265,-0.007309549721830915,0.004804374273514488,-1.5214363631340997,uniform,0.004343531278743754,-1.6828587738281464,bartlett,,,,,,,,
ret_20d_ind_rel,3,2.0,filtered,soft,1756,2,20,stress,-0.0170215389173343,847.6793058581912,-0.01814761671504136,0.008282544329399889,-2.191067864330555,uniform,0.007616575242353844,-2.3826478617485543,bartlett,,,,,,,,
ret_20d_ind_rel,3,2.0,filtered,soft,1756,2,20,contrast,,,-0.010838066993210447,0.009980071885078892,-1.0859708344800938,uniform,0.008986774027605598,-1.2060019490773932,bartlett,stress - calm,0.22781673890791126,robustness,two-sided,0.27749189594000095,,,
ret_20d_ind_rel,3,2.0,window,hard,1756,2,20,calm,-0.008845828605443131,992.0,-0.008845828605443131,0.004592368614513381,-1.9262017812523655,uniform,0.004154171020205946,-2.1293847948042814,bartlett,,,,,,,,
ret_20d_ind_rel,3,2.0,window,hard,1756,2,20,stress,-0.01609052302968859,764.0,-0.016090523029688594,0.007727304934491907,-2.0822943013244233,uniform,0.007177412873288701,-2.241827705017601,bartlett,,,,,,,,
ret_20d_ind_rel,3,2.0,window,hard,1756,2,20,contrast,,,-0.007244694424245463,0.008917396112128393,-0.8124226324758729,uniform,0.008111406021240322,-0.8931490305471936,bartlett,stress - calm,0.371777369043541,robustness,two-sided,0.41654916391980823,,,
ret_20d_ind_rel,3,3.0,window,soft,1756,2,20,calm,-0.008588531118780239,835.959778731522,-0.010285226995760092,0.005922086130330484,-1.7367574144326268,uniform,0.005491356859313586,-1.8729846300766064,bartlett,,,,,,,,
ret_20d_ind_rel,3,3.0,window,soft,1756,2,20,middle,-0.006263498358865675,930.7919049455844,0.0014034890602152034,0.009901503010276426,0.14174505211568092,uniform,0.009498079575114074,0.14776556135542243,bartlett,,,,,,,,
ret_20d_ind_rel,3,3.0,window,soft,1756,2,20,stress,-0.024189893039420523,611.7457019239054,-0.03142997693181487,0.011668449089037296,-2.6935864991127105,uniform,0.00984548145586227,-3.1923250348616112,bartlett,,,,,,,,
ret_20d_ind_rel,3,3.0,window,soft,1756,2,20,contrast,,,-0.021144749936054773,0.012834384914357939,-1.647507853095473,uniform,0.011074323941440692,-1.9093490535282274,bartlett,stress - calm,0.05621707826470258,exploratory,two-sided,0.09945370339826547,0.3551917978509481,benjamini_hochberg,False
ret_20d_ind_rel,3,3.0,filtered,soft,1756,2,20,calm,-0.008640117184617461,810.6727871813996,-0.010079652640222835,0.00577177181715255,-1.7463706049965673,uniform,0.005347106623836193,-1.8850667004263617,bartlett,,,,,,,,
ret_20d_ind_rel,3,3.0,filtered,soft,1756,2,20,middle,-0.005838416654039272,876.2948912759474,0.0004534542647437693,0.009386632910876042,0.04830851158761774,uniform,0.009020328188333433,0.050270262375846884,bartlett,,,,,,,,
ret_20d_ind_rel,3,3.0,filtered,soft,1756,2,20,stress,-0.024699216606722627,585.1513550201411,-0.03061401360700801,0.01132202928837113,-2.7039334404877136,uniform,0.009560008752373844,-3.202299746786973,bartlett,,,,,,,,
ret_20d_ind_rel,3,3.0,filtered,soft,1756,2,20,contrast,,,-0.020534360966785174,0.01252389607998896,-1.6396144487014361,uniform,0.01081327161393473,-1.8989961317833888,bartlett,stress - calm,0.05756498458809455,robustness,two-sided,0.1010853569663974,,,
ret_20d_ind_rel,3,3.0,window,hard,1756,2,20,rest,-0.007861009777827575,1280.0,-0.007861009777827575,0.0045110380156293565,-1.7426166107648837,uniform,0.004232896722356808,-1.8571229806548866,bartlett,,,,,,,,
ret_20d_ind_rel,3,3.0,window,hard,1756,2,20,stress,-0.023122119864836924,476.0,-0.023122119864836924,0.009704916982980538,-2.3825159870389476,uniform,0.008615915598963313,-2.683652085405645,bartlett,,,,,,,,
ret_20d_ind_rel,3,3.0,window,hard,1756,2,20,contrast,,,-0.015261110087009349,0.010583508172979176,-1.44197083212659,uniform,0.009435320127555118,-1.6174448646888477,bartlett,stress - rest,0.10578228797131066,robustness,two-sided,0.14931060220915088,,,
ret_20d_ind_rel,3,,none,stress_vol,1737,2,20,calm,-0.0070740682466845966,867.0,-0.0070740682466845966,0.0048039292455647675,-1.4725587919963095,uniform,0.004350216523507388,-1.6261416434005649,bartlett,,,,,,,,
ret_20d_ind_rel,3,,none,stress_vol,1737,2,20,stress,-0.016524294623118916,870.0,-0.016524294623118916,0.007040098367906091,-2.347168144474901,uniform,0.006735835197329938,-2.453191644247634,bartlett,,,,,,,,
ret_20d_ind_rel,3,,none,stress_vol,1737,2,20,contrast,,,-0.00945022637643432,0.008423194670152427,-1.1219290003971032,uniform,0.007937860839864551,-1.1905255795080902,bartlett,stress - calm,0.23383988234788813,robustness,two-sided,0.2618926289978878,,,
ind_mom_12_1,3,2.0,window,soft,1756,2,20,calm,0.007426672327197893,1098.674663905415,0.0073856409743507144,0.011209287322007797,0.6588858651031353,uniform,0.010923548704703395,0.6761210275165113,bartlett,,,,,,,,
ind_mom_12_1,3,2.0,window,soft,1756,2,20,stress,0.007772177250026331,865.4581753948197,0.007825987414959414,0.015110885302193504,0.5179039651517565,uniform,0.01266547479328057,0.6178992531027218,bartlett,,,,,,,,
ind_mom_12_1,3,2.0,window,soft,1756,2,20,contrast,,,0.00044034644060869915,0.01973732130229219,0.022310344644263333,uniform,0.017552462010768682,0.025087445871612792,bartlett,stress - calm,0.9799852137752421,exploratory,two-sided,0.9822003971041751,0.9930288789663234,benjamini_hochberg,False
ind_mom_12_1,3,2.0,filtered,soft,1756,2,20,calm,0.007423646113108703,1082.1071125963265,0.007389462200642569,0.011099011459479157,0.6657766079096682,uniform,0.010818048045655363,0.6830679776478022,bartlett,,,,,,,,
ind_mom_12_1,3,2.0,filtered,soft,1756,2,20,stress,0.007776189709779708,847.6793058581912,0.007821029675417597,0.014928030630167692,0.5239157038981598,uniform,0.012510874927752796,0.625138507145352,bartlett,,,,,,,,
ind_mom_12_1,3,2.0,filtered,soft,1756,2,20,contrast,,,0.0004315674747750282,0.019343828240052468,0.022310344644264565,uniform,0.017202527390934447,0.02508744587161418,bartlett,stress - calm,0.9799852137752407,robustness,two-sided,0.9822003971041742,,,
ind_mom_12_1,3,2.0,window,hard,1756,2,20,calm,0.005514189653313262,992.0,0.005514189653313262,0.010642550988050033,0.518126684053932,uniform,0.010246210957834009,0.5381686631288071,bartlett,,,,,,,,
ind_mom_12_1,3,2.0,window,hard,1756,2,20,stress,0.010253456014061817,764.0,0.010253456014061817,0.01397075254317582,0.7339229567179071,uniform,0.011766935585983523,0.8713786133303454,bartlett,,,,,,,,
ind_mom_12_1,3,2.0,window,hard,1756,2,20,contrast,,,0.004739266360748555,0.0174055779119986,0.27228434382988936,uniform,0.01537455311036274,0.30825392625911185,bartlett,stress - calm,0.7578891216125396,robustness,two-sided,0.7854033934257618,,,
ind_mom_12_1,3,3.0,window,soft,1756,2,20,calm,0.004811534386251638,835.959778731522,-0.00047927489094469646,0.013638195592936646,-0.03514210422329751,uniform,0.012842169738208472,-0.03732039839955868,bartlett,,,,,,,,
ind_mom_12_1,3,3.0,window,soft,1756,2,20,middle,0.018480488260459477,930.7919049455844,0.03184249021961072,0.02001385241828707,1.591022535497243,uniform,0.01696497884088836,1.8769543138400582,bartlett,,,,,,,,
ind_mom_12_1,3,3.0,window,soft,1756,2,20,stress,-0.002211855623060434,611.7457019239054,-0.011449105089417886,0.021579915628024023,-0.5305444787999957,uniform,0.017477282370196173,-0.6550849752786466,bartlett,,,,,,,,
ind_mom_12_1,3,3.0,window,soft,1756,2,20,contrast,,,-0.010969830198473189,0.024975775965901423,-0.4392187939806124,uniform,0.02143690562563694,-0.511726383930808,bartlett,stress - calm,0.6088425181439399,exploratory,two-sided,0.6605030084167784,0.8020157547159457,benjamini_hochberg,False
ind_mom_12_1,3,3.0,filtered,soft,1756,2,20,calm,0.004531431204364722,810.6727871813996,9.535075657448453e-05,0.013316238884467268,0.007160487086613207,uniform,0.012566358857507983,0.007587779217168831,bartlett,,,,,,,,
ind_mom_12_1,3,3.0,filtered,soft,1756,2,20,middle,0.019209146992130433,876.2948912759474,0.03022024378204266,0.0189717103104107,1.5929108808634582,uniform,0.01611170046170429,1.8756706564817787,bartlett,,,,,,,,
ind_mom_12_1,3,3.0,filtered,soft,1756,2,20,stress,-0.0028041674171745893,585.1513550201411,-0.010376389808207565,0.020917379547109573,-0.4960654743983649,uniform,0.016950785652099516,-0.6121480160963719,bartlett,,,,,,,,
ind_mom_12_1,3,3.0,filtered,soft,1756,2,20,contrast,,,-0.01047174056478205,0.024384297338682148,-0.4294460660209451,uniform,0.020941411278302863,-0.5000494200518228,bartlett,stress - calm,0.617040279708529,robustness,two-sided,0.6675986358071532,,,
ind_mom_12_1,3,3.0,window,hard,1756,2,20,rest,0.012578201468737232,1280.0,0.012578201468737234,0.009560284798974054,1.315672255923489,uniform,0.008901536327237421,1.4130371439646598,bartlett,,,,,,,,
ind_mom_12_1,3,3.0,window,hard,1756,2,20,stress,-0.005874750733516153,476.0,-0.005874750733516153,0.017904722079498978,-0.3281118080153157,uniform,0.015327638546645664,-0.3832782666186891,bartlett,,,,,,,,
ind_mom_12_1,3,3.0,window,hard,1756,2,20,contrast,,,-0.018452952202253386,0.020029548172714986,-0.9212864934911862,uniform,0.017498010155146848,-1.054574322373773,bartlett,stress - rest,0.29162005260363394,robustness,two-sided,0.3569008708555907,,,
ind_mom_12_1,3,,none,stress_vol,1737,2,20,calm,0.004266137405631405,867.0,0.004266137405631405,0.011374073051115064,0.3750756115649505,uniform,0.010834363178822054,0.3937598671207949,bartlett,,,,,,,,
ind_mom_12_1,3,,none,stress_vol,1737,2,20,stress,0.01218654518231792,870.0,0.01218654518231792,0.012913136748716917,0.9437323726575424,uniform,0.011413849790176088,1.0676980516080465,bartlett,,,,,,,,
ind_mom_12_1,3,,none,stress_vol,1737,2,20,contrast,,,0.007920407776686515,0.017042179232931807,0.464753226006528,uniform,0.015618404283937928,0.5071201662279875,bartlett,stress - calm,0.6120705061069225,robustness,two-sided,0.6421081871739325,,,
ret_5d,5,2.0,window,soft,1754,4,20,calm,-0.01877260685818135,1104.8726726473947,-0.017010515569858414,0.007280811613522114,-2.336348812852957,uniform,0.00729501725441075,-2.331799223582841,bartlett,,,,,,,,
ret_5d,5,2.0,window,soft,1754,4,20,stress,-0.032310019680363296,874.2255978381054,-0.03461620113398926,0.01056195496126704,-3.277442600440384,uniform,0.009083523221692825,-3.810878256062642,bartlett,,,,,,,,
ret_5d,5,2.0,window,soft,1754,4,20,contrast,,,-0.01760568556413085,0.013436340005521172,-1.3103036657971172,uniform,0.012315039320523961,-1.4296085547034851,bartlett,stress - calm,0.15282939888359093,primary,less,0.0950465639250677,0.3801862557002708,holm,False
ret_5d,5,2.0,filtered,soft,1754,4,20,calm,-0.0185937937660457,1080.1201289939459,-0.017238158580655593,0.0071737753401351695,-2.402940956934231,uniform,0.007187518046931359,-2.3983464762241895,bartlett,,,,,,,,
ret_5d,5,2.0,filtered,soft,1754,4,20,stress,-0.03254615688980297,847.6570237756422,-0.03432085229310614,0.010372798641442197,-3.308736000714875,uniform,0.008917255468705922,-3.848813394833333,bartlett,,,,,,,,
ret_5d,5,2.0,filtered,soft,1754,4,20,contrast,,,-0.01708269371245055,0.013037202106931708,-1.3103036657971197,uniform,0.011949210611707365,-1.429608554703488,bartlett,stress - calm,0.15282939888359007,robustness,two-sided,0.19009312785013463,,,
ret_5d,5,2.0,window,hard,1754,4,20,calm,-0.018163758787029725,990.0,-0.018163758787029725,0.0068101472496324405,-2.6671609469252027,uniform,0.006831406185737699,-2.658860898207341,bartlett,,,,,,,,
ret_5d,5,2.0,window,hard,1754,4,20,stress,-0.03302295973560852,764.0,-0.03302295973560852,0.009678777010201808,-3.4118938478281953,uniform,0.008178212915467277,-4.037918806583393,bartlett,,,,,,,,
ret_5d,5,2.0,window,hard,1754,4,20,contrast,,,-0.014859200948578798,0.011575346498284709,-1.2836938359279964,uniform,0.010454682405942932,-1.4212962547893497,bartlett,stress - calm,0.15523065185912927,robustness,two-sided,0.1992491020575835,,,
ret_5d,5,3.0,window,soft,1754,4,20,calm,-0.022561821550545185,846.3995792178621,-0.026559118470793314,0.009102081261853573,-2.9179170902485154,uniform,0.008529524776193655,-3.113786426287334,bartlett,,,,,,,,
ret_5d,5,3.0,window,soft,1754,4,20,middle,-0.015289522112080388,957.1966441401297,-0.0017501723679268395,0.014032019036579198,-0.1247270519919068,uniform,0.012955207179106466,-0.13509412421820882,bartlett,,,,,,,,
ret_5d,5,3.0,window,soft,1754,4,20,stress,-0.03942193279902333,624.8511008801265,-0.050729518657819286,0.014791570546695354,-3.429623547930343,uniform,0.012016904829485331,-4.2215128918510345,bartlett,,,,,,,,
ret_5d,5,3.0,window,soft,1754,4,20,contrast,,,-0.024170400187025973,0.016946567658122066,-1.4262711290354837,uniform,0.014459332847406026,-1.6716124071631764,bartlett,stress - calm,0.09460077659406523,exploratory,two-sided,0.15379009492440707,0.434084945351149,benjamini_hochberg,False
ret_5d,5,3.0,filtered,soft,1754,4,20,calm,-0.022795111723194338,808.7225764401037,-0.025918574004408227,0.008764568911844274,-2.957198952407386,uniform,0.00822517829984108,-3.1511260983739406,bartlett,,,,,,,,
ret_5d,5,3.0,filtered,soft,1754,4,20,middle,-0.014284978830196342,876.1624311785573,-0.004065963267369724,0.012955451804703729,-0.3138418735727531,uniform,0.011986329532609075,-0.33921670986169544,bartlett,,,,,,,,
ret_5d,5,3.0,filtered,soft,1754,4,20,stress,-0.040460640782514,585.1504560853398,-0.04894047057426871,0.014123774047116351,-3.465112824023185,uniform,0.011469071807470624,-4.267169252736764,bartlett,,,,,,,,
ret_5d,5,3.0,filtered,soft,1754,4,20,contrast,,,-0.023021896569860482,0.016351619785051657,-1.4079275859206724,uniform,0.013963174651368296,-1.6487580471253716,bartlett,stress - calm,0.09919721288190328,robustness,two-sided,0.15915251363882738,,,
ret_5d,5,3.0,window,hard,1754,4,20,rest,-0.01970829025474803,1278.0,-0.01970829025474803,0.0064429235019869595,-3.058904897546915,uniform,0.0061550303258365285,-3.2019810157587623,bartlett,,,,,,,,
ret_5d,5,3.0,window,hard,1754,4,20,stress,-0.03786652834368984,476.0,-0.03786652834368983,0.012270545580824199,-3.085969413036187,uniform,0.009953194230407223,-3.8044599017275047,bartlett,,,,,,,,
ret_5d,5,3.0,window,hard,1754,4,20,contrast,,,-0.0181582380889418,0.013721030615803924,-1.3233873312713904,uniform,0.011514475527198531,-1.5769921996056118,bartlett,stress - rest,0.1147973199324469,robustness,two-sided,0.18570660263251015,,,
ret_5d,5,,none,stress_vol,1735,4,20,calm,-0.020701372075787875,865.0,-0.020701372075787875,0.007104626582936113,-2.913787492436044,uniform,0.0069541617622001645,-2.976832116317978,bartlett,,,,,,,,
ret_5d,5,,none,stress_vol,1735,4,20,stress,-0.028276259847000246,870.0,-0.028276259847000246,0.009058425657319073,-3.1215424088791246,uniform,0.007974947059176705,-3.545636057165168,bartlett,,,,,,,,
ret_5d,5,,none,stress_vol,1735,4,20,contrast,,,-0.007574887771212371,0.011220936083527333,-0.6750673664679839,uniform,0.010296092684513328,-0.7357050876791342,bartlett,stress - calm,0.4619101927718698,robustness,two-sided,0.49963296568422827,,,
ret_20d,5,2.0,window,soft,1754,4,20,calm,-0.0020211195952936803,1104.8726726473947,0.0020102671418812477,0.00858203712317212,0.2342412544981169,uniform,0.008189810284900246,0.24545954936070088,bartlett,,,,,,,,
ret_20d,5,2.0,window,soft,1754,4,20,stress,-0.03299258337169474,874.2255978381054,-0.03826876252726788,0.015414346591500414,-2.4826717305272976,uniform,0.013537075946238698,-2.8269592842094475,bartlett,,,,,,,,
ret_20d,5,2.0,window,soft,1754,4,20,contrast,,,-0.040279029669149126,0.01860041098206797,-2.1654913812378007,uniform,0.016636756277654662,-2.4210867188845655,bartlett,stress - calm,0.015474185331022487,primary,less,0.015175037362596346,0.07587518681298173,holm,False
ret_20d,5,2.0,filtered,soft,1754,4,20,calm,-0.0016120234645507071,1080.1201289939459,0.0014894558646109312,0.008447225025920055,0.1763248711903117,uniform,0.00806490337090541,0.18468365907324152,bartlett,,,,,,,,
ret_20d,5,2.0,filtered,soft,1754,4,20,stress,-0.03353282803472493,847.6570237756422,-0.037593050997526634,0.015137537731778575,-2.483432356281213,uniform,0.013294288094359868,-2.827759616062147,bartlett,,,,,,,,
ret_20d,5,2.0,filtered,soft,1754,4,20,contrast,,,-0.039082506862137566,0.01804786996649138,-2.1654913812377967,uniform,0.01614254729386298,-2.4210867188845606,bartlett,stress - calm,0.0154741853310227,robustness,two-sided,0.030350074725193008,,,
ret_20d,5,2.0,window,hard,1754,4,20,calm,-0.0020400107604240155,990.0,-0.0020400107604240155,0.008064034781633502,-0.2529764337165691,uniform,0.007639265383911423,-0.26704279245493345,bartlett,,,,,,,,
ret_20d,5,2.0,window,hard,1754,4,20,stress,-0.032794199864645684,764.0,-0.032794199864645684,0.014232377693753793,-2.304196851032008,uniform,0.012540779159681823,-2.615004972743473,bartlett,,,,,,,,
ret_20d,5,2.0,window,hard,1754,4,20,contrast,,,-0.030754189104221667,0.016252010814820726,-1.892331321621811,uniform,0.014519631356906468,-2.1181108768021857,bartlett,stress - calm,0.034165678589663864,robustness,two-sided,0.05844685023309514,,,
ret_20d,5,3.0,window,soft,1754,4,20,calm,0.00024158356554131332,846.3995792178621,-0.0008141378757749868,0.01075305457147246,-0.07571224254128411,uniform,0.010735950851372964,-0.07583286166691709,bartlett,,,,,,,,
ret_20d,5,3.0,window,soft,1754,4,20,middle,-0.005300116769814428,957.1966441401297,0.011416195626922077,0.01915381282139626,0.5960273149463653,uniform,0.01746209008585912,0.6537702858472231,bartlett,,,,,,,,
ret_20d,5,3.0,window,soft,1754,4,20,stress,-0.05086042413560371,624.8511008801265,-0.07042343912704868,0.020794786131393777,-3.3865911715596244,uniform,0.017692160644742806,-3.9804883383745944,bartlett,,,,,,,,
ret_20d,5,3.0,window,soft,1754,4,20,contrast,,,-0.0696093012512737,0.022809862726322384,-3.051719428847994,uniform,0.020113332775593462,-3.4608536550313107,bartlett,stress - calm,0.0005384654462996205,exploratory,two-sided,0.0022753467319049227,0.0722828121523585,benjamini_hochberg,True
ret_20d,5,3.0,filtered,soft,1754,4,20,calm,0.0003863218417106541,808.7225764401037,-0.0005203547972994511,0.010322760612224903,-0.050408492151141446,uniform,0.01031743665725602,-0.05043450370334935,bartlett,,,,,,,,
ret_20d,5,3.0,filtered,soft,1754,4,20,middle,-0.004035084902771824,876.1624311785573,0.008485378453416468,0.01767796347737573,0.479997510136055,uniform,0.01611800622280309,0.5264533550937401,bartlett,,,,,,,,
ret_20d,5,3.0,filtered,soft,1754,4,20,stress,-0.052806938194237665,585.1504560853398,-0.0674181443713225,0.019854805790153605,-3.3955579865080576,uniform,0.016884103991025176,-3.9929950921386723,bartlett,,,,,,,,
ret_20d,5,3.0,filtered,soft,1754,4,20,contrast,,,-0.06689778957402305,0.021989103465900026,-3.042315466738602,uniform,0.019406727823456975,-3.4471442163043826,bartlett,stress - calm,0.0005665460688593084,robustness,two-sided,0.002347657126538969,,,
ret_20d,5,3.0,window,hard,1754,4,20,rest,-0.0011018909390245965,1278.0,-0.0011018909390245965,0.00814617959557326,-0.1352647490884412,uniform,0.007619642847429575,-0.14461188812757944,bartlett,,,,,,,,
ret_20d,5,3.0,window,hard,1754,4,20,stress,-0.053920509935579085,476.0,-0.053920509935579085,0.01725847441090992,-3.1242917914861184,uniform,0.015162606971211452,-3.5561503399748795,bartlett,,,,,,,,
ret_20d,5,3.0,window,hard,1754,4,20,contrast,,,-0.05281861899655449,0.018922211964188425,-2.791355423801262,uniform,0.01698044713782607,-3.1105552502733813,bartlett,stress - rest,0.0018673595821454727,robustness,two-sided,0.0052487800499592015,,,
ret_20d,5,,none,stress_vol,1735,4,20,calm,0.0012331703275629768,865.0,0.0012331703275629768,0.008464621065728331,0.14568523717569035,uniform,0.008115152805440414,0.15195897811514492,bartlett,,,,,,,,
ret_20d,5,,none,stress_vol,1735,4,20,stress,-0.03118133756077756,870.0,-0.03118133756077756,0.012767353868004627,-2.4422709578778834,uniform,0.011350498658674237,-2.747133716186845,bartlett,,,,,,,,
ret_20d,5,,none,stress_vol,1735,4,20,contrast,,,-0.032414507888340535,0.015040148541275285,-2.155198653748937,uniform,0.01371205337769608,-2.3639426565437476,bartlett,stress - calm,0.018081611095519073,robustness,two-sided,0.031146292227701756,,,
mom_12_1,5,2.0,window,soft,1754,4,20,calm,0.025383908582266197,1104.8726726473947,0.0282844805765175,0.012324954518892546,2.294895330701715,uniform,0.011564977061424854,2.4457013988260115,bartlett,,,,,,,,
mom_12_1,5,2.0,window,soft,1754,4,20,stress,0.0031000230839101865,874.2255978381054,-0.0006961737319855837,0.021694826394589552,-0.032089389392818635,uniform,0.021406665805003052,-0.03252135284995563,bartlett,,,,,,,,
mom_12_1,5,2.0,window,soft,1754,4,20,contrast,,,-0.028980654308503086,0.0263573662383468,-1.0995277011532252,uniform,0.025736772773495564,-1.1260407263784122,bartlett,stress - calm,0.26014828119573463,primary,less,0.13576897900666654,0.399047061440436,holm,False
mom_12_1,5,2.0,filtered,soft,1754,4,20,calm,0.02567825215611576,1080.1201289939459,0.02790975825300287,0.012130935171303446,2.300709537960874,uniform,0.011379391747511883,2.4526581800038096,bartlett,,,,,,,,
mom_12_1,5,2.0,filtered,soft,1754,4,20,stress,0.002711318491225192,847.6570237756422,-0.00021000109037656303,0.02130397236476522,-0.00985736776132348,uniform,0.02102084958297142,-0.009990133345832075,bartlett,,,,,,,,
mom_12_1,5,2.0,filtered,soft,1754,4,20,contrast,,,-0.02811975934337943,0.025574398274719523,-1.0995277011532276,uniform,0.02497224006614621,-1.1260407263784147,bartlett,stress - calm,0.26014828119573363,robustness,two-sided,0.27153795801333197,,,
mom_12_1,5,2.0,window,hard,1754,4,20,calm,0.027229738872697598,990.0,0.027229738872697598,0.011515365656853627,2.364643875332887,uniform,0.01065332962295885,2.5559838882686163,bartlett,,,,,,,,
mom_12_1,5,2.0,window,hard,1754,4,20,stress,0.0008332984810708121,764.0,0.0008332984810708122,0.019712637194037853,0.04227229836720405,uniform,0.01953757456638305,0.042651071054879613,bartlett,,,,,,,,
mom_12_1,5,2.0,window,hard,1754,4,20,contrast,,,-0.026396440391626787,0.022532342343985864,-1.1714911831468908,uniform,0.021990427049772845,-1.2003605174143015,bartlett,stress - calm,0.22999935581989736,robustness,two-sided,0.24140139975809555,,,
mom_12_1,5,3.0,window,soft,1754,4,20,calm,0.024198103218029923,846.3995792178621,0.022277696821024796,0.01511677361557655,1.4737071141999192,uniform,0.014664382963646404,1.519170419665942,bartlett,,,,,,,,
mom_12_1,5,3.0,window,soft,1754,4,20,middle,0.024007713033363912,957.1966441401297,0.036999843066277835,0.02392285942887961,1.5466312953213162,uniform,0.021568031102291566,1.7154947009672417,bartlett,,,,,,,,
mom_12_1,5,3.0,window,soft,1754,4,20,stress,-0.006932707552753862,624.8511008801265,-0.020549065548187972,0.031946702477648393,-0.6432296279268631,uniform,0.030433291940270984,-0.6752166538052472,bartlett,,,,,,,,
mom_12_1,5,3.0,window,soft,1754,4,20,contrast,,,-0.04282676236921277,0.034694472720692114,-1.234397268809636,uniform,0.03337909697955964,-1.2830413715337656,bartlett,stress - calm,0.19947758213663924,exploratory,two-sided,0.21705490625637308,0.5133055215522336,benjamini_hochberg,False
mom_12_1,5,3.0,filtered,soft,1754,4,20,calm,0.024187901089655205,808.7225764401037,0.02264695126224809,0.014565369202805923,1.5548491045379957,uniform,0.01413474787978706,1.602218267694299,bartlett,,,,,,,,
mom_12_1,5,3.0,filtered,soft,1754,4,20,middle,0.024983887622469714,876.1624311785573,0.0347422836983642,0.022054491304875606,1.5752929060160952,uniform,0.0199241705620067,1.7437254710423973,bartlett,,,,,,,,
mom_12_1,5,3.0,filtered,soft,1754,4,20,stress,-0.008257290327392763,585.1504560853398,-0.018439114904863944,0.030557534887830074,-0.6034228537265798,uniform,0.029172079973902684,-0.6320809116579812,bartlett,,,,,,,,
mom_12_1,5,3.0,filtered,soft,1754,4,20,contrast,,,-0.04108606616711204,0.03343524618621379,-1.2288249931909543,uniform,0.032187096994400394,-1.2764762903053917,bartlett,stress - calm,0.20178720290305419,robustness,two-sided,0.21913742864677108,,,
mom_12_1,5,3.0,window,hard,1754,4,20,rest,0.02550808456522174,1278.0,0.02550808456522174,0.01074246194348073,2.374510116901258,uniform,0.009966058285690528,2.5594958241260515,bartlett,,,,,,,,
mom_12_1,5,3.0,window,hard,1754,4,20,stress,-0.01051523224967376,476.0,-0.010515232249673758,0.02649798410024301,-0.3968314046039949,uniform,0.026032006712545602,-0.4039347548495427,bartlett,,,,,,,,
mom_12_1,5,3.0,window,hard,1754,4,20,contrast,,,-0.0360233168148955,0.028058474941637764,-1.2838658155806677,uniform,0.027108527455010474,-1.328855537235657,bartlett,stress - rest,0.18389563528501546,robustness,two-sided,0.1991889100548194,,,
mom_12_1,5,,none,stress_vol,1735,4,20,calm,0.02548042879373404,865.0,0.02548042879373404,0.011919913546412116,2.137635369125947,uniform,0.011691184058407175,2.1794566458314346,bartlett,,,,,,,,
mom_12_1,5,,none,stress_vol,1735,4,20,stress,0.004873434302196269,870.0,0.004873434302196269,0.018141450538979843,0.2686353162182322,uniform,0.017611454628441853,0.27671957853645157,bartlett,,,,,,,,
mom_12_1,5,,none,stress_vol,1735,4,20,contrast,,,-0.020606994491537772,0.021363789282832727,-0.964575816524127,uniform,0.020967414919076204,-0.9828104499801489,bartlett,stress - calm,0.32570073773690233,robustness,two-sided,0.3347573170724604,,,
prc_highprc_252d,5,2.0,window,soft,1754,4,20,calm,0.014979962337644112,1104.8726726473947,0.01928386906189203,0.011828559263658753,1.6302804620625653,uniform,0.011929227480936794,1.6165228714690987,bartlett,,,,,,,,
prc_highprc_252d,5,2.0,window,soft,1754,4,20,stress,-0.018085158896659563,874.2255978381054,-0.023718005464468894,0.023793362462025104,-0.9968328563196361,uniform,0.02344521187682677,-1.011635364571465,bartlett,,,,,,,,
prc_highprc_252d,5,2.0,window,soft,1754,4,20,contrast,,,-0.04300187452636092,0.02803856417016057,-1.5336689234652296,uniform,0.027769980022157918,-1.5485021772449725,bartlett,stress - calm,0.12150143793398172,exploratory,two-sided,0.1251111227242584,0.3710923131651732,benjamini_hochberg,False
prc_highprc_252d,5,2.0,filtered,soft,1754,4,20,calm,0.015416713188593877,1080.1201289939459,0.018727851169180923,0.01163580864846388,1.6095014738535864,uniform,0.011735903436895881,1.595774136169477,bartlett,,,,,,,,
prc_highprc_252d,5,2.0,filtered,soft,1754,4,20,stress,-0.01866192386354144,847.6570237756422,-0.0229966161297054,0.023366790612338078,-0.9841580947604667,uniform,0.02302442231647171,-0.9987923177231501,bartlett,,,,,,,,
prc_highprc_252d,5,2.0,filtered,soft,1754,4,20,contrast,,,-0.04172446729888632,0.027205654793221234,-1.5336689234652312,uniform,0.026945049165588278,-1.548502177244974,bartlett,stress - calm,0.12150143793398131,robustness,two-sided,0.12511112272425798,,,
prc_highprc_252d,5,2.0,window,hard,1754,4,20,calm,0.017073113212950013,990.0,0.017073113212950013,0.011093908390771456,1.5389628804896567,uniform,0.011093794941740877,1.5389786184628036,bartlett,,,,,,,,
prc_highprc_252d,5,2.0,window,hard,1754,4,20,stress,-0.020611827950203512,764.0,-0.020611827950203516,0.02163178844581231,-0.9528489982155753,uniform,0.021419219453943487,-0.9623052788886141,bartlett,,,,,,,,
prc_highprc_252d,5,2.0,window,hard,1754,4,20,contrast,,,-0.03768494116315353,0.02401548534477685,-1.5691934025955325,uniform,0.02389551675434588,-1.5770716134983676,bartlett,stress - calm,0.11477904798138265,robustness,two-sided,0.11660288102166966,,,
prc_highprc_252d,5,3.0,window,soft,1754,4,20,calm,0.014232529946508116,846.3995792178621,0.011974430115988484,0.014036121937856895,0.8531152813436443,uniform,0.014430532229303137,0.8297982309808916,bartlett,,,,,,,,
prc_highprc_252d,5,3.0,window,soft,1754,4,20,middle,0.012223483188181812,957.1966441401297,0.030643717842855238,0.025495775417836965,1.2019135460934736,uniform,0.02440865750080869,1.255444624180579,bartlett,,,,,,,,
prc_highprc_252d,5,3.0,window,soft,1754,4,20,stress,-0.03353203967584452,624.8511008801265,-0.05350827332972457,0.034606398801108745,-1.546195940156889,uniform,0.033488119854535814,-1.597828530301235,bartlett,,,,,,,,
prc_highprc_252d,5,3.0,window,soft,1754,4,20,contrast,,,-0.06548270344571305,0.0366827516489467,-1.785108818236467,uniform,0.03600749298976231,-1.818585466761909,bartlett,stress - calm,0.0689746967277439,exploratory,two-sided,0.07424366790183137,0.3243710624647694,benjamini_hochberg,False
prc_highprc_252d,5,3.0,filtered,soft,1754,4,20,calm,0.014269898169277774,808.7225764401037,0.012438425590024218,0.013496353495266393,0.9216137969701799,uniform,0.013887637309333876,0.8956473526036252,bartlett,,,,,,,,
prc_highprc_252d,5,3.0,filtered,soft,1754,4,20,middle,0.013610470382747082,876.1624311785573,0.02743437185966896,0.023514404716106156,1.166704927932019,uniform,0.02254610745575338,1.216811900391621,bartlett,,,,,,,,
prc_highprc_252d,5,3.0,filtered,soft,1754,4,20,stress,-0.035489568904563645,585.1504560853398,-0.05042139531695534,0.033108301272941176,-1.522923054894509,uniform,0.03207781498316779,-1.5718463163221366,bartlett,,,,,,,,
prc_highprc_252d,5,3.0,filtered,soft,1754,4,20,contrast,,,-0.06285982090697956,0.03533236937501233,-1.7791000722254173,uniform,0.03470131889502811,-1.8114533657101404,bartlett,stress - calm,0.07007070160439388,robustness,two-sided,0.07522335687718906,,,
prc_highprc_252d,5,3.0,window,hard,1754,4,20,rest,0.01563352181932905,1278.0,0.01563352181932905,0.010861345580590412,1.4393724703195778,uniform,0.010677606020436417,1.464141099550522,bartlett,,,,,,,,
prc_highprc_252d,5,3.0,window,hard,1754,4,20,stress,-0.03954767932402827,476.0,-0.039547679324028265,0.02868156845534737,-1.378853439817899,uniform,0.028536541390231478,-1.3858609837548876,bartlett,,,,,,,,
prc_highprc_252d,5,3.0,window,hard,1754,4,20,contrast,,,-0.05518120114335731,0.03006364848095846,-1.8354791893707667,uniform,0.029810131548958226,-1.851088816992682,bartlett,stress - rest,0.06415677665048572,robustness,two-sided,0.06643471980475342,,,
prc_highprc_252d,5,,none,stress_vol,1735,4,20,calm,0.01747016545760373,865.0,0.01747016545760373,0.011192848544750169,1.5608328289046525,uniform,0.011262379686109577,1.5511966337940557,bartlett,,,,,,,,
prc_highprc_252d,5,,none,stress_vol,1735,4,20,stress,-0.016934831355313287,870.0,-0.016934831355313287,0.019809815153437608,-0.8548707407991425,uniform,0.019377636619203973,-0.8739368834344962,bartlett,,,,,,,,
prc_highprc_252d,5,,none,stress_vol,1735,4,20,contrast,,,-0.03440499681291702,0.02235485020396992,-1.5390394701373198,uniform,0.021900430544585462,-1.5709735360167663,bartlett,stress - calm,0.11618879597198722,robustness,two-sided,0.12379466066821457,,,
ivol_capm_21d,5,2.0,window,soft,1754,4,20,calm,-0.013955410736492058,1104.8726726473947,-0.015241964666393588,0.013548626144250673,-1.1249823047823546,uniform,0.01336109717925884,-1.1407719337641316,bartlett,,,,,,,,
ivol_capm_21d,5,2.0,window,soft,1754,4,20,stress,-0.004071353206389036,874.2255978381054,-0.00238754327446868,0.01920245044135821,-0.12433534364585017,uniform,0.01867040248852587,-0.1278785112391645,bartlett,,,,,,,,
ivol_capm_21d,5,2.0,window,soft,1754,4,20,contrast,,,0.012854421391924907,0.024660703630858944,0.5212512012771463,uniform,0.024181380326376553,0.5315834422364867,bartlett,stress - calm,0.5950145351694414,exploratory,two-sided,0.6021917904004181,0.7679128974483364,benjamini_hochberg,False
ivol_capm_21d,5,2.0,filtered,soft,1754,4,20,calm,-0.014085967358574808,1080.1201289939459,-0.015075755905192278,0.013349073335187672,-1.1293484968318463,uniform,0.01316263297206503,-1.1453450033277883,bartlett,,,,,,,,
ivol_capm_21d,5,2.0,filtered,soft,1754,4,20,stress,-0.0038989425845252167,847.6570237756422,-0.002603186024902877,0.018857272261989876,-0.1380467964155162,uniform,0.018332650459408743,-0.14199725406136576,bartlett,,,,,,,,
ivol_capm_21d,5,2.0,filtered,soft,1754,4,20,contrast,,,0.012472569880289401,0.02392813647187711,0.5212512012771446,uniform,0.023463051873501995,0.5315834422364851,bartlett,stress - calm,0.5950145351694425,robustness,two-sided,0.6021917904004193,,,
ivol_capm_21d,5,2.0,window,hard,1754,4,20,calm,-0.01483215873701912,990.0,-0.01483215873701912,0.012834987454050057,-1.1556036801842653,uniform,0.012626780466369922,-1.174658795765317,bartlett,,,,,,,,
ivol_capm_21d,5,2.0,window,hard,1754,4,20,stress,-0.002990751823777186,764.0,-0.002990751823777186,0.017556983461115474,-0.17034542581879097,uniform,0.01723429355967106,-0.17353492404096363,bartlett,,,,,,,,
ivol_capm_21d,5,2.0,window,hard,1754,4,20,contrast,,,0.011841406913241932,0.021419611002346226,0.5528301569970093,uniform,0.02123926324816783,0.5575243724267794,bartlett,stress - calm,0.5771692117284415,robustness,two-sided,0.5803797162790238,,,
ivol_capm_21d,5,3.0,window,soft,1754,4,20,calm,-0.01022656680747748,846.3995792178621,-0.003321879151904387,0.016238961894284327,-0.20456228504813465,uniform,0.016349283438768326,-0.20318194154169247,bartlett,,,,,,,,
ivol_capm_21d,5,3.0,window,soft,1754,4,20,middle,-0.02428312707820083,957.1966441401297,-0.04503793675959533,0.025817854041495805,-1.744449274800609,uniform,0.023614408992098847,-1.9072226950360938,bartlett,,,,,,,,
ivol_capm_21d,5,3.0,window,soft,1754,4,20,stress,0.009552011800441438,624.8511008801265,0.025763496881917636,0.027599484577710866,0.9334774643843907,uniform,0.02613708639139843,0.9857065357673631,bartlett,,,,,,,,
ivol_capm_21d,5,3.0,window,soft,1754,4,20,contrast,,,0.029085376033822025,0.03125999279680639,0.9304345085067796,uniform,0.03029948148682032,0.9599298273956798,bartlett,stress - calm,0.33709053320080784,exploratory,two-sided,0.3521461583465961,0.5394918594503394,benjamini_hochberg,False
ivol_capm_21d,5,3.0,filtered,soft,1754,4,20,calm,-0.009782259927368883,808.7225764401037,-0.004403355440095382,0.01565322314575802,-0.2813066292540958,uniform,0.015772203226882442,-0.27918454871226994,bartlett,,,,,,,,
ivol_capm_21d,5,3.0,filtered,soft,1754,4,20,middle,-0.02581805373097495,876.1624311785573,-0.04150235203263946,0.023833549189139984,-1.7413416568083135,uniform,0.021817735969846902,-1.9022300063580193,bartlett,,,,,,,,
ivol_capm_21d,5,3.0,filtered,soft,1754,4,20,stress,0.01101124832084029,585.1504560853398,0.023180562124178895,0.02633295386606324,0.8802871961148646,uniform,0.024983772534826386,0.9278247347099448,bartlett,,,,,,,,
ivol_capm_21d,5,3.0,filtered,soft,1754,4,20,contrast,,,0.027583917564274276,0.030144932784179762,0.9150432598990726,uniform,0.029240712145018177,0.9433394586107516,bartlett,stress - calm,0.3455072990512982,robustness,two-sided,0.36016892019310665,,,
ivol_capm_21d,5,3.0,window,hard,1754,4,20,rest,-0.020060126673160383,1278.0,-0.020060126673160386,0.011712693032270913,-1.7126826954220138,uniform,0.011319897181165764,-1.772112091842739,bartlett,,,,,,,,
ivol_capm_21d,5,3.0,window,hard,1754,4,20,stress,0.018210231817824166,476.0,0.018210231817824163,0.022420199082208696,0.8122243585372394,uniform,0.02177911646723172,0.8361327166426973,bartlett,,,,,,,,
ivol_capm_21d,5,3.0,window,hard,1754,4,20,contrast,,,0.03827035849098455,0.024935113252020538,1.5347978613204587,uniform,0.024056555612298722,1.5908494594055325,bartlett,stress - rest,0.1116434590142501,robustness,two-sided,0.12483348831138397,,,
ivol_capm_21d,5,,none,stress_vol,1735,4,20,calm,-0.016301860314267634,865.0,-0.016301860314267634,0.013099620558971205,-1.2444528634154515,uniform,0.013171409391445017,-1.2376701558495236,bartlett,,,,,,,,
ivol_capm_21d,5,,none,stress_vol,1735,4,20,stress,-0.0037522103795584265,870.0,-0.0037522103795584265,0.016485806533758935,-0.22760247561287397,uniform,0.015795889301871542,-0.23754347145961918,bartlett,,,,,,,,
ivol_capm_21d,5,,none,stress_vol,1735,4,20,contrast,,,0.012549649934709207,0.02051929632171924,0.6116023540936766,uniform,0.020088550487621596,0.6247165489835715,bartlett,stress - calm,0.5321571096947595,robustness,two-sided,0.5408008802015016,,,
vol_shock,5,2.0,window,soft,1754,4,20,calm,-0.008240234234409232,1104.8726726473947,-0.009223419008027749,0.00440635423213986,-2.0932086986453142,uniform,0.0037406614633483035,-2.4657187233863644,bartlett,,,,,,,,
vol_shock,5,2.0,window,soft,1754,4,20,stress,-0.0006868354694538279,874.2255978381054,0.0005999324213087678,0.007344741667632878,0.08168189549165163,uniform,0.007361317242347837,0.0814979712947983,bartlett,,,,,,,,
vol_shock,5,2.0,window,soft,1754,4,20,contrast,,,0.009823351429336517,0.008958981942462618,1.0964807711886406,uniform,0.008554756146760397,1.1482912266361356,bartlett,stress - calm,0.2508483597175857,exploratory,two-sided,0.27286843377028847,0.5223819820288157,benjamini_hochberg,False
vol_shock,5,2.0,filtered,soft,1754,4,20,calm,-0.008340005631428468,1080.1201289939459,-0.00909640223907847,0.0043402800614511915,-2.095809973155753,uniform,0.003684868189270354,-2.4685828018395584,bartlett,,,,,,,,
vol_shock,5,2.0,filtered,soft,1754,4,20,stress,-0.0005550792373310299,847.6570237756422,0.00043513818778267185,0.00721401997617715,0.06031840627273395,uniform,0.007232395607099168,0.0601651529343264,bartlett,,,,,,,,
vol_shock,5,2.0,filtered,soft,1754,4,20,contrast,,,0.009531540426861142,0.008692847770169708,1.0964807711886413,uniform,0.00830062984525566,1.148291226636136,bartlett,stress - calm,0.25084835971758546,robustness,two-sided,0.27286843377028824,,,
vol_shock,5,2.0,window,hard,1754,4,20,calm,-0.007831217050594821,990.0,-0.007831217050594821,0.004148393059213866,-1.8877712258246964,uniform,0.003491693851884078,-2.242813196915642,bartlett,,,,,,,,
vol_shock,5,2.0,window,hard,1754,4,20,stress,-0.0012592568226270802,764.0,-0.0012592568226270802,0.006723624983243449,-0.1872883787786183,uniform,0.00674512375093512,-0.1866914335637654,bartlett,,,,,,,,
vol_shock,5,2.0,window,hard,1754,4,20,contrast,,,0.006571960227967741,0.007733503252746848,0.8498037710960371,uniform,0.007333086483105468,0.8962065622857076,bartlett,stress - calm,0.370142451519615,robustness,two-sided,0.39543419268265967,,,
vol_shock,5,3.0,window,soft,1754,4,20,calm,-0.00974080199943686,846.3995792178621,-0.00889677772878444,0.0054471384242365415,-1.6332938574131044,uniform,0.004581507134139022,-1.9418888737486084,bartlett,,,,,,,,
vol_shock,5,3.0,window,soft,1754,4,20,middle,-0.009138573735586773,957.1966441401297,-0.015761766360561102,0.009307786835839748,-1.6933957167852431,uniform,0.00888160313678183,-1.7746533050194626,bartlett,,,,,,,,
vol_shock,5,3.0,window,soft,1754,4,20,stress,0.007182867925966838,624.8511008801265,0.014319182963558866,0.010439613187810554,1.3716200692453007,uniform,0.01067358900997203,1.341552775751517,bartlett,,,,,,,,
vol_shock,5,3.0,window,soft,1754,4,20,contrast,,,0.02321596069234331,0.011460890625160605,2.025668113556225,uniform,0.011298727390693545,2.054741201337919,bartlett,stress - calm,0.03990400812818473,exploratory,two-sided,0.042798806383563814,0.29613448014809246,benjamini_hochberg,False
vol_shock,5,3.0,filtered,soft,1754,4,20,calm,-0.009750657290884666,808.7225764401037,-0.009067725108136747,0.005237187440762524,-1.7314112222831775,uniform,0.004392416223533375,-2.064404793779409,bartlett,,,,,,,,
vol_shock,5,3.0,filtered,soft,1754,4,20,middle,-0.00963707483136907,876.1624311785573,-0.014608404362505174,0.008586790386825477,-1.7012648154214323,uniform,0.008191296546179245,-1.7834056281748376,bartlett,,,,,,,,
vol_shock,5,3.0,filtered,soft,1754,4,20,stress,0.007881223766001567,585.1504560853398,0.013215852989051764,0.009967171667047766,1.32593813275479,uniform,0.010197465223848701,1.2959939258379614,bartlett,,,,,,,,
vol_shock,5,3.0,filtered,soft,1754,4,20,contrast,,,0.022283578097188513,0.011047448466173837,2.0170791622534887,uniform,0.010882918215628454,2.0475737900141615,bartlett,stress - calm,0.04060177970968115,robustness,two-sided,0.043687252823886524,,,
vol_shock,5,3.0,window,hard,1754,4,20,rest,-0.010299137892100439,1278.0,-0.010299137892100439,0.0040190998994708935,-2.5625483689659716,uniform,0.003633755908217746,-2.8342954651436325,bartlett,,,,,,,,
vol_shock,5,3.0,window,hard,1754,4,20,stress,0.009343111625059648,476.0,0.009343111625059648,0.008405811577465817,1.1115061929423367,uniform,0.008806745542927088,1.0609040058575698,bartlett,,,,,,,,
vol_shock,5,3.0,window,hard,1754,4,20,contrast,,,0.019642249517160086,0.009148913446902773,2.146948884275397,uniform,0.00939974778288669,2.0896570813230793,bartlett,stress - rest,0.03664861497265104,robustness,two-sided,0.031797351241744654,,,
vol_shock,5,,none,stress_vol,1735,4,20,calm,-0.007841369343148469,865.0,-0.007841369343148469,0.004375030440791311,-1.792300522080528,uniform,0.0037114835779140064,-2.1127317900071683,bartlett,,,,,,,,
vol_shock,5,,none,stress_vol,1735,4,20,stress,-0.0025770268375974294,870.0,-0.0025770268375974294,0.006198528014009075,-0.4157481956640644,uniform,0.0062183797721057825,-0.4144209475846711,bartlett,,,,,,,,
vol_shock,5,,none,stress_vol,1735,4,20,contrast,,,0.005264342505551039,0.007455311209538991,0.706119752427688,uniform,0.007075368161484391,0.7440379617569747,bartlett,stress - calm,0.45685350931346935,robustness,two-sided,0.4801136690510166,,,
rskew_21d,5,2.0,window,soft,1754,4,20,calm,0.0009192852678790032,1104.8726726473947,0.00022177856640856778,0.0047112940048689225,0.04707381160661361,uniform,0.004710954992795553,0.04707719915552854,bartlett,,,,,,,,
rskew_21d,5,2.0,window,soft,1754,4,20,stress,0.006277938492383856,874.2255978381054,0.007190817994921942,0.006830010815521552,1.05282673617155,uniform,0.006734924681317416,1.0676909297692916,bartlett,,,,,,,,
rskew_21d,5,2.0,window,soft,1754,4,20,contrast,,,0.006969039428513374,0.008790244214718261,0.79281522313618,uniform,0.008777571158794812,0.7939598896365136,bartlett,stress - calm,0.42721878238386113,exploratory,two-sided,0.42788548582248565,0.6239996668244583,benjamini_hochberg,False
rskew_21d,5,2.0,filtered,soft,1754,4,20,calm,0.0008485038441799215,1080.1201289939459,0.00031188883857561234,0.004639644254198833,0.06722257601827036,uniform,0.004637813024540776,0.06724911869565824,bartlett,,,,,,,,
rskew_21d,5,2.0,filtered,soft,1754,4,20,stress,0.006371411110483807,847.6570237756422,0.007073907028303622,0.00670554569048312,1.0549338345935517,uniform,0.00661057958244171,1.0700887781598682,bartlett,,,,,,,,
rskew_21d,5,2.0,filtered,soft,1754,4,20,contrast,,,0.00676201818972801,0.008529122540027896,0.7928152231361767,uniform,0.00851682594800071,0.7939598896365102,bartlett,stress - calm,0.4272187823838631,robustness,two-sided,0.42788548582248764,,,
rskew_21d,5,2.0,window,hard,1754,4,20,calm,0.0004651697588770433,990.0,0.0004651697588770433,0.004419292999143805,0.10525886357097514,uniform,0.004385618549119866,0.10606708122629512,bartlett,,,,,,,,
rskew_21d,5,2.0,window,hard,1754,4,20,stress,0.006836297874451925,764.0,0.006836297874451926,0.006157955995272524,1.1101569871074373,uniform,0.006157149475376895,1.1103024056490782,bartlett,,,,,,,,
rskew_21d,5,2.0,window,hard,1754,4,20,contrast,,,0.006371128115574882,0.00747345495927109,0.8525010387158711,uniform,0.007561420052811999,0.8425835452965661,bartlett,stress - calm,0.3994613969440577,robustness,two-sided,0.39393606274276394,,,
rskew_21d,5,3.0,window,soft,1754,4,20,calm,0.0017353520967611843,846.3995792178621,0.002207296492611657,0.005501948908613518,0.4011844764963279,uniform,0.005688877505219605,0.38800211299794013,bartlett,,,,,,,,
rskew_21d,5,3.0,window,soft,1754,4,20,middle,0.0014982285384453826,957.1966441401297,-0.0011946786833593134,0.008175795031759662,-0.1461238544653418,uniform,0.007931402550440274,-0.15062640885539172,bartlett,,,,,,,,
rskew_21d,5,3.0,window,soft,1754,4,20,stress,0.007611018345066245,624.8511008801265,0.010326600598880437,0.009958173530365624,1.0369974541406979,uniform,0.009287949745989866,1.1118277856034928,bartlett,,,,,,,,
rskew_21d,5,3.0,window,soft,1754,4,20,contrast,,,0.00811930410626878,0.011216798533995136,0.7238521831038799,uniform,0.010789805554093274,0.7524977225552132,bartlett,stress - calm,0.45175179893428385,exploratory,two-sided,0.4691564887025246,0.6550799635562657,benjamini_hochberg,False
rskew_21d,5,3.0,filtered,soft,1754,4,20,calm,0.0017457101372146048,808.7225764401037,0.002121292220371856,0.005318224509048977,0.3988722583566132,uniform,0.005501132144099578,0.38561011893653896,bartlett,,,,,,,,
rskew_21d,5,3.0,filtered,soft,1754,4,20,middle,0.0012963666286125305,876.1624311785573,-0.0007281138989290944,0.007554199071956589,-0.0963853205341209,uniform,0.007335045573111326,-0.09926508181465168,bartlett,,,,,,,,
rskew_21d,5,3.0,filtered,soft,1754,4,20,stress,0.007872918127061276,585.1504560853398,0.009904437405746962,0.009520486772638123,1.0403288867762848,uniform,0.008883219531966644,1.1149603328056255,bartlett,,,,,,,,
rskew_21d,5,3.0,filtered,soft,1754,4,20,contrast,,,0.007783145185375106,0.010815017432035619,0.7196609006214196,uniform,0.010410372057469442,0.7476337197565095,bartlett,stress - calm,0.45468111989809845,robustness,two-sided,0.4717338053863265,,,
rskew_21d,5,3.0,window,hard,1754,4,20,rest,0.0007817258813131689,1278.0,0.0007817258813131689,0.003951677216229097,0.1978212891737989,uniform,0.003949880415094294,0.19791127810498713,bartlett,,,,,,,,
rskew_21d,5,3.0,window,hard,1754,4,20,stress,0.009841184792124626,476.0,0.009841184792124626,0.00843731290428109,1.1663885058868935,uniform,0.007950588656027557,1.2377932273811898,bartlett,,,,,,,,
rskew_21d,5,3.0,window,hard,1754,4,20,contrast,,,0.009059458910811457,0.009246366256261681,0.9797858596263532,uniform,0.008790873673032815,1.0305527354582018,bartlett,stress - rest,0.3027506101964037,robustness,two-sided,0.3271918334997781,,,
rskew_21d,5,,none,stress_vol,1735,4,20,calm,0.00206972876056728,865.0,0.00206972876056728,0.004475820400468459,0.46242444409759004,uniform,0.004424802090349819,0.4677562336813238,bartlett,,,,,,,,
rskew_21d,5,,none,stress_vol,1735,4,20,stress,0.004269843137926359,870.0,0.004269843137926359,0.005884517562754658,0.7256063207206339,uniform,0.005727420445241277,0.7455089387534016,bartlett,,,,,,,,
rskew_21d,5,,none,stress_vol,1735,4,20,contrast,,,0.0022001143773590793,0.007273655129865179,0.30247713674594573,uniform,0.007085306140300748,0.31051789912717753,bartlett,stress - calm,0.756167150192441,robustness,two-sided,0.7622883599175729,,,
rmax1_21d,5,2.0,window,soft,1754,4,20,calm,-0.014150520121020294,1104.8726726473947,-0.014782406568881289,0.012636537375185096,-1.1698146517502592,uniform,0.011914015896593794,-1.2407576670354759,bartlett,,,,,,,,
rmax1_21d,5,2.0,window,soft,1754,4,20,stress,-0.009295999950514512,874.2255978381054,-0.008469002611323582,0.019935107432719725,-0.4248285413011273,uniform,0.018638678324841156,-0.4543778514615122,bartlett,,,,,,,,
rmax1_21d,5,2.0,window,soft,1754,4,20,contrast,,,0.006313403957557707,0.02477786720858535,0.25480013692906384,uniform,0.02336966183922595,0.2701538430890201,bartlett,stress - calm,0.7870419006783655,exploratory,two-sided,0.7988774695078518,0.8629849207646546,benjamini_hochberg,False
rmax1_21d,5,2.0,filtered,soft,1754,4,20,calm,-0.014214642547803396,1080.1201289939459,-0.01470077371908161,0.012446694812687382,-1.1810985920612886,uniform,0.011731581414063733,-1.2530939521468463,bartlett,,,,,,,,
rmax1_21d,5,2.0,filtered,soft,1754,4,20,stress,-0.009211321078614202,847.6570237756422,-0.008574914791459944,0.019577892808964638,-0.43798966901757297,uniform,0.018301513673347383,-0.4685358241131524,bartlett,,,,,,,,
rmax1_21d,5,2.0,filtered,soft,1754,4,20,contrast,,,0.006125858927621667,0.024041819605956975,0.2548001369290629,uniform,0.022675446173842217,0.270153843089019,bartlett,stress - calm,0.7870419006783662,robustness,two-sided,0.7988774695078524,,,
rmax1_21d,5,2.0,window,hard,1754,4,20,calm,-0.01516323958142812,990.0,-0.01516323958142812,0.01204896677147213,-1.2584680387142848,uniform,0.011328968225468911,-1.3384484164532562,bartlett,,,,,,,,
rmax1_21d,5,2.0,window,hard,1754,4,20,stress,-0.008010964437538359,764.0,-0.008010964437538359,0.01813129905954969,-0.44183069350008936,uniform,0.01704302822962129,-0.470043488141096,bartlett,,,,,,,,
rmax1_21d,5,2.0,window,hard,1754,4,20,contrast,,,0.007152275143889761,0.021460530156611875,0.33327579009907093,uniform,0.020383664537443412,0.35088269485359297,bartlett,stress - calm,0.7256763546070684,robustness,two-sided,0.7389261124829951,,,
rmax1_21d,5,3.0,window,soft,1754,4,20,calm,-0.008858194931922197,846.3995792178621,-0.001226348473066553,0.014549415581485196,-0.08428850397449215,uniform,0.014124705588801025,-0.08682294051062424,bartlett,,,,,,,,
rmax1_21d,5,3.0,window,soft,1754,4,20,middle,-0.026269427881569597,957.1966441401297,-0.04590952282285431,0.025422105562848265,-1.8058898665713294,uniform,0.02203813010135423,-2.0831859423514882,bartlett,,,,,,,,
rmax1_21d,5,3.0,window,soft,1754,4,20,stress,0.0012865017560068383,624.8511008801265,0.01504174552060769,0.029284093849678682,0.5136489999595031,uniform,0.026962407952095955,0.5578784189947842,bartlett,,,,,,,,
rmax1_21d,5,3.0,window,soft,1754,4,20,contrast,,,0.01626809399367424,0.031956245431581196,0.5090740096017999,uniform,0.029916507221958665,0.5437831987864374,bartlett,stress - calm,0.5865906717719069,exploratory,two-sided,0.610700348742627,0.7688673455392786,benjamini_hochberg,False
rmax1_21d,5,3.0,filtered,soft,1754,4,20,calm,-0.008315266983874704,808.7225764401037,-0.0023904209687797442,0.014006408893673269,-0.1706662276480807,uniform,0.01360466379172475,-0.17570599357506764,bartlett,,,,,,,,
rmax1_21d,5,3.0,filtered,soft,1754,4,20,middle,-0.027714903369678662,876.1624311785573,-0.04258410400967659,0.023459787333986837,-1.8151956538831804,uniform,0.020338413006208856,-2.0937771298417744,bartlett,,,,,,,,
rmax1_21d,5,3.0,filtered,soft,1754,4,20,stress,0.0024794146079931455,585.1504560853398,0.012822952437337616,0.02795975323258569,0.4586218029418481,uniform,0.02578527397528412,0.4972975059186403,bartlett,,,,,,,,
rmax1_21d,5,3.0,filtered,soft,1754,4,20,contrast,,,0.01521337340611736,0.030792446417828356,0.4940618617853322,uniform,0.02884653611425752,0.5273899557943141,bartlett,stress - calm,0.5979228171211173,robustness,two-sided,0.6212624912873939,,,
rmax1_21d,5,3.0,window,hard,1754,4,20,rest,-0.020256406519376633,1278.0,-0.020256406519376633,0.011067364381903554,-1.8302827864327162,uniform,0.010139436849737308,-1.997784178704307,bartlett,,,,,,,,
rmax1_21d,5,3.0,window,hard,1754,4,20,stress,0.009990973772836422,476.0,0.00999097377283642,0.024040208883262006,0.4155942995899938,uniform,0.022894743221317234,0.4363872386012983,bartlett,,,,,,,,
rmax1_21d,5,3.0,window,hard,1754,4,20,contrast,,,0.030247380292213053,0.026108686119540744,1.1585179029585388,uniform,0.024699337931269265,1.2246231205217848,bartlett,stress - rest,0.22071725251093222,robustness,two-sided,0.24665274999754772,,,
rmax1_21d,5,,none,stress_vol,1735,4,20,calm,-0.015328009783895532,865.0,-0.015328009783895534,0.011821795950466922,-1.296588931844161,uniform,0.011438285651030734,-1.3400618109685245,bartlett,,,,,,,,
rmax1_21d,5,,none,stress_vol,1735,4,20,stress,-0.009760326254871865,870.0,-0.009760326254871865,0.017127401737095982,-0.5698661364223226,uniform,0.015677484771242145,-0.6225696530591204,bartlett,,,,,,,,
rmax1_21d,5,,none,stress_vol,1735,4,20,contrast,,,0.005567683529023669,0.020287623769613395,0.27443743990180314,uniform,0.018987456654994905,0.29322955834419323,bartlett,stress - calm,0.7693466922831609,robustness,two-sided,0.7837484741696961,,,
volume_z,5,2.0,window,soft,1754,4,20,calm,0.004854910623738393,1104.8726726473947,0.0031030762970401275,0.0035227968083906395,0.8808558840660873,uniform,0.003335089433021668,0.9304327093347745,bartlett,,,,,,,,
volume_z,5,2.0,window,soft,1754,4,20,stress,0.018313523485478614,874.2255978381054,0.020606280881664354,0.004330373944733773,4.758545369210881,uniform,0.003998789980716765,5.153129066801045,bartlett,,,,,,,,
volume_z,5,2.0,window,soft,1754,4,20,contrast,,,0.017503204584624225,0.005889012775874518,2.9721797609829435,uniform,0.00546731666365974,3.201425061212358,bartlett,stress - calm,0.0013674964044905202,exploratory,two-sided,0.0029569350124052374,0.0722828121523585,benjamini_hochberg,True
volume_z,5,2.0,filtered,soft,1754,4,20,calm,0.004677138385181803,1080.1201289939459,0.0033293942200616103,0.003471235683118403,0.9591380488087836,uniform,0.0032869827946463786,1.0129028437521208,bartlett,,,,,,,,
volume_z,5,2.0,filtered,soft,1754,4,20,stress,0.018548286163240224,847.6570237756422,0.020312651237594025,0.004251319144993,4.7779643317339024,uniform,0.003926273539600867,5.173519122577218,bartlett,,,,,,,,
volume_z,5,2.0,filtered,soft,1754,4,20,contrast,,,0.016983257017532415,0.005714074646654568,2.9721797609829337,uniform,0.005304905375826923,3.2014250612123467,bartlett,stress - calm,0.0013674964044905202,robustness,two-sided,0.0029569350124054594,,,
volume_z,5,2.0,window,hard,1754,4,20,calm,0.004676961289344217,990.0,0.004676961289344217,0.0033391493745600913,1.400644524912987,uniform,0.0031555148072463473,1.482154759218372,bartlett,,,,,,,,
volume_z,5,2.0,window,hard,1754,4,20,stress,0.018468542454522424,764.0,0.018468542454522424,0.003955187403878363,4.669448136999175,uniform,0.003726800227955974,4.955603017297174,bartlett,,,,,,,,
volume_z,5,2.0,window,hard,1754,4,20,contrast,,,0.013791581165178207,0.005116366530287607,2.695581147975913,uniform,0.004818793643187302,2.8620402088967687,bartlett,stress - calm,0.004209235028538094,robustness,two-sided,0.0070265960338378175,,,
volume_z,5,3.0,window,soft,1754,4,20,calm,0.0026074987793596794,846.3995792178621,0.0008185392519925933,0.00465292652123523,0.17591923024292516,uniform,0.0045082860578459375,0.18156329068073643,bartlett,,,,,,,,
volume_z,5,3.0,window,soft,1754,4,20,middle,0.010303742380496328,957.1966441401297,0.008542024095470616,0.005950146478094277,1.4355989599446752,uniform,0.005799376998624026,1.472920987460777,bartlett,,,,,,,,
volume_z,5,3.0,window,soft,1754,4,20,stress,0.022827268945071044,624.8511008801265,0.0276329692803894,0.0063699296169141325,4.338033689888084,uniform,0.005786121741896466,4.775732435821923,bartlett,,,,,,,,
volume_z,5,3.0,window,soft,1754,4,20,contrast,,,0.026814430028396806,0.00764509792370143,3.507401775099096,uniform,0.007063683672746297,3.7960972306637273,bartlett,stress - calm,0.0001469918667866832,exploratory,two-sided,0.0004525053745729757,0.07023284544047936,benjamini_hochberg,True
volume_z,5,3.0,filtered,soft,1754,4,20,calm,0.0023802714027877613,808.7225764401037,0.0010310427936016868,0.004485898716475291,0.22984085436770826,uniform,0.0043433166448278385,0.23738605262167237,bartlett,,,,,,,,
volume_z,5,3.0,filtered,soft,1754,4,20,middle,0.010158286304872364,876.1624311785573,0.00888598722900176,0.005477390934138168,1.622302905863321,uniform,0.005334358401266139,1.6658024378138188,bartlett,,,,,,,,
volume_z,5,3.0,filtered,soft,1754,4,20,stress,0.02335768011514158,585.1504560853398,0.026926135439259445,0.006075794191827266,4.431706306885543,uniform,0.0055092480688268015,4.887442914690423,bartlett,,,,,,,,
volume_z,5,3.0,filtered,soft,1754,4,20,contrast,,,0.025895092645657758,0.007383414457375827,3.5071974890681203,uniform,0.006824000593635878,3.7947084397688573,bartlett,stress - calm,0.00014781705578625903,robustness,two-sided,0.0004528529249816504,,,
volume_z,5,3.0,window,hard,1754,4,20,rest,0.005487862572372082,1278.0,0.005487862572372082,0.0029028521053013918,1.8905071196530345,uniform,0.002810966286124627,1.9523046574628224,bartlett,,,,,,,,
volume_z,5,3.0,window,hard,1754,4,20,stress,0.024635860807173105,476.0,0.024635860807173105,0.0052233407195063485,4.716495080470533,uniform,0.004800632813914701,5.131794445050185,bartlett,,,,,,,,
volume_z,5,3.0,window,hard,1754,4,20,contrast,,,0.019147998234801025,0.005931684965753441,3.2280875240933926,uniform,0.005616966192276378,3.4089573587127022,bartlett,stress - rest,0.0006521167201816169,robustness,two-sided,0.0012462083809334779,,,
volume_z,5,,none,stress_vol,1735,4,20,calm,0.004789908508414703,865.0,0.004789908508414704,0.003483519416265205,1.3750198968461964,uniform,0.003364059322587777,1.4238478127460914,bartlett,,,,,,,,
volume_z,5,,none,stress_vol,1735,4,20,stress,0.016302550139370892,870.0,0.016302550139370892,0.003847804594769793,4.23684460524073,uniform,0.003543874169427066,4.600205695792666,bartlett,,,,,,,,
volume_z,5,,none,stress_vol,1735,4,20,contrast,,,0.011512641630956187,0.005128043508356272,2.245035872296336,uniform,0.004807260222879767,2.394844692651065,bartlett,stress - calm,0.016627406540648426,robustness,two-sided,0.024765829774686665,,,
qspread_21d,5,2.0,window,soft,1754,4,20,calm,0.008645502631173684,1104.8726726473947,0.008150689439728985,0.007504603703071531,1.0860919193365295,uniform,0.006907482573510051,1.1799797325564871,bartlett,,,,,,,,
qspread_21d,5,2.0,window,soft,1754,4,20,stress,0.01244694611303986,874.2255978381054,0.013094545367789784,0.009961622667945874,1.3144992341383204,uniform,0.010624684145497226,1.2324644373865263,bartlett,,,,,,,,
qspread_21d,5,2.0,window,soft,1754,4,20,contrast,,,0.004943855928060799,0.013128114312115484,0.3765853808492728,uniform,0.013275217843151395,0.3724124143553173,bartlett,stress - calm,0.7095858122854293,exploratory,two-sided,0.7064817536769961,0.8080673653168255,benjamini_hochberg,False
qspread_21d,5,2.0,filtered,soft,1754,4,20,calm,0.008595290092596313,1080.1201289939459,0.008214613917098035,0.007394208362492537,1.1109524528368775,uniform,0.00680490656759755,1.2071604268915301,bartlett,,,,,,,,
qspread_21d,5,2.0,filtered,soft,1754,4,20,stress,0.01251325584795312,847.6570237756422,0.01301160840333432,0.009781167651794282,1.3302714835838068,uniform,0.010434740344148121,1.2469508559100204,bartlett,,,,,,,,
qspread_21d,5,2.0,filtered,soft,1754,4,20,contrast,,,0.0047969944862362845,0.012738132519690843,0.3765853808492729,uniform,0.012880866215323018,0.3724124143553174,bartlett,stress - calm,0.709585812285429,robustness,two-sided,0.7064817536769958,,,
qspread_21d,5,2.0,window,hard,1754,4,20,calm,0.008207932755313837,990.0,0.008207932755313837,0.007130782452836704,1.151056396629886,uniform,0.006594217907698072,1.24471663966881,bartlett,,,,,,,,
qspread_21d,5,2.0,window,hard,1754,4,20,stress,0.01299260917305638,764.0,0.012992609173056382,0.009004475613905065,1.4429056982499553,uniform,0.009653847319702155,1.3458477996166647,bartlett,,,,,,,,
qspread_21d,5,2.0,window,hard,1754,4,20,contrast,,,0.004784676417742545,0.011305790970520037,0.4232058093253835,uniform,0.011495764061639822,0.4162121275356126,bartlett,stress - calm,0.6772547862068943,robustness,two-sided,0.6721451086628936,,,
qspread_21d,5,3.0,window,soft,1754,4,20,calm,0.005049536716311219,846.3995792178621,-0.0016542439582181753,0.00882704404870113,-0.1874063332063684,uniform,0.008357604411082657,-0.19793278993015678,bartlett,,,,,,,,
qspread_21d,5,3.0,window,soft,1754,4,20,middle,0.021547308904003193,957.1966441401297,0.03667928273371417,0.012944706725498497,2.833535244291266,uniform,0.012958699931146754,2.830475505151103,bartlett,,,,,,,,
qspread_21d,5,3.0,window,soft,1754,4,20,stress,0.003663850628546439,624.8511008801265,-0.005744583463560244,0.014835561203595452,-0.38721713218156006,uniform,0.01550479227571676,-0.37050373596796105,bartlett,,,,,,,,
qspread_21d,5,3.0,window,soft,1754,4,20,contrast,,,-0.004090339505342069,0.016890027253604747,-0.24217483156926758,uniform,0.01721027759321068,-0.2376684212784386,bartlett,stress - calm,0.8121382780885419,exploratory,two-sided,0.8086446961661165,0.8681768210372417,benjamini_hochberg,False
qspread_21d,5,3.0,filtered,soft,1754,4,20,calm,0.004539342698480146,808.7225764401037,-0.000651829609094865,0.008525916884860561,-0.07645272853319933,uniform,0.008052018247561289,-0.08095232636765129,bartlett,,,,,,,,
qspread_21d,5,3.0,filtered,soft,1754,4,20,middle,0.022655734272515184,876.1624311785573,0.03413237900478764,0.011942540539486108,2.8580500850664365,uniform,0.011947996318362653,2.8567450219523605,bartlett,,,,,,,,
qspread_21d,5,3.0,filtered,soft,1754,4,20,stress,0.0028857553689228483,585.1504560853398,-0.004204191817369139,0.014159294313698525,-0.2969209993256344,uniform,0.014811667785439301,-0.2838432429265052,bartlett,,,,,,,,
qspread_21d,5,3.0,filtered,soft,1754,4,20,contrast,,,-0.003552362208274274,0.016286675333454334,-0.21811463270084314,uniform,0.016592414577584,-0.21409555502991348,bartlett,stress - calm,0.8304725420098271,robustness,two-sided,0.8273397966209173,,,
qspread_21d,5,3.0,window,hard,1754,4,20,rest,0.014975872986218108,1278.0,0.014975872986218108,0.006258597153683845,2.392848208388557,uniform,0.006012683563723912,2.490713643500459,bartlett,,,,,,,,
qspread_21d,5,3.0,window,hard,1754,4,20,stress,-0.0022835269756533564,476.0,-0.002283526975653356,0.012082962348901171,-0.18898734513238144,uniform,0.012843646747686017,-0.1777942838598211,bartlett,,,,,,,,
qspread_21d,5,3.0,window,hard,1754,4,20,contrast,,,-0.017259399961871466,0.013463526252821791,-1.2819375576479533,uniform,0.01400175152339623,-1.2326600663518323,bartlett,stress - rest,0.21770261656482695,robustness,two-sided,0.19986455156662672,,,
qspread_21d,5,,none,stress_vol,1735,4,20,calm,0.007108265609108112,865.0,0.007108265609108112,0.007303741842399601,0.9732361524394643,uniform,0.006637891414614275,1.0708619899171956,bartlett,,,,,,,,
qspread_21d,5,,none,stress_vol,1735,4,20,stress,0.015163202287536958,870.0,0.015163202287536958,0.008428456429505729,1.7990485463571622,uniform,0.008747077990841241,1.7335163014910597,bartlett,,,,,,,,
qspread_21d,5,,none,stress_vol,1735,4,20,contrast,,,0.008054936678428846,0.010855755545131511,0.7419968739109319,uniform,0.01057619359628616,0.7616101771489266,bartlett,stress - calm,0.4462926989211329,robustness,two-sided,0.45808922962911325,,,
overnight_20d,5,2.0,window,soft,1754,4,20,calm,0.0049342393859972515,1104.8726726473947,0.006232719667476404,0.006728887310809163,0.9262630476013881,uniform,0.006148191147849739,1.0137485184819324,bartlett,,,,,,,,
overnight_20d,5,2.0,window,soft,1754,4,20,stress,-0.005041443331653504,874.2255978381054,-0.006740862177255007,0.009310649781127715,-0.7239948162284487,uniform,0.009202861767545064,-0.7324745657951119,bartlett,,,,,,,,
overnight_20d,5,2.0,window,soft,1754,4,20,contrast,,,-0.012973581844731411,0.012257375482146383,-1.0584306455838142,uniform,0.011715499116551627,-1.1073861826682543,bartlett,stress - calm,0.26812699727762074,exploratory,two-sided,0.2898591541509172,0.5229754876531013,benjamini_hochberg,False
overnight_20d,5,2.0,filtered,soft,1754,4,20,calm,0.005066006267626517,1080.1201289939459,0.006064970151491879,0.006625392328654535,0.9154129824525479,uniform,0.006054323433961375,1.0017585313448538,bartlett,,,,,,,,
overnight_20d,5,2.0,filtered,soft,1754,4,20,stress,-0.0052154521995327165,847.6570237756422,-0.006523220419086217,0.009138673165222374,-0.713803886094824,uniform,0.009035602500192664,-0.721946369259507,bartlett,,,,,,,,
overnight_20d,5,2.0,filtered,soft,1754,4,20,contrast,,,-0.012588190570578096,0.011893259726653773,-1.0584306455838113,uniform,0.011367480259006666,-1.1073861826682512,bartlett,stress - calm,0.2681269972776222,robustness,two-sided,0.2898591541509184,,,
overnight_20d,5,2.0,window,hard,1754,4,20,calm,0.00525762251998662,990.0,0.00525762251998662,0.006230073589926361,0.8439101792453729,uniform,0.00569242663022492,0.9236170901299573,bartlett,,,,,,,,
overnight_20d,5,2.0,window,hard,1754,4,20,stress,-0.005404473672868769,764.0,-0.005404473672868769,0.008482187733487629,-0.6371556304433039,uniform,0.008398714073306179,-0.6434882323290335,bartlett,,,,,,,,
overnight_20d,5,2.0,window,hard,1754,4,20,contrast,,,-0.010662096192855389,0.010464596773446001,-1.0188731036355403,uniform,0.010004303117086695,-1.0657510141456257,bartlett,stress - calm,0.2865362101260428,robustness,two-sided,0.3082632141746661,,,
overnight_20d,5,3.0,window,soft,1754,4,20,calm,0.005109245595353636,846.3995792178621,0.005296555965224138,0.008684012338676925,0.609920363843139,uniform,0.008439069209747567,0.6276232406183301,bartlett,,,,,,,,
overnight_20d,5,3.0,window,soft,1754,4,20,middle,0.0025030698782028647,957.1966441401297,0.005857754949889699,0.010982279426238155,0.5333824356986153,uniform,0.01052204307372542,0.5567126943736898,bartlett,,,,,,,,
overnight_20d,5,3.0,window,soft,1754,4,20,stress,-0.008262262946331799,624.8511008801265,-0.012764654704460124,0.01325026510906737,-0.9633508914266979,uniform,0.013274705425932804,-0.9615772474712493,bartlett,,,,,,,,
overnight_20d,5,3.0,window,soft,1754,4,20,contrast,,,-0.01806121066968426,0.015554950514323483,-1.1611229912337513,uniform,0.01542612516410335,-1.1708196632368033,bartlett,stress - calm,0.24167127230725263,exploratory,two-sided,0.2455918861023335,0.5223819820288157,benjamini_hochberg,False
overnight_20d,5,3.0,filtered,soft,1754,4,20,calm,0.005182821053324912,808.7225764401037,0.005304369051601407,0.008385841742934549,0.6325386543420735,uniform,0.008142478827640649,0.6514440091136708,bartlett,,,,,,,,
overnight_20d,5,3.0,filtered,soft,1754,4,20,middle,0.0027594899387473138,876.1624311785573,0.005262218219167052,0.010129347731181338,0.5195021790957258,uniform,0.009690570800669504,0.5430245882733239,bartlett,,,,,,,,
overnight_20d,5,3.0,filtered,soft,1754,4,20,stress,-0.008721224667775997,585.1504560853398,-0.012079592817748324,0.012670995205352253,-0.9533262874762891,uniform,0.012696219440300737,-0.9514322648996522,bartlett,,,,,,,,
overnight_20d,5,3.0,filtered,soft,1754,4,20,contrast,,,-0.01738396186934973,0.015015601329859983,-1.1577266529299783,uniform,0.014889981945161255,-1.1674938178819576,bartlett,stress - calm,0.2430110034556674,robustness,two-sided,0.2469756036268551,,,
overnight_20d,5,3.0,window,hard,1754,4,20,rest,0.003838748802370991,1278.0,0.003838748802370991,0.005512599715762566,0.6963590683710601,uniform,0.005230173136244929,0.7339620892793371,bartlett,,,,,,,,
overnight_20d,5,3.0,window,hard,1754,4,20,stress,-0.008045992774611576,476.0,-0.008045992774611575,0.011097570224869461,-0.7250229204750285,uniform,0.01132528714161434,-0.7104449250603879,bartlett,,,,,,,,
overnight_20d,5,3.0,window,hard,1754,4,20,contrast,,,-0.011884741576982567,0.012162011658750973,-0.9772019556017363,uniform,0.012362188020283764,-0.9613784839287505,bartlett,stress - rest,0.3363618986427495,robustness,two-sided,0.32846918004529413,,,
overnight_20d,5,,none,stress_vol,1735,4,20,calm,0.00568743157973302,865.0,0.00568743157973302,0.006596765520238335,0.8621545759485383,uniform,0.006209962885191251,0.9158559696541345,bartlett,,,,,,,,
overnight_20d,5,,none,stress_vol,1735,4,20,stress,-0.0061280158619717,870.0,-0.0061280158619717,0.007630449202070199,-0.80310027623395,uniform,0.007294708432308428,-0.8400631661754402,bartlett,,,,,,,,
overnight_20d,5,,none,stress_vol,1735,4,20,contrast,,,-0.011815447441704721,0.009906410210432313,-1.1927072663780898,uniform,0.009402899211411702,-1.2565749324809377,bartlett,stress - calm,0.2089075965803761,robustness,two-sided,0.23298403884896637,,,
ma50_gap,5,2.0,window,soft,1754,4,20,calm,-0.008923234382935494,1104.8726726473947,-0.005671076897270082,0.0091364261065607,-0.6207106401482069,uniform,0.00887427305405553,-0.6390469239256062,bartlett,,,,,,,,
ma50_gap,5,2.0,window,soft,1754,4,20,stress,-0.03390820464977281,874.2255978381054,-0.038164547852542155,0.01727123426740251,-2.2097174563009316,uniform,0.015470385204735851,-2.466942312519735,bartlett,,,,,,,,
ma50_gap,5,2.0,window,soft,1754,4,20,contrast,,,-0.03249347095527207,0.02073046564977865,-1.567426005002402,uniform,0.018926678414993386,-1.7168078963887985,bartlett,stress - calm,0.08601427770398055,exploratory,two-sided,0.11701514943714085,0.36229470245730205,benjamini_hochberg,False
ma50_gap,5,2.0,filtered,soft,1754,4,20,calm,-0.008593212697919753,1080.1201289939459,-0.006091220238610863,0.00898704932159347,-0.677777546405058,uniform,0.008732532394353405,-0.6975319373048697,bartlett,,,,,,,,
ma50_gap,5,2.0,filtered,soft,1754,4,20,stress,-0.03434402508564491,847.6570237756422,-0.03761944502493844,0.0169588697720872,-2.2182754824178623,uniform,0.015189811599191501,-2.476623543305882,bartlett,,,,,,,,
ma50_gap,5,2.0,filtered,soft,1754,4,20,contrast,,,-0.03152822478632758,0.02011464955009424,-1.5674260050024023,uniform,0.018364445348046966,-1.7168078963887992,bartlett,stress - calm,0.08601427770398042,robustness,two-sided,0.11701514943714075,,,
ma50_gap,5,2.0,window,hard,1754,4,20,calm,-0.009081097210049273,990.0,-0.009081097210049273,0.008495425032171034,-1.0689397146888326,uniform,0.008210276799680533,-1.1060646835198813,bartlett,,,,,,,,
ma50_gap,5,2.0,window,hard,1754,4,20,stress,-0.03356335409754653,764.0,-0.03356335409754653,0.01578410118780443,-2.1264026185716056,uniform,0.014103917912372229,-2.379718480075959,bartlett,,,,,,,,
ma50_gap,5,2.0,window,hard,1754,4,20,contrast,,,-0.024482256887497257,0.017820220860166294,-1.3738469954781916,uniform,0.01616819541454147,-1.5142232178538753,bartlett,stress - calm,0.12996923491110562,robustness,two-sided,0.1694891878141307,,,
ma50_gap,5,3.0,window,soft,1754,4,20,calm,-0.00824908459208019,846.3995792178621,-0.011101392929358495,0.011313998741659245,-0.9812086056260626,uniform,0.011436515502889245,-0.9706971434222174,bartlett,,,,,,,,
ma50_gap,5,3.0,window,soft,1754,4,20,middle,-0.007999978893796559,957.1966441401297,0.010360156726517352,0.01977577676825391,0.5238811525799851,uniform,0.01752817873374351,0.5910572275585602,bartlett,,,,,,,,
ma50_gap,5,3.0,window,soft,1754,4,20,stress,-0.051161581696206736,624.8511008801265,-0.07020394779400925,0.02452510358510177,-2.862534200942415,uniform,0.021598908381326953,-3.2503470339595095,bartlett,,,,,,,,
ma50_gap,5,3.0,window,soft,1754,4,20,contrast,,,-0.059102554864650755,0.02636123949413277,-2.2420248819409734,uniform,0.023910798824701877,-2.4717934058979587,bartlett,stress - calm,0.013443718197819565,exploratory,two-sided,0.02495976422554744,0.2079980352128953,benjamini_hochberg,False
ma50_gap,5,3.0,filtered,soft,1754,4,20,calm,-0.008278945306731686,808.7225764401037,-0.010561834634015037,0.010865832635940277,-0.9720225764457551,uniform,0.011001146290800096,-0.9600667380314322,bartlett,,,,,,,,
ma50_gap,5,3.0,filtered,soft,1754,4,20,middle,-0.006621358827750981,876.1624311785573,0.007172389594660147,0.018223403876332245,0.39358122353724107,uniform,0.016162237451257423,0.443774546456879,bartlett,,,,,,,,
ma50_gap,5,3.0,filtered,soft,1754,4,20,stress,-0.05300974962185333,585.1504560853398,-0.06725064252418318,0.023435163124608922,-2.8696468706703504,uniform,0.020658408838518907,-3.2553641013624492,bartlett,,,,,,,,
ma50_gap,5,3.0,filtered,soft,1754,4,20,contrast,,,-0.05668880789016814,0.02539975816862985,-2.231864079721123,uniform,0.02305951295269202,-2.4583696978539247,bartlett,stress - calm,0.013956941436585796,robustness,two-sided,0.02562394757665605,,,
ma50_gap,5,3.0,window,hard,1754,4,20,rest,-0.006718527865098439,1278.0,-0.006718527865098439,0.008436400628362125,-0.7963737334274511,uniform,0.007815746443736305,-0.8596143584574448,bartlett,,,,,,,,
ma50_gap,5,3.0,window,hard,1754,4,20,stress,-0.05471934906907254,476.0,-0.05471934906907254,0.02003436765420706,-2.731274079298525,uniform,0.01812922539403309,-3.0182949287553362,bartlett,,,,,,,,
ma50_gap,5,3.0,window,hard,1754,4,20,contrast,,,-0.0480008212039741,0.021439134822937717,-2.2389346212151273,uniform,0.019426562506102127,-2.4708859937982566,bartlett,stress - rest,0.013477877863027838,robustness,two-sided,0.025160170410514594,,,
ma50_gap,5,,none,stress_vol,1735,4,20,calm,-0.00866058172382946,865.0,-0.00866058172382946,0.00875751801742212,-0.988931076887331,uniform,0.00839192018202695,-1.0320143109056144,bartlett,,,,,,,,
ma50_gap,5,,none,stress_vol,1735,4,20,stress,-0.030606352423344602,870.0,-0.030606352423344602,0.01423516604407323,-2.150052365289232,uniform,0.012941542154057118,-2.364969495830112,bartlett,,,,,,,,
ma50_gap,5,,none,stress_vol,1735,4,20,contrast,,,-0.021945770699515144,0.01639476582229257,-1.3385839686514258,uniform,0.0151470800760264,-1.4488449647961636,bartlett,stress - calm,0.14738088344573944,robustness,two-sided,0.18070614792756076,,,
earn_next5,5,2.0,window,soft,1735,4,20,calm,0.008432822472632,1094.3176390636193,0.00802081578362316,0.0044823412445777295,1.7894255135808568,uniform,0.004393222431724205,1.8257249452482733,bartlett,,,,,,,,
earn_next5,5,2.0,window,soft,1735,4,20,stress,0.011574126144855403,864.9429034570941,0.012114177101860258,0.004411753155742394,2.7458873319084707,uniform,0.004287362201103098,2.8255548595225743,bartlett,,,,,,,,
earn_next5,5,2.0,window,soft,1735,4,20,contrast,,,0.004093361318237098,0.006613456817730801,0.6189442875415351,uniform,0.0063467701388312025,0.6449518776791429,bartlett,stress - calm,0.5189583713512609,exploratory,two-sided,0.5359530615441588,0.7159678303070823,benjamini_hochberg,False
earn_next5,5,2.0,filtered,soft,1735,4,20,calm,0.008391393956505462,1069.8709067069715,0.008073743293396633,0.004418715207710479,1.8271698703976844,uniform,0.004332945066479429,1.8633384844540963,bartlett,,,,,,,,
earn_next5,5,2.0,filtered,soft,1735,4,20,stress,0.011629006345885078,838.6387469091841,0.012045507834977525,0.0043304355157501705,2.7815927038208894,uniform,0.00421099439821693,2.8604901113328434,bartlett,,,,,,,,
earn_next5,5,2.0,filtered,soft,1735,4,20,contrast,,,0.003971764541580892,0.006416998462586724,0.6189442875415392,uniform,0.006158233938124572,0.6449518776791473,bartlett,stress - calm,0.5189583713512582,robustness,two-sided,0.5359530615441561,,,
earn_next5,5,2.0,window,hard,1735,4,20,calm,0.009075650607860994,980.0,0.009075650607860994,0.004217334947800815,2.1519871483277875,uniform,0.004137346004609006,2.193592365190321,bartlett,,,,,,,,
earn_next5,5,2.0,window,hard,1735,4,20,stress,0.010722368701471231,755.0,0.010722368701471231,0.0040966895765348855,2.617325160023612,uniform,0.004036027434231865,2.6566639786758306,bartlett,,,,,,,,
earn_next5,5,2.0,window,hard,1735,4,20,contrast,,,0.0016467180936102378,0.005795957625533811,0.284114929749607,uniform,0.005607938803810629,0.2936405248379819,bartlett,stress - calm,0.769032605833109,robustness,two-sided,0.7763223059359805,,,
earn_next5,5,3.0,window,soft,1735,4,20,calm,0.0064644905601196545,836.5204035854244,0.005066114265571265,0.006059344737767964,0.8360828579357958,uniform,0.005877459190150329,0.861956519249211,bartlett,,,,,,,,
earn_next5,5,3.0,window,soft,1735,4,20,middle,0.010970105100338131,952.1367565847729,0.012141052821029032,0.0075684142363230626,1.6041739315430863,uniform,0.00765311129102469,1.5864205235415363,bartlett,,,,,,,,
earn_next5,5,3.0,window,soft,1735,4,20,stress,0.013102438766320576,616.2055690066012,0.013629519647068721,0.00603563865699264,2.2581735623417623,uniform,0.005296655953193878,2.573231066452435,bartlett,,,,,,,,
earn_next5,5,3.0,window,soft,1735,4,20,contrast,,,0.008563405381497457,0.008218357914342484,1.0419849647279056,uniform,0.007633879575404022,1.1217632262746613,bartlett,stress - calm,0.26196312566616475,exploratory,two-sided,0.2974186497710545,0.5229754876531013,benjamini_hochberg,False
earn_next5,5,3.0,filtered,soft,1735,4,20,calm,0.006327200281650848,798.8778636228719,0.0052546747223043205,0.005842700900025851,0.8993571316103262,uniform,0.005666494522349127,0.9273237098490866,bartlett,,,,,,,,
earn_next5,5,3.0,filtered,soft,1735,4,20,middle,0.011049253118864986,872.6885853500775,0.01195996590248987,0.0069749144163084,1.7147114915884374,uniform,0.007071922233295312,1.6911902461513453,bartlett,,,,,,,,
earn_next5,5,3.0,filtered,soft,1735,4,20,stress,0.01319160427575338,576.4855271964966,0.01357087194032924,0.005727938444332973,2.369241930970085,uniform,0.005029095706965657,2.698471600278478,bartlett,,,,,,,,
earn_next5,5,3.0,filtered,soft,1735,4,20,contrast,,,0.008316197218024918,0.007952972070439464,1.0456716236858836,uniform,0.007395233817917972,1.1245347236858876,bartlett,stress - calm,0.26078624824601837,robustness,two-sided,0.29571266834659715,,,
earn_next5,5,3.0,window,hard,1735,4,20,rest,0.008287581623208425,1268.0,0.008287581623208425,0.003697129306118298,2.2416261204317327,uniform,0.003704222703931949,2.237333520582157,bartlett,,,,,,,,
earn_next5,5,3.0,window,hard,1735,4,20,stress,0.013877671235730802,467.0,0.013877671235730804,0.0047842365200641635,2.90070760037271,uniform,0.004220905539537813,3.2878421717180624,bartlett,,,,,,,,
earn_next5,5,3.0,window,hard,1735,4,20,contrast,,,0.0055900896125223795,0.006001226793498894,0.9314911442070648,uniform,0.005434294639049308,1.0286688491922342,bartlett,stress - rest,0.30363531280171485,robustness,two-sided,0.3515995634038904,,,
earn_next5,5,,none,stress_vol,1716,4,20,calm,0.007452801147293003,855.0,0.007452801147293003,0.004383186844608663,1.700315640539024,uniform,0.004247885522193451,1.7544731627900962,bartlett,,,,,,,,
earn_next5,5,,none,stress_vol,1716,4,20,stress,0.011577042713227917,861.0,0.011577042713227917,0.003954857320656813,2.9272971878806566,uniform,0.003948764176241732,2.9318141566626705,bartlett,,,,,,,,
earn_next5,5,,none,stress_vol,1716,4,20,contrast,,,0.004124241565934914,0.005730587611143107,0.7196891219175048,uniform,0.005540992085335599,0.7443146466225503,bartlett,stress - calm,0.45668614237318317,robustness,two-sided,0.4717164253977999,,,
days_since_earn,5,2.0,window,soft,1754,4,20,calm,-0.009252656141044828,1104.8726726473947,-0.010199632018029118,0.005710941514315893,-1.7859808216318112,uniform,0.005316888064305933,-1.9183462007603087,bartlett,,,,,,,,
days_since_earn,5,2.0,window,soft,1754,4,20,stress,-0.001977435234876573,874.2255978381054,-0.0007380566515962123,0.006512765449624989,-0.11332461721598007,uniform,0.005628682245890653,-0.13112423465279946,bartlett,,,,,,,,
days_since_earn,5,2.0,window,soft,1754,4,20,contrast,,,0.009461575366432906,0.009153933474848237,1.0336076171440354,uniform,0.007997625534284543,1.1830480591861476,bartlett,stress - calm,0.23679010118871036,exploratory,two-sided,0.30131963696901143,0.5229754876531013,benjamini_hochberg,False
days_since_earn,5,2.0,filtered,soft,1754,4,20,calm,-0.009348753140027543,1080.1201289939459,-0.01007729304432353,0.005627799169487978,-1.790627693141433,uniform,0.005243766334906733,-1.921766226927571,bartlett,,,,,,,,
days_since_earn,5,2.0,filtered,soft,1754,4,20,stress,-0.0018505313437560433,847.6570237756422,-0.0008967818149660277,0.006392930105599699,-0.1402771186533884,uniform,0.005528996379378169,-0.16219612989995957,bartlett,,,,,,,,
days_since_earn,5,2.0,filtered,soft,1754,4,20,contrast,,,0.009180511229357502,0.0088820081016084,1.0336076171440383,uniform,0.0077600492710947115,1.1830480591861507,bartlett,stress - calm,0.23679010118870902,robustness,two-sided,0.3013196369690101,,,
days_since_earn,5,2.0,window,hard,1754,4,20,calm,-0.009656323114124486,990.0,-0.009656323114124486,0.005345923847692226,-1.8062964212056647,uniform,0.00501617926833614,-1.9250354896760848,bartlett,,,,,,,,
days_since_earn,5,2.0,window,hard,1754,4,20,stress,-0.0014952091339604176,764.0,-0.0014952091339604176,0.006034431331285831,-0.2477796252661665,uniform,0.005191105632814953,-0.28803288542398986,bartlett,,,,,,,,
days_since_earn,5,2.0,window,hard,1754,4,20,contrast,,,0.008161113980164067,0.007991118684932564,1.0212730284624647,uniform,0.006962431336731374,1.1721643755549673,bartlett,stress - calm,0.24113106807335516,robustness,two-sided,0.3071251012725338,,,
days_since_earn,5,3.0,window,soft,1754,4,20,calm,-0.013434948316914745,846.3995792178621,-0.017086847974398463,0.006989117793926498,-2.444778937514379,uniform,0.006161119937578389,-2.773334742305699,bartlett,,,,,,,,
days_since_earn,5,3.0,window,soft,1754,4,20,middle,-0.002239276702285791,957.1966441401297,0.0021150156902600523,0.00935523032874908,0.2260784198717701,uniform,0.009529689557241825,0.2219396211760964,bartlett,,,,,,,,
days_since_earn,5,3.0,window,soft,1754,4,20,stress,-0.0003841147221141521,624.8511008801265,-0.0006035812208804447,0.008617062673263565,-0.07004489160247093,uniform,0.007782211646401013,-0.07755908581072565,bartlett,,,,,,,,
days_since_earn,5,3.0,window,soft,1754,4,20,contrast,,,0.01648326675351802,0.01091974295675099,1.5094921939831423,uniform,0.009694822033419722,1.7002134434956473,bartlett,stress - calm,0.08909078447282393,exploratory,two-sided,0.13117304864299273,0.37631612315612667,benjamini_hochberg,False
days_since_earn,5,3.0,filtered,soft,1754,4,20,calm,-0.01377394711554309,808.7225764401037,-0.016577658411288946,0.006754144082731303,-2.4544425182865095,uniform,0.005949631809764243,-2.7863334978279677,bartlett,,,,,,,,
days_since_earn,5,3.0,filtered,soft,1754,4,20,middle,-0.0019313251146913738,876.1624311785573,0.0014139446748846602,0.008659522901130699,0.1632820527214077,uniform,0.008817806872046297,0.16035105955507667,bartlett,,,,,,,,
days_since_earn,5,3.0,filtered,soft,1754,4,20,stress,-0.00031310562605443506,585.1504560853398,-0.0005140228626077349,0.008227232252395918,-0.06247822436981066,uniform,0.0073982351181706065,-0.06947911960046486,bartlett,,,,,,,,
days_since_earn,5,3.0,filtered,soft,1754,4,20,contrast,,,0.01606363554868121,0.010553451171387547,1.522121558891829,uniform,0.009361690234361562,1.7158905226024819,bartlett,stress - calm,0.08618208166829477,robustness,two-sided,0.12797862499779966,,,
days_since_earn,5,3.0,window,hard,1754,4,20,rest,-0.009020351583350851,1278.0,-0.009020351583350851,0.004684845724676526,-1.9254319380973166,uniform,0.00451178515873339,-1.9992865941079445,bartlett,,,,,,,,
days_since_earn,5,3.0,window,hard,1754,4,20,stress,0.0017351043323390214,476.0,0.0017351043323390214,0.007249246707609283,0.23934960449307685,uniform,0.006460237203133643,0.2685821399092561,bartlett,,,,,,,,
days_since_earn,5,3.0,window,hard,1754,4,20,contrast,,,0.010755455915689873,0.008408100146460947,1.2791779032528474,uniform,0.007795114533175733,1.379768811595395,bartlett,stress - rest,0.16765783830318992,robustness,two-sided,0.20083441525248946,,,
days_since_earn,5,,none,stress_vol,1735,4,20,calm,-0.011636610126129932,865.0,-0.011636610126129933,0.005639838486162772,-2.06328783256473,uniform,0.005290200263198214,-2.199653991755497,bartlett,,,,,,,,
days_since_earn,5,,none,stress_vol,1735,4,20,stress,-0.0008928282206753518,870.0,-0.0008928282206753518,0.005662407912575546,-0.15767642219708064,uniform,0.005071195403033596,-0.17605872969147685,bartlett,,,,,,,,
days_since_earn,5,,none,stress_vol,1735,4,20,contrast,,,0.010743781905454582,0.007848620821525548,1.3688751373985089,uniform,0.007127982925763114,1.5072681875573326,bartlett,stress - calm,0.13174192838091314,robustness,two-sided,0.1710383086950713,,,
var_ratio_60d,5,2.0,window,soft,1754,4,20,calm,0.0006266973629654989,1104.8726726473947,-0.0003812517863959038,0.005127506504665082,-0.07435422774189272,uniform,0.004854305657596629,-0.07853889171549652,bartlett,,,,,,,,
var_ratio_60d,5,2.0,window,soft,1754,4,20,stress,0.008370350503467044,874.2255978381054,0.009689529396104145,0.007880202318226353,1.2296041401999218,uniform,0.007165250606390451,1.3522945572151202,bartlett,,,,,,,,
var_ratio_60d,5,2.0,window,soft,1754,4,20,contrast,,,0.010070781182500049,0.009904441948941583,1.0167944074402133,uniform,0.009022767104215165,1.1161521810526709,bartlett,stress - calm,0.2643569993042485,exploratory,two-sided,0.30925124314929375,0.5229754876531013,benjamini_hochberg,False
var_ratio_60d,5,2.0,filtered,soft,1754,4,20,calm,0.0005244129323533225,1080.1201289939459,-0.00025103572970710196,0.005049978874601218,-0.0497102534368375,uniform,0.004783764695964785,-0.05247660486287219,bartlett,,,,,,,,
var_ratio_60d,5,2.0,filtered,soft,1754,4,20,stress,0.008505425400530871,847.6570237756422,0.009520584339224389,0.007738142538769551,1.2303449169519,uniform,0.007037899842067788,1.352759282295664,bartlett,,,,,,,,
var_ratio_60d,5,2.0,filtered,soft,1754,4,20,contrast,,,0.00977162006893149,0.009610222083667451,1.0167944074402124,uniform,0.008754738139485277,1.1161521810526704,bartlett,stress - calm,0.2643569993042485,robustness,two-sided,0.3092512431492942,,,
var_ratio_60d,5,2.0,window,hard,1754,4,20,calm,-0.00011448873613592997,990.0,-0.00011448873613592997,0.0048750227288167315,-0.023484759457463852,uniform,0.004602002572688107,-0.024878025235230403,bartlett,,,,,,,,
var_ratio_60d,5,2.0,window,hard,1754,4,20,stress,0.009287307538393855,764.0,0.009287307538393855,0.007106662717641592,1.3068451265231749,uniform,0.006505818972434806,1.427538573966511,bartlett,,,,,,,,
var_ratio_60d,5,2.0,window,hard,1754,4,20,contrast,,,0.009401796274529785,0.008485150538566032,1.1080294016938754,uniform,0.007755844533250222,1.2122208270450978,bartlett,stress - calm,0.22542786110577628,robustness,two-sided,0.2678491183040861,,,
var_ratio_60d,5,3.0,window,soft,1754,4,20,calm,0.0033400073739067873,846.3995792178621,0.005729093885481776,0.0061111286588621284,0.93748539840896,uniform,0.0059674870481392205,0.9600513313670651,bartlett,,,,,,,,
var_ratio_60d,5,3.0,window,soft,1754,4,20,middle,-0.0013019272820773767,957.1966441401297,-0.008873792939526674,0.01014385422487464,-0.8747949983120284,uniform,0.00977152566902286,-0.9081276803741991,bartlett,,,,,,,,
var_ratio_60d,5,3.0,window,soft,1754,4,20,stress,0.011569896744955217,624.8511008801265,0.017671844402459145,0.011809364555767842,1.4964263588448536,uniform,0.00999995527256007,1.7671923444448576,bartlett,,,,,,,,
var_ratio_60d,5,3.0,window,soft,1754,4,20,contrast,,,0.01194275051697737,0.012947025183374846,0.9224320141365712,uniform,0.011344717563636966,1.0527146621311463,bartlett,stress - calm,0.2924717867045308,exploratory,two-sided,0.3563032772569463,0.5394918594503394,benjamini_hochberg,False
var_ratio_60d,5,3.0,filtered,soft,1754,4,20,calm,0.003487609341709925,808.7225764401037,0.005351189830419611,0.005877366820138569,0.9104740258994839,uniform,0.0057395844688592915,0.9323305301024916,bartlett,,,,,,,,
var_ratio_60d,5,3.0,filtered,soft,1754,4,20,middle,-0.0018627359919219958,876.1624311785573,-0.0075815257708145576,0.009347816466831417,-0.8110477775976735,uniform,0.009019867214985587,-0.8405362950597131,bartlett,,,,,,,,
var_ratio_60d,5,3.0,filtered,soft,1754,4,20,stress,0.01212450007028297,585.1504560853398,0.01670285542562294,0.011273000248669562,1.4816690372728598,uniform,0.00954055510008929,1.7507215513557084,bartlett,,,,,,,,
var_ratio_60d,5,3.0,filtered,soft,1754,4,20,contrast,,,0.011351665595203328,0.012478559793659368,0.9096935690424275,uniform,0.010943371855238365,1.0373096834655693,bartlett,stress - calm,0.29959155430126083,robustness,two-sided,0.36298413667351315,,,
var_ratio_60d,5,3.0,window,hard,1754,4,20,rest,0.0007943568275233235,1278.0,0.0007943568275233235,0.004403699276669778,0.18038398573938097,uniform,0.004351055308253769,0.18256647439449045,bartlett,,,,,,,,
var_ratio_60d,5,3.0,window,hard,1754,4,20,stress,0.012535653539881364,476.0,0.012535653539881364,0.009710817114209966,1.2908958527843941,uniform,0.008449187088702789,1.4836520257247583,bartlett,,,,,,,,
var_ratio_60d,5,3.0,window,hard,1754,4,20,contrast,,,0.01174129671235804,0.01055821759681934,1.1120529203617762,uniform,0.009481944239833786,1.2382794514897781,bartlett,stress - rest,0.21561246030386894,robustness,two-sided,0.2661153973752759,,,
var_ratio_60d,5,,none,stress_vol,1735,4,20,calm,0.0004664845976611955,865.0,0.0004664845976611955,0.0049113532022230875,0.09498086951882115,uniform,0.004720913302252007,0.09881236273469997,bartlett,,,,,,,,
var_ratio_60d,5,,none,stress_vol,1735,4,20,stress,0.0070154041986317,870.0,0.0070154041986317,0.006603552939837689,1.062368131602218,uniform,0.006023422780884646,1.1646873304153762,bartlett,,,,,,,,
var_ratio_60d,5,,none,stress_vol,1735,4,20,contrast,,,0.0065489196009705045,0.00794683694248603,0.8240913521149696,uniform,0.007297592811430499,0.8974081961263557,bartlett,stress - calm,0.3695011406332449,robustness,two-sided,0.40988765351556933,,,
ret_vol_corr_60d,5,2.0,window,soft,1754,4,20,calm,-0.0052829943387671255,1104.8726726473947,-0.004124592429757524,0.005533981886179042,-0.7453209126069915,uniform,0.005341369313899232,-0.7721975746976661,bartlett,,,,,,,,
ret_vol_corr_60d,5,2.0,window,soft,1754,4,20,stress,-0.01418251331385472,874.2255978381054,-0.015698601053523102,0.009342984585593581,-1.680255480430693,uniform,0.00826876425213632,-1.8985425844577934,bartlett,,,,,,,,
ret_vol_corr_60d,5,2.0,window,soft,1754,4,20,contrast,,,-0.011574008623765578,0.01153763302710476,-1.0031527780936838,uniform,0.01060381839820463,-1.0914944210780915,bartlett,stress - calm,0.27505538539583296,exploratory,two-sided,0.3157871530511293,0.5229754876531013,benjamini_hochberg,False
ret_vol_corr_60d,5,2.0,filtered,soft,1754,4,20,calm,-0.00516544229781528,1080.1201289939459,-0.0042742453450336304,0.005445980038871208,-0.7848441078604387,uniform,0.005254552035674752,-0.8134366766214282,bartlett,,,,,,,,
ret_vol_corr_60d,5,2.0,filtered,soft,1754,4,20,stress,-0.014337750330243081,847.6570237756422,-0.015504438206586627,0.009173061768411516,-1.690214085331675,uniform,0.008114766720972609,-1.9106449685750568,bartlett,,,,,,,,
ret_vol_corr_60d,5,2.0,filtered,soft,1754,4,20,contrast,,,-0.011230192861552996,0.011194897832904354,-1.0031527780936866,uniform,0.01028882296114777,-1.0914944210780948,bartlett,stress - calm,0.2750553853958314,robustness,two-sided,0.3157871530511279,,,
ret_vol_corr_60d,5,2.0,window,hard,1754,4,20,calm,-0.004915006341748603,990.0,-0.004915006341748603,0.005154936766584573,-0.9534561846827585,uniform,0.00495483520877364,-0.9919616162098567,bartlett,,,,,,,,
ret_vol_corr_60d,5,2.0,window,hard,1754,4,20,stress,-0.01460938578713594,764.0,-0.014609385787135942,0.008566308613717157,-1.7054470537918816,uniform,0.00757700553540688,-1.9281213031806803,bartlett,,,,,,,,
ret_vol_corr_60d,5,2.0,window,hard,1754,4,20,contrast,,,-0.00969437944538734,0.009975384491778374,-0.9718301538529531,uniform,0.009171606174392515,-1.0569990971106487,bartlett,stress - calm,0.29051199949929357,robustness,two-sided,0.33113505199524923,,,
ret_vol_corr_60d,5,3.0,window,soft,1754,4,20,calm,-0.007081667503401407,846.3995792178621,-0.009181967938064355,0.006925965582123429,-1.325731095425002,uniform,0.006706337679671183,-1.3691478682765277,bartlett,,,,,,,,
ret_vol_corr_60d,5,3.0,window,soft,1754,4,20,middle,-0.0037370957628778726,957.1966441401297,0.0042159770812380225,0.010266110648711683,0.41066935916642344,uniform,0.008111917305042975,0.5197263387555807,bartlett,,,,,,,,
ret_vol_corr_60d,5,3.0,window,soft,1754,4,20,stress,-0.01891928006845497,624.8511008801265,-0.02591913265091632,0.013035745587408039,-1.9883122508890532,uniform,0.011869939007144635,-2.183594425827743,bartlett,,,,,,,,
ret_vol_corr_60d,5,3.0,window,soft,1754,4,20,contrast,,,-0.016737164712851964,0.014543883685643882,-1.1508043569801818,uniform,0.013503081463468576,-1.2395070531221277,bartlett,stress - calm,0.21515777838817543,exploratory,two-sided,0.2498127319368791,0.5223819820288157,benjamini_hochberg,False
ret_vol_corr_60d,5,3.0,filtered,soft,1754,4,20,calm,-0.007191068475234428,808.7225764401037,-0.008837449536214117,0.006679762776859805,-1.3230184710793955,uniform,0.006484510988793067,-1.3628552024181229,bartlett,,,,,,,,
ret_vol_corr_60d,5,3.0,filtered,soft,1754,4,20,middle,-0.0031454405989647873,876.1624311785573,0.0028510972396831803,0.00948311251719788,0.3006499432029978,uniform,0.00748990964287308,0.38065842922365595,bartlett,,,,,,,,
ret_vol_corr_60d,5,3.0,filtered,soft,1754,4,20,stress,-0.019571826595350207,585.1504560853398,-0.024817380167081977,0.012478883590215848,-1.9887500342210267,uniform,0.011377966805794438,-2.181178816099487,bartlett,,,,,,,,
ret_vol_corr_60d,5,3.0,filtered,soft,1754,4,20,contrast,,,-0.01597993063086786,0.014026538618453656,-1.1392640098565925,uniform,0.01302829711863048,-1.2265555878378411,bartlett,stress - calm,0.21998967032684774,robustness,two-sided,0.25459305472800037,,,
ret_vol_corr_60d,5,3.0,window,hard,1754,4,20,rest,-0.005339910385051037,1278.0,-0.005339910385051038,0.004841301887758596,-1.1029905816353223,uniform,0.004278885743928357,-1.2479675094452454,bartlett,,,,,,,,
ret_vol_corr_60d,5,3.0,window,hard,1754,4,20,stress,-0.01933407888152887,476.0,-0.01933407888152887,0.01103163676123756,-1.752602927379193,uniform,0.010344692458911016,-1.8689853718052594,bartlett,,,,,,,,
ret_vol_corr_60d,5,3.0,window,hard,1754,4,20,contrast,,,-0.01399416849647783,0.01181793060435078,-1.184147120590289,uniform,0.011018559751221168,-1.270054236891249,bartlett,stress - rest,0.20406531121790603,robustness,two-sided,0.23635483017125428,,,
ret_vol_corr_60d,5,,none,stress_vol,1735,4,20,calm,-0.005882795025905759,865.0,-0.005882795025905759,0.0054602791959633456,-1.0773798948329911,uniform,0.005223626555742281,-1.1261898152805088,bartlett,,,,,,,,
ret_vol_corr_60d,5,,none,stress_vol,1735,4,20,stress,-0.012646986603290325,870.0,-0.012646986603290325,0.007770715592925631,-1.627518914062946,uniform,0.006786718691465773,-1.8634906172247534,bartlett,,,,,,,,
ret_vol_corr_60d,5,,none,stress_vol,1735,4,20,contrast,,,-0.006764191577384566,0.009430522523956156,-0.7172658312624389,uniform,0.008562671201430087,-0.7899627836059908,bartlett,stress - calm,0.4295495033022044,robustness,two-sided,0.47321008613610693,,,
ret_20d_ind_rel,5,2.0,window,soft,1754,4,20,calm,-0.00887329747473741,1104.8726726473947,-0.007425467912773759,0.006010300925515698,-1.2354569271648634,uniform,0.005471241652675895,-1.357181492640173,bartlett,,,,,,,,
ret_20d_ind_rel,5,2.0,window,soft,1754,4,20,stress,-0.019996368456556286,874.2255978381054,-0.02189125194297871,0.010788774297836812,-2.0290768291786385,uniform,0.009791948100733796,-2.235638068929124,bartlett,,,,,,,,
ret_20d_ind_rel,5,2.0,window,soft,1754,4,20,contrast,,,-0.01446578403020495,0.01300589362083418,-1.1122483738473892,uniform,0.011673811349010977,-1.2391654788417077,bartlett,stress - calm,0.21528422202212513,primary,less,0.133015687146812,0.399047061440436,holm,False
ret_20d_ind_rel,5,2.0,filtered,soft,1754,4,20,calm,-0.008726374961371776,1080.1201289939459,-0.007612511729851071,0.00591631473977982,-1.2866982344036646,uniform,0.005389609896474178,-1.4124420646531561,bartlett,,,,,,,,
ret_20d_ind_rel,5,2.0,filtered,soft,1754,4,20,stress,-0.020190391566920627,847.6570237756422,-0.021648577351851654,0.010595325522686485,-2.0432196543181407,uniform,0.009619153294616191,-2.250569950264572,bartlett,,,,,,,,
ret_20d_ind_rel,5,2.0,filtered,soft,1754,4,20,contrast,,,-0.014036065622000583,0.01261954249791196,-1.112248373847388,uniform,0.011327030862028699,-1.2391654788417068,bartlett,stress - calm,0.2152842220221255,robustness,two-sided,0.26603137429362445,,,
ret_20d_ind_rel,5,2.0,window,hard,1754,4,20,calm,-0.009640603105576072,990.0,-0.009640603105576072,0.005670016890008639,-1.7002776698186137,uniform,0.005167219292821646,-1.8657236241103403,bartlett,,,,,,,,
ret_20d_ind_rel,5,2.0,window,hard,1754,4,20,stress,-0.01893962917242997,764.0,-0.01893962917242997,0.009857902676233737,-1.9212635582304158,uniform,0.00895214711682344,-2.11565213632799,bartlett,,,,,,,,
ret_20d_ind_rel,5,2.0,window,hard,1754,4,20,contrast,,,-0.009299026066853898,0.011239284943625779,-0.8273681211479317,uniform,0.01006408631856632,-0.923981151642049,bartlett,stress - calm,0.35549612926061425,robustness,two-sided,0.4080284436537047,,,
ret_20d_ind_rel,5,3.0,window,soft,1754,4,20,calm,-0.008864908717128722,846.3995792178621,-0.011240537927094488,0.007153285073547043,-1.5713812341496312,uniform,0.006739567016166187,-1.6678427412520465,bartlett,,,,,,,,
ret_20d_ind_rel,5,3.0,window,soft,1754,4,20,middle,-0.00631528780714571,957.1966441401297,0.0048522250127468,0.012907863376166869,0.37591233121555717,uniform,0.012032172519360338,0.40327089766535007,bartlett,,,,,,,,
ret_20d_ind_rel,5,3.0,window,soft,1754,4,20,stress,-0.02996453856128758,624.8511008801265,-0.04062180137554722,0.015327371153408514,-2.6502784442923666,uniform,0.013205077493446744,-3.0762258983869284,bartlett,,,,,,,,
ret_20d_ind_rel,5,3.0,window,soft,1754,4,20,contrast,,,-0.02938126344845273,0.016533648425497868,-1.7770586801120993,uniform,0.014525902493439154,-2.022680756787623,bartlett,stress - calm,0.043106072124428706,exploratory,two-sided,0.0755585856327797,0.3243710624647694,benjamini_hochberg,False
ret_20d_ind_rel,5,3.0,filtered,soft,1754,4,20,calm,-0.00895454491974773,808.7225764401037,-0.010830260908395388,0.006879541853490962,-1.5742706620644613,uniform,0.006476913393593588,-1.6721330439755087,bartlett,,,,,,,,
ret_20d_ind_rel,5,3.0,filtered,soft,1754,4,20,middle,-0.005480836965303652,876.1624311785573,0.0029251031331381855,0.011908870186227223,0.24562389944607077,uniform,0.011121868534599464,0.26300464926719513,bartlett,,,,,,,,
ret_20d_ind_rel,5,3.0,filtered,soft,1754,4,20,stress,-0.030979007893804724,585.1504560853398,-0.03895699701544168,0.014639942434910048,-2.6610075270887528,uniform,0.01262278362097087,-3.0862445388607034,bartlett,,,,,,,,
ret_20d_ind_rel,5,3.0,filtered,soft,1754,4,20,contrast,,,-0.028126736107046295,0.01592864559910035,-1.7657958381995071,uniform,0.014005090171058056,-2.008322385897311,bartlett,stress - calm,0.044609044557527976,robustness,two-sided,0.07743010699183518,,,
ret_20d_ind_rel,5,3.0,window,hard,1754,4,20,rest,-0.007134209448658967,1278.0,-0.007134209448658967,0.005586105793555126,-1.2771346824275935,uniform,0.005198399174019821,-1.372385846072344,bartlett,,,,,,,,
ret_20d_ind_rel,5,3.0,window,hard,1754,4,20,stress,-0.031295281695106404,476.0,-0.031295281695106404,0.012498779445725076,-2.5038670240565164,uniform,0.011113915960580097,-2.815864525708806,bartlett,,,,,,,,
ret_20d_ind_rel,5,3.0,window,hard,1754,4,20,contrast,,,-0.024161072246447438,0.013526327469555073,-1.7862255886402976,uniform,0.01208786289491519,-1.9987877473867521,bartlett,stress - rest,0.04563132405859669,robustness,two-sided,0.07406273951300077,,,
ret_20d_ind_rel,5,,none,stress_vol,1735,4,20,calm,-0.006795947721453142,865.0,-0.006795947721453143,0.00583873892585905,-1.1639410166730926,uniform,0.00538423806880524,-1.2621930224123914,bartlett,,,,,,,,
ret_20d_ind_rel,5,,none,stress_vol,1735,4,20,stress,-0.020073952158767373,870.0,-0.020073952158767373,0.008974876731349316,-2.2366827712127675,uniform,0.00835191985781218,-2.403513503543822,bartlett,,,,,,,,
ret_20d_ind_rel,5,,none,stress_vol,1735,4,20,contrast,,,-0.01327800443731423,0.010490410628593266,-1.265727806795564,uniform,0.009749100945167401,-1.361972197435918,bartlett,stress - calm,0.1732066594767288,robustness,two-sided,0.20561054937158355,,,
ind_mom_12_1,5,2.0,window,soft,1754,4,20,calm,0.00592499096866275,1104.8726726473947,0.005755753074040744,0.014345416311219777,0.4012259351120454,uniform,0.013644120590137832,0.42184859302702776,bartlett,,,,,,,,
ind_mom_12_1,5,2.0,window,soft,1754,4,20,stress,0.007225175164474453,874.2255978381054,0.007446669531091192,0.01932688093656621,0.385301154155826,uniform,0.016395427267857608,0.45419185541385704,bartlett,,,,,,,,
ind_mom_12_1,5,2.0,window,soft,1754,4,20,contrast,,,0.0016909164570504485,0.025407247582768522,0.06655252409935372,uniform,0.02238225854624734,0.07554717740198526,bartlett,stress - calm,0.9397793626164503,primary,less,0.526531028910916,0.526531028910916,holm,False
ind_mom_12_1,5,2.0,filtered,soft,1754,4,20,calm,0.00590781708474175,1080.1201289939459,0.005777616767555428,0.014132268626993669,0.40882443718340855,uniform,0.013447561152743953,0.429640490340995,bartlett,,,,,,,,
ind_mom_12_1,5,2.0,filtered,soft,1754,4,20,stress,0.007247854672870168,847.6570237756422,0.007418303114242482,0.018975427349664266,0.39094261106977046,uniform,0.016098461330709114,0.4608082078062622,bartlett,,,,,,,,
ind_mom_12_1,5,2.0,filtered,soft,1754,4,20,contrast,,,0.0016406863466870538,0.024652503701253065,0.06655252409935382,uniform,0.021717374534815346,0.07554717740198534,bartlett,stress - calm,0.9397793626164501,robustness,two-sided,0.9469379421781681,,,
ind_mom_12_1,5,2.0,window,hard,1754,4,20,calm,0.005312479080378637,990.0,0.005312479080378637,0.01350212436979258,0.3934550545441501,uniform,0.012751519978901806,0.41661535951545137,bartlett,,,,,,,,
ind_mom_12_1,5,2.0,window,hard,1754,4,20,stress,0.00801157461751122,764.0,0.00801157461751122,0.01761930486309967,0.4547043529674068,uniform,0.0150447780516522,0.532515307969691,bartlett,,,,,,,,
ind_mom_12_1,5,2.0,window,hard,1754,4,20,contrast,,,0.0026990955371325826,0.021923815955986407,0.12311248838027128,uniform,0.019282898596329607,0.13997353788119493,bartlett,stress - calm,0.8886808982391137,robustness,two-sided,0.9020180222148351,,,
ind_mom_12_1,5,3.0,window,soft,1754,4,20,calm,0.0019131135464166347,846.3995792178621,-0.0064822783548098475,0.01725052639963492,-0.3757727854001623,uniform,0.016221096170224776,-0.39962024062890583,bartlett,,,,,,,,
ind_mom_12_1,5,3.0,window,soft,1754,4,20,middle,0.021592186998507876,957.1966441401297,0.04227117671951974,0.02560619385124459,1.6508184295209165,uniform,0.022179566050449656,1.9058613060043508,bartlett,,,,,,,,
ind_mom_12_1,5,3.0,window,soft,1754,4,20,stress,-0.005959043507111908,624.8511008801265,-0.019922265239873733,0.02861196958005969,-0.6962912911020988,uniform,0.02371847408723327,-0.8399471722591595,bartlett,,,,,,,,
ind_mom_12_1,5,3.0,window,soft,1754,4,20,contrast,,,-0.013439986885063886,0.032614378246073786,-0.41208778483096886,uniform,0.028231164055139975,-0.47606917160105205,bartlett,stress - calm,0.6340250990732719,exploratory,two-sided,0.6802750815726093,0.8020157547159457,benjamini_hochberg,False
ind_mom_12_1,5,3.0,filtered,soft,1754,4,20,calm,0.0013013249320009057,808.7225764401037,-0.0052105251562117386,0.01664959156665754,-0.31295213070849937,uniform,0.015691523917931955,-0.33205985495502166,bartlett,,,,,,,,
ind_mom_12_1,5,3.0,filtered,soft,1754,4,20,middle,0.02311182517019188,876.1624311785573,0.03877649887415854,0.02361279820386559,1.6421814364978793,uniform,0.02049668477600848,1.891842475888916,bartlett,,,,,,,,
ind_mom_12_1,5,3.0,filtered,soft,1754,4,20,stress,-0.007153460829229951,585.1504560853398,-0.01765998063356814,0.027292211587256834,-0.6470703400897664,uniform,0.02263704472247794,-0.7801363141732137,bartlett,,,,,,,,
ind_mom_12_1,5,3.0,filtered,soft,1754,4,20,contrast,,,-0.012449455477356403,0.03145030153811489,-0.39584534546572786,uniform,0.02724402321971673,-0.45696097734737745,bartlett,stress - calm,0.6476990940093146,robustness,two-sided,0.6922191224977141,,,
ind_mom_12_1,5,3.0,window,hard,1754,4,20,rest,0.012198170494150857,1278.0,0.012198170494150857,0.012048787972566317,1.0123981368021966,uniform,0.011160957131350301,1.0929322951960008,bartlett,,,,,,,,
ind_mom_12_1,5,3.0,window,hard,1754,4,20,stress,-0.008842572676830548,476.0,-0.008842572676830548,0.023195667902782276,-0.3812165579319188,uniform,0.019874795111056116,-0.4449139036362457,bartlett,,,,,,,,
ind_mom_12_1,5,3.0,window,hard,1754,4,20,contrast,,,-0.021040743170981403,0.025871632850827574,-0.8132746507458403,uniform,0.022483490269809225,-0.9358308215711001,bartlett,stress - rest,0.3493602996367088,robustness,two-sided,0.4160606074074708,,,
ind_mom_12_1,5,,none,stress_vol,1735,4,20,calm,0.0022770079607599683,865.0,0.0022770079607599683,0.014018809447230348,0.16242520232057434,uniform,0.013320939791409312,0.17093448333340663,bartlett,,,,,,,,
ind_mom_12_1,5,,none,stress_vol,1735,4,20,stress,0.011298329546626443,870.0,0.011298329546626443,0.016468703475890512,0.686048513968736,uniform,0.014387167651661589,0.7853060324435427,bartlett,,,,,,,,
ind_mom_12_1,5,,none,stress_vol,1735,4,20,contrast,,,0.009021321585866476,0.021174902739695165,0.4260383953950736,uniform,0.019084502528395608,0.47270404729930776,bartlett,stress - calm,0.6364243386787496,robustness,two-sided,0.6700798685267404,,,
ret_5d,10,2.0,window,soft,1749,9,20,calm,-0.0067851996974390505,1120.073976111785,-0.0016184427436216888,0.009087492271998109,-0.17809563905861064,uniform,0.008589165150399293,-0.18842841129285431,bartlett,,,,,,,,
ret_5d,10,2.0,window,soft,1749,9,20,stress,-0.039154521358091554,895.844776796752,-0.04588334657321395,0.01205928235740954,-3.80481567752844,uniform,0.011126838770799369,-4.1236641887566075,bartlett,,,,,,,,
ret_5d,10,2.0,window,soft,1749,9,20,contrast,,,-0.04426490382959226,0.015952535889082263,-2.774787916940946,uniform,0.014803636604651463,-2.990137154250581,bartlett,stress - calm,0.0027885220733587218,exploratory,two-sided,0.005523771627040006,0.09114980164683978,benjamini_hochberg,True
ret_5d,10,2.0,filtered,soft,1749,9,20,calm,-0.005990867428244187,1075.1534469960363,-0.0026504899128148227,0.008846057196838184,-0.29962387240297045,uniform,0.00836360757975086,-0.3169074932726311,bartlett,,,,,,,,
ret_5d,10,2.0,filtered,soft,1749,9,20,stress,-0.04019314102751769,847.6079478794231,-0.04454434682052901,0.011664480476628146,-3.8188024670092684,uniform,0.010764034796125284,-4.13825741594254,bartlett,,,,,,,,
ret_5d,10,2.0,filtered,soft,1749,9,20,contrast,,,-0.04189385690771419,0.015098039259843592,-2.774787916940957,uniform,0.014010680696756832,-2.990137154250593,bartlett,stress - calm,0.0027885220733586138,robustness,two-sided,0.005523771627039825,,,
ret_5d,10,2.0,window,hard,1749,9,20,calm,-0.004563211081711929,985.0,-0.004563211081711929,0.0084167258727928,-0.5421598791119694,uniform,0.007945596775712672,-0.5743069036249497,bartlett,,,,,,,,
ret_5d,10,2.0,window,hard,1749,9,20,stress,-0.04183559347030526,764.0,-0.041835593470305264,0.010635671059926043,-3.933517051682508,uniform,0.009818859279564742,-4.260738674336086,bartlett,,,,,,,,
ret_5d,10,2.0,window,hard,1749,9,20,contrast,,,-0.03727238238859334,0.01306700708147993,-2.852403932758256,uniform,0.012130430580479037,-3.072634738009558,bartlett,stress - calm,0.0021217802244333124,robustness,two-sided,0.004338992538849202,,,
ret_5d,10,3.0,window,soft,1749,9,20,calm,-0.006396870281054344,871.7946608073439,-0.00391134805705773,0.011063734991479779,-0.3535287188340893,uniform,0.010688277503003768,-0.3659474649641637,bartlett,,,,,,,,
ret_5d,10,3.0,window,soft,1749,9,20,middle,-0.017979296471735507,1020.8057081943003,-0.00972036622263054,0.017861479671253004,-0.5442083411641923,uniform,0.017251685419336468,-0.5634444395638883,bartlett,,,,,,,,
ret_5d,10,3.0,window,soft,1749,9,20,stress,-0.045140062059857905,657.0340248513082,-0.05905370683243796,0.01730321118769885,-3.4128755750505007,uniform,0.016392858334941255,-3.6024045121262,bartlett,,,,,,,,
ret_5d,10,3.0,window,soft,1749,9,20,contrast,,,-0.055142358775380235,0.019958303233986837,-2.7628780928370076,uniform,0.018937593451293793,-2.9117933552223856,bartlett,stress - calm,0.003593602878396139,exploratory,two-sided,0.005729416103515643,0.09114980164683978,benjamini_hochberg,True
ret_5d,10,3.0,filtered,soft,1749,9,20,calm,-0.005777892211668725,803.8550100607764,-0.004258748185625197,0.010342594627526007,-0.41176787247281954,uniform,0.0099854959319514,-0.42649340750299,bartlett,,,,,,,,
ret_5d,10,3.0,filtered,soft,1749,9,20,middle,-0.01705907552409105,875.8788487341076,-0.012046491565031528,0.015467924988356491,-0.7788046279057822,uniform,0.014910151586580746,-0.8079389062599113,bartlett,,,,,,,,
ret_5d,10,3.0,filtered,soft,1749,9,20,stress,-0.047282331884304994,585.1486073914172,-0.0558360336988177,0.01586083760121689,-3.5203710612694117,uniform,0.014985108359947165,-3.726101430674911,bartlett,,,,,,,,
ret_5d,10,3.0,filtered,soft,1749,9,20,contrast,,,-0.0515772855131925,0.01869521010355056,-2.758850273814095,uniform,0.017734757892963495,-2.9082599167399117,bartlett,stress - calm,0.0036344612514726984,robustness,two-sided,0.005800510457742531,,,
ret_5d,10,3.0,window,hard,1749,9,20,rest,-0.0119322203351967,1273.0,-0.011932220335196702,0.007739271597242315,-1.5417756290460762,uniform,0.007371104020556839,-1.6187833331234553,bartlett,,,,,,,,
ret_5d,10,3.0,window,hard,1749,9,20,stress,-0.04467949546238248,476.0,-0.04467949546238248,0.013547464786956728,-3.2979967960794516,uniform,0.01282745600409898,-3.483114301706064,bartlett,,,,,,,,
ret_5d,10,3.0,window,hard,1749,9,20,contrast,,,-0.032747275127185775,0.015244334209500528,-2.148160403540426,uniform,0.01466591661873362,-2.2328829474835414,bartlett,stress - rest,0.025556664393916392,robustness,two-sided,0.031701015072657726,,,
ret_5d,10,,none,stress_vol,1730,9,20,calm,-0.004580936246324973,860.0,-0.004580936246324973,0.008919564186570061,-0.5135829677892066,uniform,0.008537057134780385,-0.5365943057429025,bartlett,,,,,,,,
ret_5d,10,,none,stress_vol,1730,9,20,stress,-0.03749772862276761,870.0,-0.03749772862276761,0.010088167207932718,-3.7170011013776305,uniform,0.009377683023733877,-3.9986133598102014,bartlett,,,,,,,,
ret_5d,10,,none,stress_vol,1730,9,20,contrast,,,-0.032916792376442634,0.013019645729139707,-2.5282402502527743,uniform,0.012330317128839623,-2.6695819768862954,bartlett,stress - calm,0.007594573171364053,robustness,two-sided,0.01146358770439354,,,
ret_20d,10,2.0,window,soft,1749,9,20,calm,-0.0015543824756735576,1120.073976111785,0.00383116267417524,0.011767870530105654,0.32556125293646,uniform,0.011002331042452079,0.34821372483638635,bartlett,,,,,,,,
ret_20d,10,2.0,window,soft,1749,9,20,stress,-0.035294394795127616,895.844776796752,-0.04230815455301764,0.019300155380334607,-2.1921147119948285,uniform,0.01714779859231112,-2.4672644902645486,bartlett,,,,,,,,
ret_20d,10,2.0,window,soft,1749,9,20,contrast,,,-0.04613931722719288,0.023821969001848693,-1.9368389415506444,uniform,0.021485342481354596,-2.147478787793748,bartlett,stress - calm,0.031755184153814064,exploratory,two-sided,0.052765034086700975,0.3171162786584836,benjamini_hochberg,False
ret_20d,10,2.0,filtered,soft,1749,9,20,calm,-0.0007264139186137613,1075.1534469960363,0.0027554130935109624,0.011446233340033174,0.2407266226064003,uniform,0.010703872196646941,0.25742208454003346,bartlett,,,,,,,,
ret_20d,10,2.0,filtered,soft,1749,9,20,stress,-0.036376995190929504,847.6079478794231,-0.040912454370450727,0.018675389175461212,-2.1907149557133843,uniform,0.0165913372123193,-2.4658925225190806,bartlett,,,,,,,,
ret_20d,10,2.0,filtered,soft,1749,9,20,contrast,,,-0.04366786746396169,0.022545946659354603,-1.9368389415506457,uniform,0.020334481398451742,-2.1474787877937493,bartlett,stress - calm,0.03175518415381396,robustness,two-sided,0.05276503408670083,,,
ret_20d,10,2.0,window,hard,1749,9,20,calm,-0.0006870292731275942,985.0,-0.0006870292731275944,0.010870273886074085,-0.06320257247683041,uniform,0.01013428124435505,-0.06779259984621802,bartlett,,,,,,,,
ret_20d,10,2.0,window,hard,1749,9,20,stress,-0.03622120281017403,764.0,-0.03622120281017404,0.017124815025895558,-2.115129579817451,uniform,0.01520628898482025,-2.38198832380024,bartlett,,,,,,,,
ret_20d,10,2.0,window,hard,1749,9,20,contrast,,,-0.035534173537046444,0.01950165030747253,-1.8221111022296748,uniform,0.017553280497904365,-2.024360833366092,bartlett,stress - calm,0.042933038582265014,robustness,two-sided,0.06843812949005393,,,
ret_20d,10,3.0,window,soft,1749,9,20,calm,0.0033943442521478157,871.7946608073439,0.005123981804564649,0.015463379733554286,0.3313623472264619,uniform,0.014564418809806563,0.3518150549965339,bartlett,,,,,,,,
ret_20d,10,3.0,window,soft,1749,9,20,middle,-0.009713501938099977,1020.8057081943003,0.006300863426127571,0.024392941554758404,0.2583068307683639,uniform,0.022238576483406037,0.283330339548898,bartlett,,,,,,,,
ret_20d,10,3.0,window,soft,1749,9,20,stress,-0.05244325853596854,657.0340248513082,-0.07499439799389876,0.027321468317174524,-2.7448890053524906,uniform,0.024823885133022073,-3.0210580492147523,bartlett,,,,,,,,
ret_20d,10,3.0,window,soft,1749,9,20,contrast,,,-0.08011837979846341,0.030444700518887226,-2.6316034788635783,uniform,0.027788691554126655,-2.8831289030794878,bartlett,stress - calm,0.003937462789578501,exploratory,two-sided,0.008498298304588502,0.12393351694191564,benjamini_hochberg,False
ret_20d,10,3.0,filtered,soft,1749,9,20,calm,0.004077591179999528,803.8550100607764,0.0050583668887801084,0.014412055875121784,0.35098163180951203,uniform,0.013581450595478647,0.3724467319024134,bartlett,,,,,,,,
ret_20d,10,3.0,filtered,soft,1749,9,20,middle,-0.00795230362112844,875.8788487341076,0.0018657257231617912,0.021044834774907824,0.08865480499691702,uniform,0.01914838062551787,0.09743517008824512,bartlett,,,,,,,,
ret_20d,10,3.0,filtered,soft,1749,9,20,stress,-0.05582406505649497,585.1486073914172,-0.0697150303074227,0.02512104228115941,-2.775164721557291,uniform,0.022792270325628913,-3.0587137354645706,bartlett,,,,,,,,
ret_20d,10,3.0,filtered,soft,1749,9,20,contrast,,,-0.07477339719620281,0.02849928043161565,-2.6236942148635096,uniform,0.026014142674427178,-2.8743363997041387,bartlett,stress - calm,0.004048774673826762,robustness,two-sided,0.008698183827254255,,,
ret_20d,10,3.0,window,hard,1749,9,20,rest,-0.0017350725138652445,1273.0,-0.0017350725138652447,0.010454668995764773,-0.1659614966832646,uniform,0.009585588451079183,-0.18100845062567894,bartlett,,,,,,,,
ret_20d,10,3.0,window,hard,1749,9,20,stress,-0.054918015695069745,476.0,-0.054918015695069745,0.02225564548831353,-2.4675993209860962,uniform,0.02015369868422426,-2.724959649121776,bartlett,,,,,,,,
ret_20d,10,3.0,window,hard,1749,9,20,contrast,,,-0.0531829431812045,0.024345297165889512,-2.184526350975077,uniform,0.02221962159098645,-2.393512552111983,bartlett,stress - rest,0.01668791031291923,robustness,two-sided,0.028923593138038304,,,
ret_20d,10,,none,stress_vol,1730,9,20,calm,0.003496034434781345,860.0,0.003496034434781345,0.011461003235874168,0.30503738310084255,uniform,0.010863054908401807,0.3218279263301347,bartlett,,,,,,,,
ret_20d,10,,none,stress_vol,1730,9,20,stress,-0.035380739324888645,870.0,-0.035380739324888645,0.015881469002583627,-2.22780016880887,uniform,0.014185319068793289,-2.494180014795987,bartlett,,,,,,,,
ret_20d,10,,none,stress_vol,1730,9,20,contrast,,,-0.03887677375966999,0.019018449419828116,-2.0441610617918267,uniform,0.017475515883898764,-2.224642409297312,bartlett,stress - calm,0.026105253252282547,robustness,two-sided,0.040937638480500416,,,
mom_12_1,10,2.0,window,soft,1749,9,20,calm,0.02541936146788676,1120.073976111785,0.030627997675822888,0.016629377989511564,1.841800558934946,uniform,0.015774320573635033,1.9416365689317912,bartlett,,,,,,,,
mom_12_1,10,2.0,window,soft,1749,9,20,stress,-0.0072123303912471045,895.844776796752,-0.013995696236715281,0.03281776388175622,-0.42646708920029897,uniform,0.03026103468352462,-0.4624989324748742,bartlett,,,,,,,,
mom_12_1,10,2.0,window,soft,1749,9,20,contrast,,,-0.04462369391253817,0.03934104706932296,-1.1342782471932342,uniform,0.03638693813499084,-1.2263657290149017,bartlett,stress - calm,0.22006107665775543,exploratory,two-sided,0.2566778507808411,0.5223819820288157,benjamini_hochberg,False
mom_12_1,10,2.0,filtered,soft,1749,9,20,calm,0.02622013221352894,1075.1534469960363,0.029587585227200574,0.016123128354133705,1.8351020085760716,uniform,0.015304518323224044,1.9332581792072803,bartlett,,,,,,,,
mom_12_1,10,2.0,filtered,soft,1749,9,20,stress,-0.008259368613637231,847.6079478794231,-0.012645843194160183,0.03173940623536215,-0.39842721380436347,uniform,0.0292697338802173,-0.4320450348442423,bartlett,,,,,,,,
mom_12_1,10,2.0,filtered,soft,1749,9,20,contrast,,,-0.042233428421360755,0.03723374623983771,-1.1342782471932331,uniform,0.03443787397360285,-1.2263657290149013,bartlett,stress - calm,0.22006107665775565,robustness,two-sided,0.25667785078084154,,,
mom_12_1,10,2.0,window,hard,1749,9,20,calm,0.029411215317000562,985.0,0.029411215317000562,0.015249042855785964,1.9287253367407926,uniform,0.014396333448678874,2.0429656913580017,bartlett,,,,,,,,
mom_12_1,10,2.0,window,hard,1749,9,20,stress,-0.012173742674596049,764.0,-0.012173742674596049,0.02905138545923676,-0.4190417249352031,uniform,0.026820508073872287,-0.4538967957305527,bartlett,,,,,,,,
mom_12_1,10,2.0,window,hard,1749,9,20,contrast,,,-0.04158495799159661,0.03226993160717607,-1.2886596258651226,uniform,0.02978019037658732,-1.3963966470909468,bartlett,stress - calm,0.16259508422175087,robustness,two-sided,0.19751644445889974,,,
mom_12_1,10,3.0,window,soft,1749,9,20,calm,0.02124375465852962,871.7946608073439,0.016746522672566592,0.021150982667040213,0.7917609756573091,uniform,0.02031127672503516,0.8244938464121883,bartlett,,,,,,,,
mom_12_1,10,3.0,window,soft,1749,9,20,middle,0.02309782873608933,1020.8057081943003,0.04700897075364831,0.03260768048466164,1.4416533177133193,uniform,0.030343869007751337,1.5492082022117837,bartlett,,,,,,,,
mom_12_1,10,3.0,window,soft,1749,9,20,stress,-0.017936222585116013,657.0340248513082,-0.041461873874283656,0.049119616210218944,-0.8441001187150531,uniform,0.0447439274706609,-0.9266480664101441,bartlett,,,,,,,,
mom_12_1,10,3.0,window,soft,1749,9,20,contrast,,,-0.05820839654685025,0.0525753058143027,-1.1071432803918206,uniform,0.048349869070183536,-1.203899776075015,bartlett,stress - calm,0.22862831836150466,exploratory,two-sided,0.2682319857190978,0.5223819820288157,benjamini_hochberg,False
mom_12_1,10,3.0,filtered,soft,1749,9,20,calm,0.021079385243142703,803.8550100607764,0.01804166256056567,0.019750877811667313,0.9134613019532748,uniform,0.01898357731547287,0.9503826523708216,bartlett,,,,,,,,
mom_12_1,10,3.0,filtered,soft,1749,9,20,middle,0.02567445610623425,875.8788487341076,0.040559382367660844,0.028078193977149703,1.4445153559615853,uniform,0.026178676275904752,1.5493290012143321,bartlett,,,,,,,,
mom_12_1,10,3.0,filtered,soft,1749,9,20,stress,-0.021212665900001964,585.1486073914172,-0.03577842412125478,0.04541220724362022,-0.7878591747218178,uniform,0.041391962295944905,-0.864380960376936,bartlett,,,,,,,,
mom_12_1,10,3.0,filtered,soft,1749,9,20,contrast,,,-0.05382008668182045,0.04914319891566739,-1.0951685659327728,uniform,0.04521762611030842,-1.1902457362650203,bartlett,stress - calm,0.23394982174093867,robustness,two-sided,0.27344279424960005,,,
mom_12_1,10,3.0,window,hard,1749,9,20,rest,0.02453153936429228,1273.0,0.024531539364292282,0.014073084544320158,1.7431529873238143,uniform,0.013353958052036775,1.8370238448181044,bartlett,,,,,,,,
mom_12_1,10,3.0,window,hard,1749,9,20,stress,-0.024284331779180504,476.0,-0.0242843317791805,0.04013968242366013,-0.6049956131408311,uniform,0.03690417008155641,-0.6580376072815977,bartlett,,,,,,,,
mom_12_1,10,3.0,window,hard,1749,9,20,contrast,,,-0.048815871143472786,0.041468642926057384,-1.1771755162211655,uniform,0.03821852399986114,-1.2772830040126653,bartlett,stress - rest,0.20150235177349543,robustness,two-sided,0.23912545884132924,,,
mom_12_1,10,,none,stress_vol,1730,9,20,calm,0.02710945484035355,860.0,0.02710945484035355,0.016130890432988813,1.6805925843320337,uniform,0.01543875781902666,1.755934975995541,bartlett,,,,,,,,
mom_12_1,10,,none,stress_vol,1730,9,20,stress,-0.006884273821950315,870.0,-0.006884273821950315,0.02639483092505253,-0.2608190157193293,uniform,0.024308269072777184,-0.2832070766264476,bartlett,,,,,,,,
mom_12_1,10,,none,stress_vol,1730,9,20,contrast,,,-0.033993728662303865,0.030433427804568536,-1.1169865215511765,uniform,0.02826836735401593,-1.2025359737471562,bartlett,stress - calm,0.229155937113235,robustness,two-sided,0.26400008822000776,,,
prc_highprc_252d,10,2.0,window,soft,1749,9,20,calm,0.0204259026845609,1120.073976111785,0.02859339094247873,0.01738271677288411,1.6449322229700325,uniform,0.0165748633372394,1.7251056832690037,bartlett,,,,,,,,
prc_highprc_252d,10,2.0,window,soft,1749,9,20,stress,-0.030742762097477016,895.844776796752,-0.04137953124015731,0.034718625599269595,-1.191853955216126,uniform,0.03198984296723357,-1.2935209242052663,bartlett,,,,,,,,
prc_highprc_252d,10,2.0,window,soft,1749,9,20,contrast,,,-0.06997292218263604,0.041367488310393025,-1.6914955449460123,uniform,0.038313056991035946,-1.8263466211794979,bartlett,stress - calm,0.06779806684444678,exploratory,two-sided,0.09074219794657819,0.3551917978509481,benjamini_hochberg,False
prc_highprc_252d,10,2.0,filtered,soft,1749,9,20,calm,0.021681564512574882,1075.1534469960363,0.02696195497377605,0.016859695177812276,1.5991958745054042,uniform,0.016085837486099326,1.6761300116997568,bartlett,,,,,,,,
prc_highprc_252d,10,2.0,filtered,soft,1749,9,20,stress,-0.03238458772045533,847.6079478794231,-0.03926287182397732,0.03358364531827327,-1.16910691057751,uniform,0.030945829447808253,-1.268761333096474,bartlett,,,,,,,,
prc_highprc_252d,10,2.0,filtered,soft,1749,9,20,contrast,,,-0.06622482679775338,0.039151641277226784,-1.691495544946009,uniform,0.03626082038851088,-1.8263466211794945,bartlett,stress - calm,0.0677980668444473,robustness,two-sided,0.09074219794657884,,,
prc_highprc_252d,10,2.0,window,hard,1749,9,20,calm,0.024438508361525703,985.0,0.024438508361525706,0.016026069944637206,1.524922107912274,uniform,0.015251168333446944,1.6024023751629732,bartlett,,,,,,,,
prc_highprc_252d,10,2.0,window,hard,1749,9,20,stress,-0.03562574967770226,764.0,-0.03562574967770226,0.030747603367560068,-1.1586512695584212,uniform,0.028318320530762817,-1.2580459931937427,bartlett,,,,,,,,
prc_highprc_252d,10,2.0,window,hard,1749,9,20,contrast,,,-0.060064258039227963,0.03398592298357951,-1.767327551123103,uniform,0.0314285494145715,-1.9111368217134397,bartlett,stress - calm,0.055987000293485745,robustness,two-sided,0.07717338835414163,,,
prc_highprc_252d,10,3.0,window,soft,1749,9,20,calm,0.020055584421528466,871.7946608073439,0.020186396086119496,0.021406875209869045,0.9429865820310439,uniform,0.020448244240870266,0.9871945898304848,bartlett,,,,,,,,
prc_highprc_252d,10,3.0,window,soft,1749,9,20,middle,0.008295836421082151,1020.8057081943003,0.03140962657652722,0.0367150815673312,0.8554965762210172,uniform,0.035021559770936905,0.8968654389457805,bartlett,,,,,,,,
prc_highprc_252d,10,3.0,window,soft,1749,9,20,stress,-0.04576977354073679,657.0340248513082,-0.07492819186542964,0.05136300895660029,-1.4587967758808873,uniform,0.047270862704142755,-1.5850819633732436,bartlett,,,,,,,,
prc_highprc_252d,10,3.0,window,soft,1749,9,20,contrast,,,-0.09511458795154913,0.05463591510221988,-1.7408802940995234,uniform,0.05053714387135555,-1.8820728807640448,bartlett,stress - calm,0.05982612090210849,exploratory,two-sided,0.08170456357172556,0.33722565725994486,benjamini_hochberg,False
prc_highprc_252d,10,3.0,filtered,soft,1749,9,20,calm,0.02064593209681326,803.8550100607764,0.020557180793180384,0.019931654543755357,1.0313835586529874,uniform,0.01903946072952922,1.0797144459715322,bartlett,,,,,,,,
prc_highprc_252d,10,3.0,filtered,soft,1749,9,20,middle,0.01082008360115261,875.8788487341076,0.02506597353482893,0.031681768203415235,0.7911797527805555,uniform,0.030232498676612544,0.8291069091890718,bartlett,,,,,,,,
prc_highprc_252d,10,3.0,filtered,soft,1749,9,20,stress,-0.050057438205515885,585.1486073914172,-0.06804322875159534,0.04745098153046788,-1.4339688359850964,uniform,0.04364850997398524,-1.5588900696071752,bartlett,,,,,,,,
prc_highprc_252d,10,3.0,filtered,soft,1749,9,20,contrast,,,-0.08860040954477572,0.05105479290475813,-1.735398471012473,uniform,0.0472330227031232,-1.8758149378171636,bartlett,stress - calm,0.060680696079222114,robustness,two-sided,0.08267025072719852,,,
prc_highprc_252d,10,3.0,window,hard,1749,9,20,rest,0.017564309966179033,1273.0,0.017564309966179033,0.015199715141365061,1.1555683644609152,uniform,0.014471892634443631,1.2136843749362358,bartlett,,,,,,,,
prc_highprc_252d,10,3.0,window,hard,1749,9,20,stress,-0.05358300127018399,476.0,-0.05358300127018399,0.04173138024888667,-1.283997820120352,uniform,0.03866403806407482,-1.3858614866193015,bartlett,,,,,,,,
prc_highprc_252d,10,3.0,window,hard,1749,9,20,contrast,,,-0.07114731123636303,0.04328829675396793,-1.6435691993319528,uniform,0.04040614578935869,-1.7608042006100046,bartlett,stress - rest,0.07827154863871912,robustness,two-sided,0.10026522052366715,,,
prc_highprc_252d,10,,none,stress_vol,1730,9,20,calm,0.022141579621280515,860.0,0.022141579621280515,0.016283572948588794,1.3597494659917007,uniform,0.015606533935198019,1.4187378000277022,bartlett,,,,,,,,
prc_highprc_252d,10,,none,stress_vol,1730,9,20,stress,-0.02753593850437474,870.0,-0.02753593850437474,0.02816394617406797,-0.9777017160233223,uniform,0.025925459954992524,-1.0621195748186556,bartlett,,,,,,,,
prc_highprc_252d,10,,none,stress_vol,1730,9,20,contrast,,,-0.049677518125655254,0.0317228414921009,-1.5659857625939697,uniform,0.0294224587221634,-1.6884217119568627,bartlett,stress - calm,0.09133030552494072,robustness,two-sided,0.11735195029434227,,,
ivol_capm_21d,10,2.0,window,soft,1749,9,20,calm,-0.015154153776237387,1120.073976111785,-0.0171852501438027,0.019697647191411267,-0.8724519216333593,uniform,0.01860584353280907,-0.9236479987321546,bartlett,,,,,,,,
ivol_capm_21d,10,2.0,window,soft,1749,9,20,stress,-0.0024294964654402755,895.844776796752,0.00021566230137944975,0.027822303420492512,0.0077514179225219625,uniform,0.025931310793339674,0.00831667566279918,bartlett,,,,,,,,
ivol_capm_21d,10,2.0,window,soft,1749,9,20,contrast,,,0.017400912445182153,0.036143439670177926,0.481440410873227,uniform,0.033818880509551244,0.5145324795794979,bartlett,stress - calm,0.6068797582987802,exploratory,two-sided,0.630203521538605,0.7783879397710078,benjamini_hochberg,False
ivol_capm_21d,10,2.0,filtered,soft,1749,9,20,calm,-0.01546641258791021,1075.1534469960363,-0.016779543570948373,0.019163800031398455,-0.8755854028666727,uniform,0.01810358607175564,-0.926862970929667,bartlett,,,,,,,,
ivol_capm_21d,10,2.0,filtered,soft,1749,9,20,stress,-0.0020212061865072786,847.6079478794231,-0.0003107099584652756,0.026908742082812652,-0.011546803544701353,uniform,0.025080136050778287,-0.012388687120205381,bartlett,,,,,,,,
ivol_capm_21d,10,2.0,filtered,soft,1749,9,20,contrast,,,0.016468833612483098,0.03420741848947051,0.4814404108732268,uniform,0.03200737420102668,0.5145324795794975,bartlett,stress - calm,0.6068797582987804,robustness,two-sided,0.6302035215386053,,,
ivol_capm_21d,10,2.0,window,hard,1749,9,20,calm,-0.01628776972050306,985.0,-0.01628776972050306,0.018336387310435773,-0.8882758334425678,uniform,0.017236876528101644,-0.9449374249417385,bartlett,,,,,,,,
ivol_capm_21d,10,2.0,window,hard,1749,9,20,stress,-0.0010401629140771235,764.0,-0.0010401629140771235,0.024672777066318534,-0.04215832337321597,uniform,0.023054469097540987,-0.04511762598723509,bartlett,,,,,,,,
ivol_capm_21d,10,2.0,window,hard,1749,9,20,contrast,,,0.015247606806425937,0.02995292085418287,0.5090524186490692,uniform,0.0280008620366209,0.5445406211596047,bartlett,stress - calm,0.5860695031745058,robustness,two-sided,0.6107154822352374,,,
ivol_capm_21d,10,3.0,window,soft,1749,9,20,calm,-0.012393574637297297,871.7946608073439,-0.005145858830950409,0.025021085795945048,-0.20566089229366513,uniform,0.023944163521858554,-0.21491077883145804,bartlett,,,,,,,,
ivol_capm_21d,10,3.0,window,soft,1749,9,20,middle,-0.022436201155254125,1020.8057081943003,-0.046622399770779054,0.03608298084583304,-1.2920883662571112,uniform,0.03389350172185881,-1.375555708388521,bartlett,,,,,,,,
ivol_capm_21d,10,3.0,window,soft,1749,9,20,stress,0.010391655646425734,657.0340248513082,0.0303205106434925,0.04102339776294862,0.7391028607307921,uniform,0.03755731387236133,0.8073130774617393,bartlett,,,,,,,,
ivol_capm_21d,10,3.0,window,soft,1749,9,20,contrast,,,0.03546636947444291,0.04682667870686719,0.7573966476772935,uniform,0.0434298368767208,0.8166360277870062,bartlett,stress - calm,0.4141364597190327,exploratory,two-sided,0.4488122639231473,0.6437880834963179,benjamini_hochberg,False
ivol_capm_21d,10,3.0,filtered,soft,1749,9,20,calm,-0.011775781054082342,803.8550100607764,-0.006986939730904938,0.023413108501281112,-0.29841999538517616,uniform,0.022398720234748044,-0.31193477384774043,bartlett,,,,,,,,
ivol_capm_21d,10,3.0,filtered,soft,1749,9,20,middle,-0.025022254305910208,875.8788487341076,-0.04016439143105925,0.031154462042170362,-1.289201892707797,uniform,0.029284431276135406,-1.3715271111920206,bartlett,,,,,,,,
ivol_capm_21d,10,3.0,filtered,soft,1749,9,20,stress,0.013030522595373243,585.1486073914172,0.02541000233524521,0.037749393797820954,0.6731234538847609,uniform,0.03457405507619717,0.7349442314256901,bartlett,,,,,,,,
ivol_capm_21d,10,3.0,filtered,soft,1749,9,20,contrast,,,0.03239694206615015,0.04386687205374836,0.7385286561224481,uniform,0.04071229936088347,0.7957531894471491,bartlett,stress - calm,0.42617550453843944,robustness,two-sided,0.46019326014090245,,,
ivol_capm_21d,10,3.0,window,hard,1749,9,20,rest,-0.020412722481150527,1273.0,-0.020412722481150527,0.01630326086725881,-1.2520637832732338,uniform,0.015448551844566496,-1.3213356621727628,bartlett,,,,,,,,
ivol_capm_21d,10,3.0,window,hard,1749,9,20,stress,0.019216928734147567,476.0,0.019216928734147563,0.032352480876614284,0.5939862481469963,uniform,0.029916880067333305,0.6423440108359033,bartlett,,,,,,,,
ivol_capm_21d,10,3.0,window,hard,1749,9,20,contrast,,,0.03962965121529809,0.035271241631538885,1.1235683628404505,uniform,0.03278375167217075,1.2088198938176633,bartlett,stress - rest,0.2267320469510532,robustness,two-sided,0.26119618382876997,,,
ivol_capm_21d,10,,none,stress_vol,1730,9,20,calm,-0.015296245632179394,860.0,-0.015296245632179394,0.018957768883807558,-0.8068589571869088,uniform,0.018056215845475284,-0.8471457011305327,bartlett,,,,,,,,
ivol_capm_21d,10,,none,stress_vol,1730,9,20,stress,-0.005750075469164655,870.0,-0.0057500754691646545,0.023101716459947665,-0.2489025211236482,uniform,0.02146745077431353,-0.2678508747785181,bartlett,,,,,,,,
ivol_capm_21d,10,,none,stress_vol,1730,9,20,contrast,,,0.00954617016301474,0.028870123725085437,0.3306591358567685,uniform,0.02712794478370794,0.3518943377069915,bartlett,stress - calm,0.7249175058122859,robustness,two-sided,0.7409019723715704,,,
vol_shock,10,2.0,window,soft,1749,9,20,calm,-0.00889766888826061,1120.073976111785,-0.009940725301390337,0.004415491781821627,-2.2513291367262505,uniform,0.004372170461935681,-2.2736362609680367,bartlett,,,,,,,,
vol_shock,10,2.0,window,soft,1749,9,20,stress,-0.002363003362362948,895.844776796752,-0.0010045991726174198,0.009135643916325471,-0.10996479085860525,uniform,0.008619900288181234,-0.11654417557414536,bartlett,,,,,,,,
vol_shock,10,2.0,window,soft,1749,9,20,contrast,,,0.008936126128772917,0.010659440885629463,0.8383297233553934,uniform,0.010241431003586354,0.8725466319739552,bartlett,stress - calm,0.38291024027339926,exploratory,two-sided,0.4018455468040898,0.5909493335354262,benjamini_hochberg,False
vol_shock,10,2.0,filtered,soft,1749,9,20,calm,-0.009058027382949882,1075.1534469960363,-0.009732377312874243,0.00428957951436676,-2.26884180145824,uniform,0.004244304534251365,-2.2930440627750324,bartlett,,,,,,,,
vol_shock,10,2.0,filtered,soft,1749,9,20,stress,-0.002153328528287965,847.6079478794231,-0.001274914244857349,0.008842624333356674,-0.14417826617919768,uniform,0.008340052539045406,-0.15286645244602673,bartlett,,,,,,,,
vol_shock,10,2.0,filtered,soft,1749,9,20,contrast,,,0.008457463068016893,0.010088468573160134,0.8383297233553911,uniform,0.009692849365407171,0.8725466319739528,bartlett,stress - calm,0.3829102402734006,robustness,two-sided,0.4018455468040909,,,
vol_shock,10,2.0,window,hard,1749,9,20,calm,-0.008097667858808149,985.0,-0.008097667858808149,0.004056238608828658,-1.9963489921877542,uniform,0.003987106978357068,-2.0309632780770994,bartlett,,,,,,,,
vol_shock,10,2.0,window,hard,1749,9,20,stress,-0.0034314961938610223,764.0,-0.0034314961938610223,0.008259232022979256,-0.41547400343200663,uniform,0.007808516370697363,-0.43945559322104133,bartlett,,,,,,,,
vol_shock,10,2.0,window,hard,1749,9,20,contrast,,,0.004666171664947127,0.008932900187165074,0.5223579763772076,uniform,0.008603184771317246,0.5423772462151458,bartlett,stress - calm,0.587558651227966,robustness,two-sided,0.6014211095494597,,,
vol_shock,10,3.0,window,soft,1749,9,20,calm,-0.009849562189384986,871.7946608073439,-0.008063532438923554,0.0058631047409514565,-1.3753007655829486,uniform,0.0060904781694590855,-1.3239572024670276,bartlett,,,,,,,,
vol_shock,10,3.0,window,soft,1749,9,20,middle,-0.010681203540500324,1020.8057081943003,-0.01998340188261124,0.01162841061855977,-1.7184981282580707,uniform,0.010401661016291853,-1.9211741135681843,bartlett,,,,,,,,
vol_shock,10,3.0,window,soft,1749,9,20,stress,0.005165102343342049,657.0340248513082,0.014265079821948547,0.013759248115804642,1.0367630339889633,uniform,0.013009174275375533,1.0965399893942738,bartlett,,,,,,,,
vol_shock,10,3.0,window,soft,1749,9,20,contrast,,,0.0223286122608721,0.01436422768825536,1.5544596441567595,uniform,0.013821604480103125,1.615486269558301,bartlett,stress - calm,0.10620543138684946,exploratory,two-sided,0.12007481567156297,0.36229470245730205,benjamini_hochberg,False
vol_shock,10,3.0,filtered,soft,1749,9,20,calm,-0.009779516571380481,803.8550100607764,-0.008574558154310928,0.005391323797114795,-1.5904365007532404,uniform,0.0056352585793743295,-1.5215908965907545,bartlett,,,,,,,,
vol_shock,10,3.0,filtered,soft,1749,9,20,middle,-0.011683320815763861,875.8788487341076,-0.017475194537105082,0.009989286609508877,-1.7493936474372767,uniform,0.008915180384540736,-1.9601616325574005,bartlett,,,,,,,,
vol_shock,10,3.0,filtered,soft,1749,9,20,stress,0.006430619978940611,585.1486073914172,0.012065362779202858,0.01263254173616913,0.9551017547527794,uniform,0.011956535155330935,1.0091019365107123,bartlett,,,,,,,,
vol_shock,10,3.0,filtered,soft,1749,9,20,contrast,,,0.020639920933513786,0.013410249638965565,1.539115340071022,uniform,0.012915032775583,1.5981315179110782,bartlett,stress - calm,0.11001371056046771,robustness,two-sided,0.12377614070035525,,,
vol_shock,10,3.0,window,hard,1749,9,20,rest,-0.011371575696113892,1273.0,-0.011371575696113892,0.004281112145916319,-2.6562199981051764,uniform,0.004059594519900378,-2.8011604706750246,bartlett,,,,,,,,
vol_shock,10,3.0,window,hard,1749,9,20,stress,0.008147373798565396,476.0,0.008147373798565396,0.010667351830030203,0.7637672337411157,uniform,0.010160622638368463,0.8018577294465544,bartlett,,,,,,,,
vol_shock,10,3.0,window,hard,1749,9,20,contrast,,,0.019518949494679288,0.011305917304143862,1.726436605681272,uniform,0.010787910306546173,1.8093355376559874,bartlett,stress - rest,0.07039889116738451,robustness,two-sided,0.08426889502216639,,,
vol_shock,10,,none,stress_vol,1730,9,20,calm,-0.009012827085605347,860.0,-0.009012827085605347,0.004057770709607809,-2.2211277399842175,uniform,0.004170730432095386,-2.1609708976269846,bartlett,,,,,,,,
vol_shock,10,,none,stress_vol,1730,9,20,stress,-0.004021509698876717,870.0,-0.004021509698876717,0.00756022700285965,-0.5319297551985653,uniform,0.007132707546788943,-0.5638125035263994,bartlett,,,,,,,,
vol_shock,10,,none,stress_vol,1730,9,20,contrast,,,0.0049913173867286295,0.008305275438578823,0.6009815596895761,uniform,0.008137706122476652,0.6133568000130187,bartlett,stress - calm,0.5396404439159346,robustness,two-sided,0.5478522685208169,,,
rskew_21d,10,2.0,window,soft,1749,9,20,calm,-0.003715012211817293,1120.073976111785,-0.004485863127453359,0.006443085514071214,-0.6962290222062972,uniform,0.006099273363787636,-0.7354750082340378,bartlett,,,,,,,,
rskew_21d,10,2.0,window,soft,1749,9,20,stress,0.0011143075072372103,895.844776796752,0.002118210172796084,0.00941553551583301,0.22496969707502423,uniform,0.008816687168593018,0.24025012255641953,bartlett,,,,,,,,
rskew_21d,10,2.0,window,soft,1749,9,20,contrast,,,0.006604073300249444,0.012209220701876345,0.540908667433173,uniform,0.011588641927310366,0.5698746532745963,bartlett,stress - calm,0.5687627173739327,exploratory,two-sided,0.5885705364582827,0.7629618065199961,benjamini_hochberg,False
rskew_21d,10,2.0,filtered,soft,1749,9,20,calm,-0.0038335220938383015,1075.1534469960363,-0.0043318875268080915,0.006262423679387567,-0.6917269971794257,uniform,0.00592351361142232,-0.7313037178567305,bartlett,,,,,,,,
rskew_21d,10,2.0,filtered,soft,1749,9,20,stress,0.0012692636877448282,847.6079478794231,0.001918438982740191,0.0091023952074166,0.2107619960488041,uniform,0.008518704272188196,0.225203143746109,bartlett,,,,,,,,
rskew_21d,10,2.0,filtered,soft,1749,9,20,contrast,,,0.0062503265095482825,0.01155523452639158,0.5409086674331748,uniform,0.010967897016708545,0.5698746532745982,bartlett,stress - calm,0.5687627173739314,robustness,two-sided,0.5885705364582816,,,
rskew_21d,10,2.0,window,hard,1749,9,20,calm,-0.004313912293088335,985.0,-0.004313912293088335,0.005933607520861264,-0.7270302725486248,uniform,0.005594707977442223,-0.7710701453019467,bartlett,,,,,,,,
rskew_21d,10,2.0,window,hard,1749,9,20,stress,0.0018590479202017975,764.0,0.0018590479202017975,0.008367157279689058,0.22218393392873856,uniform,0.00785474856079745,0.23667822156398327,bartlett,,,,,,,,
rskew_21d,10,2.0,window,hard,1749,9,20,contrast,,,0.006172960213290133,0.010088295330828934,0.611893289288044,uniform,0.009621236479207514,0.6415973899644332,bartlett,stress - calm,0.5211346280951115,robustness,two-sided,0.5406083618485718,,,
rskew_21d,10,3.0,window,soft,1749,9,20,calm,-0.0020009304818096037,871.7946608073439,1.4151834221176845e-05,0.008130545917749647,0.0017405761389628505,uniform,0.007562756009418078,0.0018712535752248563,bartlett,,,,,,,,
rskew_21d,10,3.0,window,soft,1749,9,20,middle,-0.00499691371780684,1020.8057081943003,-0.011306813864885218,0.01065320387633391,-1.0613533727635966,uniform,0.010008982324981892,-1.1296666831615845,bartlett,,,,,,,,
rskew_21d,10,3.0,window,soft,1749,9,20,stress,0.0031679937921368505,657.0340248513082,0.008189165656980631,0.013803315395276437,0.5932752691996739,uniform,0.012965717870342853,0.6316014075635663,bartlett,,,,,,,,
rskew_21d,10,3.0,window,soft,1749,9,20,contrast,,,0.008175013822759454,0.015770885935150414,0.5183611026276493,uniform,0.014796558099055775,0.5524942873897906,bartlett,stress - calm,0.5806097472345382,exploratory,two-sided,0.6042063483911067,0.7679128974483364,benjamini_hochberg,False
rskew_21d,10,3.0,filtered,soft,1749,9,20,calm,-0.0018189689432113558,803.8550100607764,-0.000490611456661912,0.0076452329488408055,-0.06417220507797608,uniform,0.007118543669708124,-0.06892020045471298,bartlett,,,,,,,,
rskew_21d,10,3.0,filtered,soft,1749,9,20,middle,-0.005670654600122453,875.8788487341076,-0.00962502179190757,0.00921048903553202,-1.0450065957167285,uniform,0.00863654934119581,-1.1144522437910251,bartlett,,,,,,,,
rskew_21d,10,3.0,filtered,soft,1749,9,20,stress,0.003825357877347769,585.1486073914172,0.006946662716126913,0.012741503327545398,0.5451996155829723,uniform,0.01194572691624836,0.581518627106584,bartlett,,,,,,,,
rskew_21d,10,3.0,filtered,soft,1749,9,20,contrast,,,0.007437274172788826,0.014771750655819321,0.5034795364528386,uniform,0.013851204345799045,0.5369406144848689,bartlett,stress - calm,0.5913086353123229,robustness,two-sided,0.6146271641355094,,,
rskew_21d,10,3.0,window,hard,1749,9,20,rest,-0.004766741550595964,1273.0,-0.004766741550595964,0.005283775293877736,-0.9021469092599653,uniform,0.004977768982626842,-0.9576060213385966,bartlett,,,,,,,,
rskew_21d,10,3.0,window,hard,1749,9,20,stress,0.006804981084560589,476.0,0.006804981084560589,0.011110670571993086,0.6124725812422209,uniform,0.010426387437100225,0.6526691172386726,bartlett,,,,,,,,
rskew_21d,10,3.0,window,hard,1749,9,20,contrast,,,0.011571722635156554,0.012047581525909644,0.9605017081868503,uniform,0.011463310297769213,1.00945733253059,bartlett,stress - rest,0.3127553544691277,robustness,two-sided,0.3368027716903046,,,
rskew_21d,10,,none,stress_vol,1730,9,20,calm,-0.0006983047370761947,860.0,-0.0006983047370761947,0.006160900251556137,-0.11334459390083698,uniform,0.005804118859520981,-0.12031192916228915,bartlett,,,,,,,,
rskew_21d,10,,none,stress_vol,1730,9,20,stress,-0.003173598802874058,870.0,-0.003173598802874058,0.007900562120350969,-0.40169278521324714,uniform,0.007192612291489961,-0.44123034500677116,bartlett,,,,,,,,
rskew_21d,10,,none,stress_vol,1730,9,20,contrast,,,-0.0024752940657978635,0.009870477871304201,-0.250777530538225,uniform,0.009049361276463481,-0.27353246159326905,bartlett,stress - calm,0.7844439426661743,robustness,two-sided,0.8019861145934124,,,
rmax1_21d,10,2.0,window,soft,1749,9,20,calm,-0.019053106717362486,1120.073976111785,-0.020558858450547977,0.017357734392209025,-1.1844206153872114,uniform,0.016283094722257266,-1.2625891331606758,bartlett,,,,,,,,
rmax1_21d,10,2.0,window,soft,1749,9,20,stress,-0.009619691786444383,895.844776796752,-0.00765870536487741,0.028214231190856958,-0.27144830965159433,uniform,0.025947911848854956,-0.2951569054762061,bartlett,,,,,,,,
rmax1_21d,10,2.0,window,soft,1749,9,20,contrast,,,0.012900153085670565,0.03510404062832956,0.36748342512058063,uniform,0.032460901857976385,0.397405874368851,bartlett,stress - calm,0.6910681843057311,exploratory,two-sided,0.7132584531525212,0.8105209694915014,benjamini_hochberg,False
rmax1_21d,10,2.0,filtered,soft,1749,9,20,calm,-0.01928459954773099,1075.1534469960363,-0.02025808819415078,0.016874977048824118,-1.2004809331318411,uniform,0.015832267447113687,-1.2795443395471409,bartlett,,,,,,,,
rmax1_21d,10,2.0,filtered,soft,1749,9,20,stress,-0.009317006101528774,847.6079478794231,-0.008048931035711566,0.027293366342191733,-0.29490429779887734,uniform,0.025100544809179882,-0.32066758299078335,bartlett,,,,,,,,
rmax1_21d,10,2.0,filtered,soft,1749,9,20,contrast,,,0.012209157158439213,0.03322369479503204,0.36748342512058163,uniform,0.030722135594571733,0.3974058743688521,bartlett,stress - calm,0.6910681843057302,robustness,two-sided,0.7132584531525206,,,
rmax1_21d,10,2.0,window,hard,1749,9,20,calm,-0.02015633197283584,985.0,-0.02015633197283584,0.016229427671406133,-1.241961970621326,uniform,0.01514669303414339,-1.3307414316379038,bartlett,,,,,,,,
rmax1_21d,10,2.0,window,hard,1749,9,20,stress,-0.008250865337982654,764.0,-0.008250865337982654,0.02493641409579689,-0.33087617595239416,uniform,0.02296275973010944,-0.35931505772644035,bartlett,,,,,,,,
rmax1_21d,10,2.0,window,hard,1749,9,20,contrast,,,0.011905466634853186,0.02898524502117673,0.4107423147934408,uniform,0.0267628604760576,0.44485030460417224,bartlett,stress - calm,0.6564279379634153,robustness,two-sided,0.6812614955426022,,,
rmax1_21d,10,3.0,window,soft,1749,9,20,calm,-0.013081970819866614,871.7946608073439,-0.003183432773453964,0.021440887261212776,-0.14847486182220135,uniform,0.020448048128375317,-0.15568394369320673,bartlett,,,,,,,,
rmax1_21d,10,3.0,window,soft,1749,9,20,middle,-0.029785172633000057,1020.8057081943003,-0.05674083215231236,0.034105685506520156,-1.6636766365967026,uniform,0.0315868897122802,-1.796341224766202,bartlett,,,,,,,,
rmax1_21d,10,3.0,window,soft,1749,9,20,stress,0.0009462471380596036,657.0340248513082,0.02054762585856027,0.04191816225984694,0.49018431989425915,uniform,0.03788891169160019,0.5423123795639554,bartlett,,,,,,,,
rmax1_21d,10,3.0,window,soft,1749,9,20,contrast,,,0.023731058632014235,0.04595213704353784,0.5164299238037612,uniform,0.04204714886599259,0.5643916239754304,bartlett,stress - calm,0.5724876379851875,exploratory,two-sided,0.6055541705592595,0.7679128974483364,benjamini_hochberg,False
rmax1_21d,10,3.0,filtered,soft,1749,9,20,calm,-0.012088775107618008,803.8550100607764,-0.005593636286650897,0.019992677698217387,-0.2797842475672803,uniform,0.0190643265091076,-0.2934085441716837,bartlett,,,,,,,,
rmax1_21d,10,3.0,filtered,soft,1749,9,20,middle,-0.03265370513293106,875.8788487341076,-0.049587721868968856,0.029437637220625052,-1.684500746351543,uniform,0.027278347778173784,-1.8178418382305934,bartlett,,,,,,,,
rmax1_21d,10,3.0,filtered,soft,1749,9,20,stress,0.0034316603111587975,585.1486073914172,0.015640471547309166,0.03864012508759556,0.40477279801379695,uniform,0.0349376611932527,0.4476679609661369,bartlett,,,,,,,,
rmax1_21d,10,3.0,filtered,soft,1749,9,20,contrast,,,0.021234107833960063,0.04299168728074098,0.49391194384390497,uniform,0.0393648698860752,0.5394177065849097,bartlett,stress - calm,0.5895986660532031,robustness,two-sided,0.6213683690455638,,,
rmax1_21d,10,3.0,window,hard,1749,9,20,rest,-0.024610925113533876,1273.0,-0.02461092511353388,0.014640776653695054,-1.6809849433310322,uniform,0.013776336219524836,-1.7864637390784255,bartlett,,,,,,,,
rmax1_21d,10,3.0,window,hard,1749,9,20,stress,0.010865671340475992,476.0,0.01086567134047599,0.03364386420135245,0.3229614551838311,uniform,0.030670375458310292,0.354272524483618,bartlett,,,,,,,,
rmax1_21d,10,3.0,window,hard,1749,9,20,contrast,,,0.03547659645400987,0.03573635241044651,0.9927313242982038,uniform,0.03276205364620407,1.0828563080055977,bartlett,stress - rest,0.2788722077843402,robustness,two-sided,0.32084090539760757,,,
rmax1_21d,10,,none,stress_vol,1730,9,20,calm,-0.016729591764138747,860.0,-0.016729591764138747,0.0159872175306753,-1.0464354871033077,uniform,0.015197627620067886,-1.1008028478107965,bartlett,,,,,,,,
rmax1_21d,10,,none,stress_vol,1730,9,20,stress,-0.015587029607235977,870.0,-0.015587029607235977,0.023551239290154194,-0.6618347941355373,uniform,0.021535540544850396,-0.7237816749839217,bartlett,,,,,,,,
rmax1_21d,10,,none,stress_vol,1730,9,20,contrast,,,0.00114256215690277,0.027564537838289983,0.04145043764585211,uniform,0.025548079461652436,0.04472203707592781,bartlett,stress - calm,0.964328868223165,robustness,two-sided,0.9669368038947579,,,
volume_z,10,2.0,window,soft,1749,9,20,calm,0.0028047867178146255,1120.073976111785,0.0010758456566276652,0.0033017634544936347,0.3258397130671068,uniform,0.0032316763999528948,0.3329063691659681,bartlett,,,,,,,,
volume_z,10,2.0,window,soft,1749,9,20,stress,0.013636465049523693,895.844776796752,0.015888117742298404,0.004893739460932703,3.246621089891506,uniform,0.0048469294227284215,3.2779758805224573,bartlett,,,,,,,,
volume_z,10,2.0,window,soft,1749,9,20,contrast,,,0.01481227208567074,0.0063397333749071446,2.336418775006873,uniform,0.006273153563996188,2.3612162422873757,bartlett,stress - calm,0.018215105799255227,exploratory,two-sided,0.019469426371136578,0.1892860897193834,benjamini_hochberg,False
volume_z,10,2.0,filtered,soft,1749,9,20,calm,0.002538980973764264,1075.1534469960363,0.0014211974399317847,0.003207895565921942,0.44303108088349996,uniform,0.0031387661008567573,0.45278857814344775,bartlett,,,,,,,,
volume_z,10,2.0,filtered,soft,1749,9,20,stress,0.013984016174819107,847.6079478794231,0.015440051058684434,0.004730221156237293,3.2641287899034293,uniform,0.004684400317539733,3.2960571283526883,bartlett,,,,,,,,
volume_z,10,2.0,filtered,soft,1749,9,20,contrast,,,0.01401885361875265,0.006000145936471253,2.3364187750068757,uniform,0.00593713246914318,2.3612162422873793,bartlett,stress - calm,0.018215105799255005,robustness,two-sided,0.019469426371136356,,,
volume_z,10,2.0,window,hard,1749,9,20,calm,0.0031954408884361097,985.0,0.0031954408884361097,0.0030975875836075774,1.0315901656328854,uniform,0.00304495027635221,1.0494230113551097,bartlett,,,,,,,,
volume_z,10,2.0,window,hard,1749,9,20,stress,0.013071348239254125,764.0,0.013071348239254127,0.004469793782788694,2.924373891606906,uniform,0.004400729039079771,2.970268817547434,bartlett,,,,,,,,
volume_z,10,2.0,window,hard,1749,9,20,contrast,,,0.009875907350818017,0.0054542010912913596,1.8106973295478102,uniform,0.005374957229891297,1.837392732335797,bartlett,stress - calm,0.06615193894559557,robustness,two-sided,0.07018771646647526,,,
volume_z,10,3.0,window,soft,1749,9,20,calm,0.00019438445186418832,871.7946608073439,-0.0012779223779954003,0.0042177579155294916,-0.30298618450579606,uniform,0.004217641531714212,-0.30299454526568154,bartlett,,,,,,,,
volume_z,10,3.0,window,soft,1749,9,20,middle,0.006398186253430642,1020.8057081943003,0.002842473987416735,0.006326682529500026,0.44928348690848013,uniform,0.006302593236834618,0.45100070409181675,bartlett,,,,,,,,
volume_z,10,3.0,window,soft,1749,9,20,stress,0.019385078995331484,657.0340248513082,0.02595170442639944,0.007292514800446204,3.5586769635094253,uniform,0.0075276915106232455,3.447498398383597,bartlett,,,,,,,,
volume_z,10,3.0,window,soft,1749,9,20,contrast,,,0.02722962680439484,0.008123698773454653,3.3518754896933816,uniform,0.008270800190017935,3.292260262466308,bartlett,stress - calm,0.0009938559143527481,exploratory,two-sided,0.0008026610907483356,0.07023284544047936,benjamini_hochberg,True
volume_z,10,3.0,filtered,soft,1749,9,20,calm,-0.0001393994367842019,803.8550100607764,-0.0010492108733744724,0.003935347846650157,-0.2666119779646876,uniform,0.003931129382848946,-0.2668980771663369,bartlett,,,,,,,,
volume_z,10,3.0,filtered,soft,1749,9,20,middle,0.005998991445345695,875.8788487341076,0.0038537417797170513,0.00542853410589927,0.7099046822841423,uniform,0.005383478613483128,0.7158460275230235,bartlett,,,,,,,,
volume_z,10,3.0,filtered,soft,1749,9,20,stress,0.02040802946085056,585.1486073914172,0.024441460046183677,0.006683998056475935,3.656712620151504,uniform,0.006888518129547592,3.5481448384877643,bartlett,,,,,,,,
volume_z,10,3.0,filtered,soft,1749,9,20,contrast,,,0.02549067091955815,0.007600159795089729,3.3539651279473133,uniform,0.007732071030406622,3.2967455704060726,bartlett,stress - calm,0.0009781206456662694,robustness,two-sided,0.0007966240167458505,,,
volume_z,10,3.0,window,hard,1749,9,20,rest,0.0021119580058788245,1273.0,0.0021119580058788245,0.002736657637705603,0.771728979460316,uniform,0.0026823387803292086,0.7873569220140119,bartlett,,,,,,,,
volume_z,10,3.0,window,hard,1749,9,20,stress,0.021944320984067178,476.0,0.021944320984067175,0.005729973203279416,3.8297423400702564,uniform,0.0058078818705169415,3.778369029071519,bartlett,,,,,,,,
volume_z,10,3.0,window,hard,1749,9,20,contrast,,,0.01983236297818835,0.006335088097781344,3.1305583556342307,uniform,0.0064249155306299825,3.08678968363709,bartlett,stress - rest,0.002023306950124537,robustness,two-sided,0.0017447433094346376,,,
volume_z,10,,none,stress_vol,1730,9,20,calm,0.0022889725603239823,860.0,0.0022889725603239823,0.0033464059891458336,0.684009222953919,uniform,0.0032578073516883856,0.7026113926404222,bartlett,,,,,,,,
volume_z,10,,none,stress_vol,1730,9,20,stress,0.012588092055827272,870.0,0.012588092055827272,0.0041019150595808865,3.0688329409516006,uniform,0.004073530203692018,3.090216943627455,bartlett,,,,,,,,
volume_z,10,,none,stress_vol,1730,9,20,contrast,,,0.01029911949550329,0.005282604167090941,1.949629230155792,uniform,0.005228924956172975,1.9696437760776673,bartlett,stress - calm,0.04887921084887559,robustness,two-sided,0.05122032686126099,,,
qspread_21d,10,2.0,window,soft,1749,9,20,calm,0.013822393604480815,1120.073976111785,0.012948770831715486,0.01007955901186687,1.2846564831329064,uniform,0.009437151373510139,1.372105873819337,bartlett,,,,,,,,
qspread_21d,10,2.0,window,soft,1749,9,20,stress,0.01929557084011975,895.844776796752,0.020433316430716057,0.015732551753771282,1.2987922589110787,uniform,0.01508942511200102,1.3541481056468412,bartlett,,,,,,,,
qspread_21d,10,2.0,window,soft,1749,9,20,contrast,,,0.00748454559900057,0.019868495482458226,0.37670419512180126,uniform,0.018885685551686456,0.39630785859040285,bartlett,stress - calm,0.691877930542736,exploratory,two-sided,0.7063934448968974,0.8080673653168255,benjamini_hochberg,False
qspread_21d,10,2.0,filtered,soft,1749,9,20,calm,0.013688083675503334,1075.1534469960363,0.013123274861541944,0.009798484603693548,1.3393167813515892,uniform,0.00917442626372253,1.4304191329580938,bartlett,,,,,,,,
qspread_21d,10,2.0,filtered,soft,1749,9,20,stress,0.019471186183276576,847.6079478794231,0.020206911223904736,0.015215755614927528,1.3280254845891846,uniform,0.014595699499094948,1.3844428096890957,bartlett,,,,,,,,
qspread_21d,10,2.0,filtered,soft,1749,9,20,contrast,,,0.007083636362362792,0.018804240712191667,0.3767041951218025,uniform,0.017874074936485015,0.39630785859040424,bartlett,stress - calm,0.6918779305427352,robustness,two-sided,0.7063934448968963,,,
qspread_21d,10,2.0,window,hard,1749,9,20,calm,0.01404288349385121,985.0,0.01404288349385121,0.00945649285956921,1.4849991114455232,uniform,0.008814928840749362,1.5930796206696793,bartlett,,,,,,,,
qspread_21d,10,2.0,window,hard,1749,9,20,stress,0.01898024552372966,764.0,0.01898024552372966,0.013823808365137115,1.373011331059594,uniform,0.013299556031038466,1.4271337689343628,bartlett,,,,,,,,
qspread_21d,10,2.0,window,hard,1749,9,20,contrast,,,0.004937362029878449,0.01635938446535157,0.30180610036615724,uniform,0.015536235376743915,0.31779655174825383,bartlett,stress - calm,0.7506392665240229,robustness,two-sided,0.7627998801830187,,,
qspread_21d,10,3.0,window,soft,1749,9,20,calm,0.008287590793660283,871.7946608073439,-0.00321731388655014,0.012247214265546372,-0.2626976075368442,uniform,0.011601551081683292,-0.2773175641686123,bartlett,,,,,,,,
qspread_21d,10,3.0,window,soft,1749,9,20,middle,0.030732475353128043,1020.8057081943003,0.05589755157248081,0.018510650379898713,3.0197508150865238,uniform,0.017469307735846283,3.1997576788793634,bartlett,,,,,,,,
qspread_21d,10,3.0,window,soft,1749,9,20,stress,0.009322336006614461,657.0340248513082,-0.0057327271805573,0.024884094122875584,-0.23037716994034707,uniform,0.02321346271850065,-0.24695700292866843,bartlett,,,,,,,,
qspread_21d,10,3.0,window,soft,1749,9,20,contrast,,,-0.00251541329400716,0.026914850725767304,-0.09345819226851569,uniform,0.025242938967668327,-0.09964819457944073,bartlett,stress - calm,0.9206236304690174,exploratory,two-sided,0.9255395620116319,0.9583989547457727,benjamini_hochberg,False
qspread_21d,10,3.0,filtered,soft,1749,9,20,calm,0.006981593020175404,803.8550100607764,-0.0005217380610495655,0.011461433314053691,-0.045521188035865,uniform,0.010851037413181613,-0.048081859934955985,bartlett,,,,,,,,
qspread_21d,10,3.0,filtered,soft,1749,9,20,middle,0.03339350308393557,875.8788487341076,0.049274774478209715,0.015857818952399266,3.10728572612153,uniform,0.015000836742338201,3.2848017297019916,bartlett,,,,,,,,
qspread_21d,10,3.0,filtered,soft,1749,9,20,stress,0.0075684808039219315,585.1486073914172,-0.0018547802756432533,0.022869752082481553,-0.08110189690530281,uniform,0.021362302930889716,-0.08682492152853315,bartlett,,,,,,,,
qspread_21d,10,3.0,filtered,soft,1749,9,20,contrast,,,-0.0013330422145936879,0.025144632314369943,-0.05301498140546941,uniform,0.02359523590612366,-0.056496244407021334,bartlett,stress - calm,0.9549464872776638,robustness,two-sided,0.9577199710644976,,,
qspread_21d,10,3.0,window,hard,1749,9,20,rest,0.021505458571017117,1273.0,0.021505458571017117,0.008336819840286223,2.579575783453512,uniform,0.007906678922565656,2.7199104430104724,bartlett,,,,,,,,
qspread_21d,10,3.0,window,hard,1749,9,20,stress,0.0020098719761935274,476.0,0.002009871976193527,0.01946206922323952,0.1032712376643668,uniform,0.018382906258509864,0.10933374450860357,bartlett,,,,,,,,
qspread_21d,10,3.0,window,hard,1749,9,20,contrast,,,-0.01949558659482359,0.020910640649285574,-0.9323285174186984,uniform,0.019666513975372862,-0.9913087097813412,bartlett,stress - rest,0.32153486132661313,robustness,two-sided,0.35116677430479887,,,
qspread_21d,10,,none,stress_vol,1730,9,20,calm,0.01321025571949519,860.0,0.01321025571949519,0.009704204204137194,1.3612920175219787,uniform,0.008948752761057291,1.4762119450861222,bartlett,,,,,,,,
qspread_21d,10,,none,stress_vol,1730,9,20,stress,0.02150224090714442,870.0,0.02150224090714442,0.012734279522697541,1.6885321913044937,uniform,0.01213414784836352,1.7720437541927871,bartlett,,,,,,,,
qspread_21d,10,,none,stress_vol,1730,9,20,contrast,,,0.008291985187649231,0.01555724980853412,0.5329981384692146,uniform,0.014512926561845094,0.5713516948021429,bartlett,stress - calm,0.5677612663140055,robustness,two-sided,0.594034868916578,,,
overnight_20d,10,2.0,window,soft,1749,9,20,calm,0.00396471596684859,1120.073976111785,0.005816484369026424,0.00905616705617087,0.6422677864652544,uniform,0.008240953594781365,0.7058023446109136,bartlett,,,,,,,,
overnight_20d,10,2.0,window,soft,1749,9,20,stress,-0.007636465893823362,895.844776796752,-0.010048080380147336,0.012729009575075011,-0.7893843052661954,uniform,0.011707531248835609,-0.8582578313550676,bartlett,,,,,,,,
overnight_20d,10,2.0,window,soft,1749,9,20,contrast,,,-0.015864564749173762,0.016747682843071706,-0.9472692370536931,uniform,0.015338157997487693,-1.03432007622899,bartlett,stress - calm,0.30098655436591776,exploratory,two-sided,0.34350160237009586,0.5394918594503394,benjamini_hochberg,False
overnight_20d,10,2.0,filtered,soft,1749,9,20,calm,0.004249405068750034,1075.1534469960363,0.00544659812228573,0.008802987805696546,0.6187215343819009,uniform,0.008010517958627488,0.6799308297436166,bartlett,,,,,,,,
overnight_20d,10,2.0,filtered,soft,1749,9,20,stress,-0.008008707728094734,847.6079478794231,-0.009568182166488512,0.012303632581606145,-0.7776713180457685,uniform,0.011316942559695647,-0.8454741301387177,bartlett,,,,,,,,
overnight_20d,10,2.0,filtered,soft,1749,9,20,contrast,,,-0.015014780288774243,0.015850594214877025,-0.9472692370536931,uniform,0.014516570483207075,-1.0343200762289897,bartlett,stress - calm,0.30098655436591787,robustness,two-sided,0.34350160237009586,,,
overnight_20d,10,2.0,window,hard,1749,9,20,calm,0.0048632328218970984,985.0,0.004863232821897099,0.00828448337647435,0.5870291001738672,uniform,0.007526369695920431,0.6461591734635558,bartlett,,,,,,,,
overnight_20d,10,2.0,window,hard,1749,9,20,stress,-0.00872906857803913,764.0,-0.00872906857803913,0.011343615880775097,-0.7695137661380934,uniform,0.010439980352395331,-0.8361192534271722,bartlett,,,,,,,,
overnight_20d,10,2.0,window,hard,1749,9,20,contrast,,,-0.01359230139993623,0.01382480461570612,-0.9831821698582455,uniform,0.01264833221830069,-1.0746319091990424,bartlett,stress - calm,0.28253955981205714,robustness,two-sided,0.32551778857155794,,,
overnight_20d,10,3.0,window,soft,1749,9,20,calm,0.005934568864823595,871.7946608073439,0.009120960387080098,0.011749950097778449,0.7762552445907485,uniform,0.010802696032504557,0.8443225986953411,bartlett,,,,,,,,
overnight_20d,10,3.0,window,soft,1749,9,20,middle,-0.0028282138078245455,1020.8057081943003,-0.004618490233329078,0.015435482970600198,-0.29921255085609355,uniform,0.014067230591660112,-0.3283155275827491,bartlett,,,,,,,,
overnight_20d,10,3.0,window,soft,1749,9,20,stress,-0.008919447205253941,657.0340248513082,-0.011241731345000158,0.018884515079027536,-0.5952883247441615,uniform,0.01758760457012688,-0.6391849043555713,bartlett,,,,,,,,
overnight_20d,10,3.0,window,soft,1749,9,20,contrast,,,-0.020362691732080256,0.02174051256783513,-0.9366242708650142,uniform,0.02014528589647732,-1.0107918962639768,bartlett,stress - calm,0.3121160425276958,exploratory,two-sided,0.3489518628035787,0.5394918594503394,benjamini_hochberg,False
overnight_20d,10,3.0,filtered,soft,1749,9,20,calm,0.006423660251008944,803.8550100607764,0.00846325017751556,0.011020593500967103,0.7679486750666263,uniform,0.010133267113352959,0.835194620140156,bartlett,,,,,,,,
overnight_20d,10,3.0,filtered,soft,1749,9,20,middle,-0.0029997868821351774,875.8788487341076,-0.004205045922666546,0.013306492290485604,-0.31601460631914496,uniform,0.012104877897678541,-0.34738441463114506,bartlett,,,,,,,,
overnight_20d,10,3.0,filtered,soft,1749,9,20,stress,-0.009387162619257889,585.1486073914172,-0.01078206138028863,0.017396629701639285,-0.6197787482521764,uniform,0.016191802228295863,-0.6658963114956109,bartlett,,,,,,,,
overnight_20d,10,3.0,filtered,soft,1749,9,20,contrast,,,-0.01924531155780419,0.02037132583933881,-0.944725527910403,uniform,0.01887074951445605,-1.0198488164479744,bartlett,stress - calm,0.3078001671754893,robustness,two-sided,0.344799020717886,,,
overnight_20d,10,3.0,window,hard,1749,9,20,rest,0.0017341953813911075,1273.0,0.0017341953813911075,0.007361116188358938,0.2355886440338504,uniform,0.00677028097389491,0.2561482142436746,bartlett,,,,,,,,
overnight_20d,10,3.0,window,hard,1749,9,20,stress,-0.008584778959168309,476.0,-0.008584778959168309,0.015286897230187573,-0.5615775935364858,uniform,0.01430005787691855,-0.6003317632038984,bartlett,,,,,,,,
overnight_20d,10,3.0,window,hard,1749,9,20,contrast,,,-0.010318974340559416,0.016642577715793354,-0.6200346194428156,uniform,0.015639429187020926,-0.6598050489670731,bartlett,stress - rest,0.5093789428506879,robustness,two-sided,0.5352349948519654,,,
overnight_20d,10,,none,stress_vol,1730,9,20,calm,0.0056915824833544265,860.0,0.0056915824833544265,0.008827007458704446,0.6447918515965307,uniform,0.008097056803147554,0.7029199154366743,bartlett,,,,,,,,
overnight_20d,10,,none,stress_vol,1730,9,20,stress,-0.010486784519324686,870.0,-0.010486784519324686,0.009901550526542168,-1.0591052877237495,uniform,0.008909463895576364,-1.177038780586055,bartlett,,,,,,,,
overnight_20d,10,,none,stress_vol,1730,9,20,contrast,,,-0.016178367002679113,0.012879029394388447,-1.256179057229905,uniform,0.011699841725061529,-1.3827851164878926,bartlett,stress - calm,0.1667307639400017,robustness,two-sided,0.20905105800964843,,,
ma50_gap,10,2.0,window,soft,1749,9,20,calm,-0.007448569734559588,1120.073976111785,-0.0013383971062143661,0.012808649375485249,-0.10449166551283333,uniform,0.011924874393705083,-0.11223574035470603,bartlett,,,,,,,,
ma50_gap,10,2.0,window,soft,1749,9,20,stress,-0.04572831561323759,895.844776796752,-0.05368577984425457,0.02239596427878043,-2.397118479739691,uniform,0.01997893331115555,-2.6871194276562442,bartlett,,,,,,,,
ma50_gap,10,2.0,window,soft,1749,9,20,contrast,,,-0.0523473827380402,0.027489899667186284,-1.9042405891544745,uniform,0.02478449998890423,-2.112101626479275,bartlett,stress - calm,0.03467773353148607,exploratory,two-sided,0.05687885774704768,0.3171162786584836,benjamini_hochberg,False
ma50_gap,10,2.0,filtered,soft,1749,9,20,calm,-0.006509197642466121,1075.1534469960363,-0.0025588892680734557,0.012438745837173274,-0.205719234203355,uniform,0.011584715364293228,-0.22088494948788678,bartlett,,,,,,,,
ma50_gap,10,2.0,filtered,soft,1749,9,20,stress,-0.046956580370436825,847.6079478794231,-0.05210228758569723,0.02166105660403133,-2.405343771457598,uniform,0.019322668676979935,-2.6964333165723273,bartlett,,,,,,,,
ma50_gap,10,2.0,filtered,soft,1749,9,20,contrast,,,-0.04954339831762378,0.026017404838336138,-1.9042405891544782,uniform,0.023456919731750344,-2.1121016264792782,bartlett,stress - calm,0.034677733531485816,robustness,two-sided,0.05687885774704718,,,
ma50_gap,10,2.0,window,hard,1749,9,20,calm,-0.005434374732350996,985.0,-0.005434374732350996,0.011764570450501916,-0.46192716982022475,uniform,0.010931051874886407,-0.4971502097466232,bartlett,,,,,,,,
ma50_gap,10,2.0,window,hard,1749,9,20,stress,-0.04810795034601249,764.0,-0.04810795034601249,0.0197517951715646,-2.4356242016558802,uniform,0.01758776575985454,-2.7353076566338337,bartlett,,,,,,,,
ma50_gap,10,2.0,window,hard,1749,9,20,contrast,,,-0.042673575613661495,0.02237126427985162,-1.9075173883710668,uniform,0.02010313569254833,-2.1227323073523996,bartlett,stress - calm,0.03377629012326879,robustness,two-sided,0.05645362152058428,,,
ma50_gap,10,3.0,window,soft,1749,9,20,calm,-0.0054439996779714625,871.7946608073439,-0.00587401792120384,0.016717630939475987,-0.35136664653442584,uniform,0.01576735783296695,-0.37254294495189516,bartlett,,,,,,,,
ma50_gap,10,3.0,window,soft,1749,9,20,middle,-0.014609673826053531,1020.8057081943003,0.006679978941348322,0.025608970080537686,0.2608452788355192,uniform,0.023203517432189315,0.28788647931806466,bartlett,,,,,,,,
ma50_gap,10,3.0,window,soft,1749,9,20,stress,-0.06263820080569804,657.0340248513082,-0.08870654284980317,0.03324925893460257,-2.667925412240875,uniform,0.030199918540186593,-2.9373106663106614,bartlett,,,,,,,,
ma50_gap,10,3.0,window,soft,1749,9,20,contrast,,,-0.08283252492859933,0.036197490549990434,-2.288349928959957,uniform,0.03305788290604051,-2.5056814788784836,bartlett,stress - calm,0.01222156619923023,exploratory,two-sided,0.022117151052464902,0.1935250717090679,benjamini_hochberg,False
ma50_gap,10,3.0,filtered,soft,1749,9,20,calm,-0.004992348465018064,803.8550100607764,-0.0054241704523298115,0.01558408688295985,-0.34805827849052723,uniform,0.014706798896295547,-0.36882060403342365,bartlett,,,,,,,,
ma50_gap,10,3.0,filtered,soft,1749,9,20,middle,-0.01228876325531874,875.8788487341076,0.0008503826262123981,0.022009337595148844,0.038637356646291525,uniform,0.019906419101848503,0.04271901550256379,bartlett,,,,,,,,
ma50_gap,10,3.0,filtered,soft,1749,9,20,stress,-0.06644973894784734,585.1486073914172,-0.08253594529619242,0.03062463767967221,-2.6950831601504137,uniform,0.02779765680953649,-2.9691691591744873,bartlett,,,,,,,,
ma50_gap,10,3.0,filtered,soft,1749,9,20,contrast,,,-0.07711177484386261,0.03385244397810672,-2.2778791065641486,uniform,0.030921707428676875,-2.4937748027571383,bartlett,stress - calm,0.012639270514400435,robustness,two-sided,0.02273378143556275,,,
ma50_gap,10,3.0,window,hard,1749,9,20,rest,-0.008279338053768312,1273.0,-0.008279338053768312,0.01100460698856227,-0.7523519978835692,uniform,0.010091473232396873,-0.8204290754286475,bartlett,,,,,,,,
ma50_gap,10,3.0,window,hard,1749,9,20,stress,-0.06631877275897527,476.0,-0.06631877275897527,0.02646014922319285,-2.5063642763150233,uniform,0.02404069689659373,-2.758604421670148,bartlett,,,,,,,,
ma50_gap,10,3.0,window,hard,1749,9,20,contrast,,,-0.058039434705206956,0.02813905595771244,-2.0625935280994856,uniform,0.025736301486043202,-2.255158330993354,bartlett,stress - rest,0.02412339237641562,robustness,two-sided,0.03915126316452168,,,
ma50_gap,10,,none,stress_vol,1730,9,20,calm,-0.0063389339311905706,860.0,-0.0063389339311905706,0.012122091995710644,-0.5229240904485445,uniform,0.011458293550386233,-0.553217972930786,bartlett,,,,,,,,
ma50_gap,10,,none,stress_vol,1730,9,20,stress,-0.04240927760191887,870.0,-0.04240927760191887,0.018264520092187354,-2.321948640745257,uniform,0.01632899645246923,-2.597175994579008,bartlett,,,,,,,,
ma50_gap,10,,none,stress_vol,1730,9,20,contrast,,,-0.0360703436707283,0.021342849747268057,-1.6900434617614923,uniform,0.019534749003840085,-1.846470802549738,bartlett,stress - calm,0.06482387502353597,robustness,two-sided,0.09101964012273836,,,
earn_next5,10,2.0,window,soft,1731,9,20,calm,0.00997890993043766,1110.259075890235,0.008673582429604764,0.004405572714941825,1.9687752287432843,uniform,0.00427180929691527,2.030423604318684,bartlett,,,,,,,,
earn_next5,10,2.0,window,soft,1731,9,20,stress,0.018110375104162798,886.4063169238316,0.019814431477599995,0.005017377436460911,3.949161036522783,uniform,0.005001998417686246,3.961303027913686,bartlett,,,,,,,,
earn_next5,10,2.0,window,soft,1731,9,20,contrast,,,0.01114084904799523,0.007035078889414167,1.583613947067332,uniform,0.006866346177480989,1.622529473467707,bartlett,stress - calm,0.10469002761178126,exploratory,two-sided,0.11328159809881466,0.36229470245730205,benjamini_hochberg,False
earn_next5,10,2.0,filtered,soft,1731,9,20,calm,0.00977985699393636,1065.8979985280027,0.008933334077697239,0.004291440495210943,2.0816632754587747,uniform,0.004163247383461582,2.1457610501803788,bartlett,,,,,,,,
earn_next5,10,2.0,filtered,soft,1731,9,20,stress,0.018371933413980638,838.5992723468509,0.019477424213845473,0.004852612329124531,4.013801823184057,uniform,0.00484067310886286,4.023701616658222,bartlett,,,,,,,,
earn_next5,10,2.0,filtered,soft,1731,9,20,contrast,,,0.010544090136148234,0.006658245310149395,1.5836139470673318,uniform,0.006498550755822738,1.6225294734677065,bartlett,stress - calm,0.10469002761178126,robustness,two-sided,0.11328159809881466,,,
earn_next5,10,2.0,window,hard,1731,9,20,calm,0.010053531672349516,976.0,0.010053531672349516,0.004100807483665916,2.4515980602342644,uniform,0.003977684999380627,2.5274831149060244,bartlett,,,,,,,,
earn_next5,10,2.0,window,hard,1731,9,20,stress,0.017968949551869548,755.0,0.017968949551869548,0.004689801132640292,3.8314949917190373,uniform,0.004678117881262097,3.841063865415412,bartlett,,,,,,,,
earn_next5,10,2.0,window,hard,1731,9,20,contrast,,,0.007915417879520032,0.0061478204917931045,1.2875161026719213,uniform,0.005986045804813366,1.3223116123092915,bartlett,stress - calm,0.1860644075232749,robustness,two-sided,0.19791446069796814,,,
earn_next5,10,3.0,window,soft,1731,9,20,calm,0.008026098263850683,862.8320983946605,0.00542147473963862,0.006085560130953169,0.890875223147202,uniform,0.005839442012893903,0.9284234225920248,bartlett,,,,,,,,
earn_next5,10,3.0,window,soft,1731,9,20,middle,0.015012776772049862,1014.6696699711405,0.016671219395006043,0.008423889677906445,1.9790405658718542,uniform,0.0083965292182904,1.9854893565654068,bartlett,,,,,,,,
earn_next5,10,3.0,window,soft,1731,9,20,stress,0.019472623039657813,648.3978177279931,0.02111321970316224,0.00672394427543881,3.140005157431852,uniform,0.0065518240585464285,3.222494913553336,bartlett,,,,,,,,
earn_next5,10,3.0,window,soft,1731,9,20,contrast,,,0.01569174496352362,0.008664656581657968,1.811005989174591,uniform,0.008399276572790972,1.8682257724857194,bartlett,stress - calm,0.061730607887324096,exploratory,two-sided,0.07013992457796725,0.3230128105564281,benjamini_hochberg,False
earn_next5,10,3.0,filtered,soft,1731,9,20,calm,0.007631676923750439,794.9867982994452,0.005958540738187225,0.005680646729693045,1.0489194314868435,uniform,0.00544852581832155,1.093606038930873,bartlett,,,,,,,,
earn_next5,10,3.0,filtered,soft,1731,9,20,middle,0.015172626376776547,872.4612568869114,0.016279967822726612,0.007272819480868963,2.2384671949511206,uniform,0.00726414962718935,2.241138833620869,bartlett,,,,,,,,
earn_next5,10,3.0,filtered,soft,1731,9,20,stress,0.019818613437745478,576.484013880696,0.0208005864215036,0.006123884519034944,3.3966327021433678,uniform,0.005974897978067005,3.4813291369759907,bartlett,,,,,,,,
earn_next5,10,3.0,filtered,soft,1731,9,20,contrast,,,0.014842045683316374,0.008152769100399568,1.8204913570517978,uniform,0.007903164383330302,1.8779877228192117,bartlett,stress - calm,0.06038284462797394,robustness,two-sided,0.06868421127365787,,,
earn_next5,10,3.0,window,hard,1731,9,20,rest,0.011243191687249465,1264.0,0.011243191687249464,0.003761935405256303,2.9886721796286286,uniform,0.003734669937348659,3.010491389027889,bartlett,,,,,,,,
earn_next5,10,3.0,window,hard,1731,9,20,stress,0.019630427261651606,467.0,0.019630427261651606,0.005190172330988073,3.782230340300567,uniform,0.005075086718125676,3.867998391346008,bartlett,,,,,,,,
earn_next5,10,3.0,window,hard,1731,9,20,contrast,,,0.008387235574402142,0.006273584369597407,1.3369128524114156,uniform,0.006128919649355305,1.3684688418593296,bartlett,stress - rest,0.17116536851130815,robustness,two-sided,0.18125108505396237,,,
earn_next5,10,,none,stress_vol,1712,9,20,calm,0.008033501249765101,851.0,0.008033501249765101,0.004344261313507944,1.8492214602252222,uniform,0.0041731017210517325,1.9250672010315737,bartlett,,,,,,,,
earn_next5,10,,none,stress_vol,1712,9,20,stress,0.018603647915998625,861.0,0.018603647915998625,0.00428007840529683,4.346567084606581,uniform,0.004294321357259502,4.3321508495281495,bartlett,,,,,,,,
earn_next5,10,,none,stress_vol,1712,9,20,contrast,,,0.010570146666233524,0.005873882917141302,1.7995160637927385,uniform,0.005701425444288144,1.8539480643078492,bartlett,stress - calm,0.0637465905821697,robustness,two-sided,0.07193708519428643,,,
days_since_earn,10,2.0,window,soft,1749,9,20,calm,-0.013533337851638055,1120.073976111785,-0.016030036099475814,0.007726065143842541,-2.0747995002671322,uniform,0.0070973194159232224,-2.258604292701207,bartlett,,,,,,,,
days_since_earn,10,2.0,window,soft,1749,9,20,stress,0.0021082782329230163,895.844776796752,0.005359804533611535,0.0075689948528594765,0.7081263282385064,uniform,0.006983892400427374,0.7674523355032713,bartlett,,,,,,,,
days_since_earn,10,2.0,window,soft,1749,9,20,contrast,,,0.02138984063308735,0.011418300765254295,1.8732945534397105,uniform,0.010452692098528464,2.0463475276477934,bartlett,stress - calm,0.04072219071961869,exploratory,two-sided,0.06102772157953518,0.3171162786584836,benjamini_hochberg,False
days_since_earn,10,2.0,filtered,soft,1749,9,20,calm,-0.013917177850776142,1075.1534469960363,-0.015531326680387212,0.007527759138471794,-2.0632071768890596,uniform,0.006917131045469435,-2.2453422637640905,bartlett,,,,,,,,
days_since_earn,10,2.0,filtered,soft,1749,9,20,stress,0.0026101636384112223,847.6079478794231,0.004712768420578571,0.0073169511415915635,0.6440890924896162,uniform,0.0067541098467669685,0.69776306981955,bartlett,,,,,,,,
days_since_earn,10,2.0,filtered,soft,1749,9,20,contrast,,,0.02024409510096578,0.010806680168793473,1.8732945534397138,uniform,0.009892794272454607,2.046347527647798,bartlett,stress - calm,0.04072219071961847,robustness,two-sided,0.06102772157953473,,,
days_since_earn,10,2.0,window,hard,1749,9,20,calm,-0.01474565908678403,985.0,-0.01474565908678403,0.007190697546474278,-2.0506576714541525,uniform,0.006620093506460508,-2.2274094878560002,bartlett,,,,,,,,
days_since_earn,10,2.0,window,hard,1749,9,20,stress,0.003582533006644289,764.0,0.003582533006644289,0.006801825008303085,0.5267017311193746,uniform,0.006236353165311045,0.5744596099162075,bartlett,,,,,,,,
days_since_earn,10,2.0,window,hard,1749,9,20,contrast,,,0.01832819209342832,0.009629403770956621,1.9033568982441298,uniform,0.008765718441391193,2.090894456167301,bartlett,stress - calm,0.036537526179376334,robustness,two-sided,0.05699399112413328,,,
days_since_earn,10,3.0,window,soft,1749,9,20,calm,-0.018656804795723594,871.7946608073439,-0.026355236915116455,0.00947682600111403,-2.781019395314245,uniform,0.008457370199342127,-3.116244919391911,bartlett,,,,,,,,
days_since_earn,10,3.0,window,soft,1749,9,20,middle,-0.00013708183400997986,1020.8057081943003,0.00958128736316188,0.013566005348474797,0.7062718255701622,uniform,0.012776869937554825,0.7498931592783749,bartlett,,,,,,,,
days_since_earn,10,3.0,window,soft,1749,9,20,stress,0.0020628964972356023,657.0340248513082,0.0009139982163284353,0.010971236352194847,0.08330858865742927,uniform,0.010508685931927404,0.086975500290815,bartlett,,,,,,,,
days_since_earn,10,3.0,window,soft,1749,9,20,contrast,,,0.027269235131444892,0.013980406325619595,1.950532373402699,uniform,0.0129832348554129,2.1003421285317003,bartlett,stress - calm,0.035698755848974084,exploratory,two-sided,0.051112698698286385,0.3171162786584836,benjamini_hochberg,False
days_since_earn,10,3.0,filtered,soft,1749,9,20,calm,-0.019705830894457106,803.8550100607764,-0.024673667551918316,0.008890977181848269,-2.7751356287688864,uniform,0.00793598270450186,-3.109087868591452,bartlett,,,,,,,,
days_since_earn,10,3.0,filtered,soft,1749,9,20,middle,0.0008661832105617923,875.8788487341076,0.007103009645462869,0.011738696036563532,0.6050935830809923,uniform,0.011050258645568372,0.6427912570455064,bartlett,,,,,,,,
days_since_earn,10,3.0,filtered,soft,1749,9,20,stress,0.0022001354280596548,585.1486073914172,0.0014003650954677721,0.009965932552714713,0.14051520899429665,uniform,0.009529863235315562,0.14694493099106914,bartlett,,,,,,,,
days_since_earn,10,3.0,filtered,soft,1749,9,20,contrast,,,0.02607403264738609,0.013127267009017765,1.9862498895980827,uniform,0.012172671335405323,2.14201401885775,bartlett,stress - calm,0.03219235395406472,robustness,two-sided,0.047005583737168566,,,
days_since_earn,10,3.0,window,hard,1749,9,20,rest,-0.010820310933644526,1273.0,-0.010820310933644528,0.006340203202496157,-1.7066189502230054,uniform,0.005916093292906168,-1.828962188040354,bartlett,,,,,,,,
days_since_earn,10,3.0,window,hard,1749,9,20,stress,0.004174026964545047,476.0,0.004174026964545046,0.008593831372559115,0.48570035687145247,uniform,0.00817023934862222,0.5108818464723348,bartlett,,,,,,,,
days_since_earn,10,3.0,window,hard,1749,9,20,contrast,,,0.014994337898189575,0.010612988641629168,1.4128289781989098,uniform,0.010136889323827903,1.479185321964963,bartlett,stress - rest,0.139090791388097,robustness,two-sided,0.15770601559741526,,,
days_since_earn,10,,none,stress_vol,1730,9,20,calm,-0.01806611296737211,860.0,-0.01806611296737211,0.007622254706795235,-2.3701796466163985,uniform,0.007020170213293502,-2.5734579673241886,bartlett,,,,,,,,
days_since_earn,10,,none,stress_vol,1730,9,20,stress,0.0038161318767857538,870.0,0.0038161318767857538,0.0066006202641134834,0.5781474655546316,uniform,0.006127330872670356,0.6228049302522229,bartlett,,,,,,,,
days_since_earn,10,,none,stress_vol,1730,9,20,contrast,,,0.021882244844157864,0.009788029663189497,2.235612845193134,uniform,0.009050762814467792,2.4177238198286157,bartlett,stress - calm,0.015617925703147684,robustness,two-sided,0.02537714244577849,,,
var_ratio_60d,10,2.0,window,soft,1749,9,20,calm,-0.0010636349421699475,1120.073976111785,-0.0031980688741779003,0.007083267499614246,-0.45149627263859043,uniform,0.006458974217601723,-0.4951357237907311,bartlett,,,,,,,,
var_ratio_60d,10,2.0,window,soft,1749,9,20,stress,0.012308423996567359,895.844776796752,0.01508816242631808,0.010862704749833217,1.388987620836306,uniform,0.010053959497502044,1.5007184413331691,bartlett,,,,,,,,
var_ratio_60d,10,2.0,window,soft,1749,9,20,contrast,,,0.018286231300495982,0.013590341731734958,1.3455313826138455,uniform,0.012465398351315455,1.4669592407021845,bartlett,stress - calm,0.14238714350919457,exploratory,two-sided,0.1784536937784964,0.4554494939658538,benjamini_hochberg,False
var_ratio_60d,10,2.0,filtered,soft,1749,9,20,calm,-0.001391780772100215,1075.1534469960363,-0.00277172087347872,0.006895519361149648,-0.4019596970599482,uniform,0.006289994430639832,-0.4406555369869818,bartlett,,,,,,,,
var_ratio_60d,10,2.0,filtered,soft,1749,9,20,stress,0.012737487156435133,847.6079478794231,0.014535009542869638,0.010513259034466317,1.3825407987398148,uniform,0.009732839662218789,1.493398642874191,bartlett,,,,,,,,
var_ratio_60d,10,2.0,filtered,soft,1749,9,20,contrast,,,0.017306730416348358,0.012862375891023898,1.345531382613844,uniform,0.011797690035385182,1.466959240702183,bartlett,stress - calm,0.142387143509195,robustness,two-sided,0.17845369377849707,,,
var_ratio_60d,10,2.0,window,hard,1749,9,20,calm,-0.0018862794028841263,985.0,-0.0018862794028841265,0.0066645829997392415,-0.28303037158632866,uniform,0.0060386827428803354,-0.3123660379588691,bartlett,,,,,,,,
var_ratio_60d,10,2.0,window,hard,1749,9,20,stress,0.013293158894760394,764.0,0.013293158894760395,0.00971268430985045,1.3686390364071326,uniform,0.008991460239742411,1.4784204723504644,bartlett,,,,,,,,
var_ratio_60d,10,2.0,window,hard,1749,9,20,contrast,,,0.015179438297644522,0.011398743046790416,1.3316765046229067,uniform,0.010385141328491979,1.461649660558709,bartlett,stress - calm,0.14383723839446416,robustness,two-sided,0.1829665131406728,,,
var_ratio_60d,10,3.0,window,soft,1749,9,20,calm,0.0019226521566700766,871.7946608073439,0.006108482339833603,0.008437684933973072,0.7239524096519314,uniform,0.007930277519056226,0.7702734645988236,bartlett,,,,,,,,
var_ratio_60d,10,3.0,window,soft,1749,9,20,middle,-0.003230274872174006,1020.8057081943003,-0.01851484142444896,0.014698408857408399,-1.2596493677692857,uniform,0.013735726958221936,-1.3479331294778205,bartlett,,,,,,,,
var_ratio_60d,10,3.0,window,soft,1749,9,20,stress,0.018783650920316922,657.0340248513082,0.0319429532946587,0.015246058525859954,2.0951613979756094,uniform,0.013820697421421,2.311240331848205,bartlett,,,,,,,,
var_ratio_60d,10,3.0,window,soft,1749,9,20,contrast,,,0.0258344709548251,0.016992803048071974,1.5203183890109473,uniform,0.01551458378626437,1.6651733176172798,bartlett,stress - calm,0.09587818266175407,exploratory,two-sided,0.12843097452027052,0.37459034235078903,benjamini_hochberg,False
var_ratio_60d,10,3.0,filtered,soft,1749,9,20,calm,0.00224708259782975,803.8550100607764,0.00502260992648981,0.007861990635099228,0.6388471011485017,uniform,0.0073809246163793465,0.6804851949502244,bartlett,,,,,,,,
var_ratio_60d,10,3.0,filtered,soft,1749,9,20,middle,-0.004867495716785369,875.8788487341076,-0.014424065006086286,0.012743164947818339,-1.1319060111951011,uniform,0.011905639639334558,-1.2115321346054524,bartlett,,,,,,,,
var_ratio_60d,10,3.0,filtered,soft,1749,9,20,stress,0.02054997648045312,585.1486073914172,0.028717226226296924,0.014025614090343103,2.0474844125412854,uniform,0.012707729124665479,2.25982360377491,bartlett,,,,,,,,
var_ratio_60d,10,3.0,filtered,soft,1749,9,20,contrast,,,0.023694616299807115,0.01590599074386158,1.4896661692671558,uniform,0.01452836550670846,1.6309209930646464,bartlett,stress - calm,0.10290699146923155,robustness,two-sided,0.1363120341703541,,,
var_ratio_60d,10,3.0,window,hard,1749,9,20,rest,-0.0011291823110671784,1273.0,-0.0011291823110671786,0.006234802619791767,-0.18110955228681988,uniform,0.005831986372203762,-0.19361881852966142,bartlett,,,,,,,,
var_ratio_60d,10,3.0,window,hard,1749,9,20,stress,0.020452599297782762,476.0,0.020452599297782762,0.012715206482136967,1.6085149168844184,uniform,0.011680175028560608,1.751052466916946,bartlett,,,,,,,,
var_ratio_60d,10,3.0,window,hard,1749,9,20,contrast,,,0.02158178160884994,0.013967659436232982,1.5451251304757223,uniform,0.012968585676672924,1.6641584631445117,bartlett,stress - rest,0.09608076632735418,robustness,two-sided,0.12231599943987059,,,
var_ratio_60d,10,,none,stress_vol,1730,9,20,calm,-0.0006221739190963501,860.0,-0.0006221739190963501,0.006552166514822908,-0.09495697609161971,uniform,0.006049854566902044,-0.10284113646304516,bartlett,,,,,,,,
var_ratio_60d,10,,none,stress_vol,1730,9,20,stress,0.009742527084773219,870.0,0.009742527084773219,0.00925092984686904,1.053140305465678,uniform,0.008563823885138475,1.1376374871137,bartlett,,,,,,,,
var_ratio_60d,10,,none,stress_vol,1730,9,20,contrast,,,0.010364701003869568,0.010825005587799141,0.957477658538266,uniform,0.010002901681291441,1.0361694370399346,bartlett,stress - calm,0.30012310249805707,robustness,two-sided,0.3383262177094919,,,
ret_vol_corr_60d,10,2.0,window,soft,1749,9,20,calm,-0.008205582316569968,1120.073976111785,-0.005571182035898419,0.007688397088126554,-0.7246220469676546,uniform,0.007063911211553573,-0.7886823417013396,bartlett,,,,,,,,
ret_vol_corr_60d,10,2.0,window,soft,1749,9,20,stress,-0.02470989069224609,895.844776796752,-0.028140750551487466,0.012604116743334205,-2.2326634324749444,uniform,0.011323122091274415,-2.4852465887630673,bartlett,,,,,,,,
ret_vol_corr_60d,10,2.0,window,soft,1749,9,20,contrast,,,-0.02256956851558905,0.0159249737513502,-1.417243687053204,uniform,0.014412752832900966,-1.5659443256438816,bartlett,stress - calm,0.11736165157967007,exploratory,two-sided,0.15641169303920657,0.4344769251089071,benjamini_hochberg,False
ret_vol_corr_60d,10,2.0,filtered,soft,1749,9,20,calm,-0.007800572138692823,1075.1534469960363,-0.006097397102039628,0.0074607104860523075,-0.817267619945664,uniform,0.0068552506777388835,-0.8894491811714136,bartlett,,,,,,,,
ret_vol_corr_60d,10,2.0,filtered,soft,1749,9,20,stress,-0.02523945691204392,847.6079478794231,-0.027458028032154306,0.012182236028596666,-2.2539399144540573,uniform,0.010943057165082225,-2.5091734072055347,bartlett,,,,,,,,
ret_vol_corr_60d,10,2.0,filtered,soft,1749,9,20,contrast,,,-0.021360630930114678,0.015071953486367994,-1.4172436870532112,uniform,0.013640734590823688,-1.5659443256438896,bartlett,stress - calm,0.1173616515796681,robustness,two-sided,0.1564116930392044,,,
ret_vol_corr_60d,10,2.0,window,hard,1749,9,20,calm,-0.007116338535683619,985.0,-0.007116338535683619,0.006989199037756667,-1.018190853807443,uniform,0.00641274740279797,-1.1097175810446958,bartlett,,,,,,,,
ret_vol_corr_60d,10,2.0,window,hard,1749,9,20,stress,-0.026020570821415963,764.0,-0.026020570821415963,0.011133579506114108,-2.3371253429435273,uniform,0.00999465912453963,-2.6034475510553756,bartlett,,,,,,,,
ret_vol_corr_60d,10,2.0,window,hard,1749,9,20,contrast,,,-0.018904232285732344,0.012990585101931889,-1.455225622048464,uniform,0.011741290350709158,-1.6100642877458997,bartlett,stress - calm,0.10738382239483157,robustness,two-sided,0.14560680981131557,,,
ret_vol_corr_60d,10,3.0,window,soft,1749,9,20,calm,-0.009786571106143598,871.7946608073439,-0.011034538449382288,0.01018548296591009,-1.0833593739554532,uniform,0.009248255032635226,-1.1931481571868021,bartlett,,,,,,,,
ret_vol_corr_60d,10,3.0,window,soft,1749,9,20,middle,-0.010759109917698758,1020.8057081943003,-0.0010992520562269556,0.011971353562241433,-0.09182353946124196,uniform,0.01101079372719068,-0.09983404316370036,bartlett,,,,,,,,
ret_vol_corr_60d,10,3.0,window,soft,1749,9,20,stress,-0.029165727302085807,657.0340248513082,-0.039485062368596835,0.01898143886144811,-2.080193322372005,uniform,0.017336791565464724,-2.277529969688968,bartlett,,,,,,,,
ret_vol_corr_60d,10,3.0,window,soft,1749,9,20,contrast,,,-0.028450523919214547,0.021224409720190546,-1.340462434257942,uniform,0.019328895049336603,-1.4719167260516017,bartlett,stress - calm,0.14104336629228817,exploratory,two-sided,0.18009504945258645,0.4554494939658538,benjamini_hochberg,False
ret_vol_corr_60d,10,3.0,filtered,soft,1749,9,20,calm,-0.009757796142575213,803.8550100607764,-0.010623253384503883,0.009574384552161776,-1.1095494782591833,uniform,0.008695648706907071,-1.2216746263065674,bartlett,,,,,,,,
ret_vol_corr_60d,10,3.0,filtered,soft,1749,9,20,middle,-0.0097139178234498,875.8788487341076,-0.003718684023180735,0.010288026520339768,-0.36145746862420836,uniform,0.009451923120528947,-0.39343147164453773,bartlett,,,,,,,,
ret_vol_corr_60d,10,3.0,filtered,soft,1749,9,20,stress,-0.030631716118450728,585.1486073914172,-0.03701229747411845,0.01755952385763682,-2.1078189690218405,uniform,0.01602457969658525,-2.3097203280785936,bartlett,,,,,,,,
ret_vol_corr_60d,10,3.0,filtered,soft,1749,9,20,contrast,,,-0.02638904408961457,0.01987095065931068,-1.328021217608418,uniform,0.018091253906446628,-1.4586630769805906,bartlett,stress - calm,0.14465786332018837,robustness,two-sided,0.18417109764179837,,,
ret_vol_corr_60d,10,3.0,window,hard,1749,9,20,rest,-0.010110098329567697,1273.0,-0.0101100983295677,0.0061953553880075805,-1.6318835153731344,uniform,0.00566679624414155,-1.7840942031433944,bartlett,,,,,,,,
ret_vol_corr_60d,10,3.0,window,hard,1749,9,20,stress,-0.02945200502451787,476.0,-0.02945200502451787,0.01577357309180177,-1.8671739657912634,uniform,0.01433224226262827,-2.054947473314403,bartlett,,,,,,,,
ret_vol_corr_60d,10,3.0,window,hard,1749,9,20,contrast,,,-0.019341906694950173,0.016675408505506775,-1.1599060190077402,uniform,0.015225294234128236,-1.2703798296123796,bartlett,stress - rest,0.20394936455615006,robustness,two-sided,0.24608707187055495,,,
ret_vol_corr_60d,10,,none,stress_vol,1730,9,20,calm,-0.00856533704906275,860.0,-0.00856533704906275,0.007473840790071408,-1.1460422143914726,uniform,0.006882425774345102,-1.244522982142555,bartlett,,,,,,,,
ret_vol_corr_60d,10,,none,stress_vol,1730,9,20,stress,-0.023445933156676185,870.0,-0.023445933156676185,0.009945366161352482,-2.357473096142671,uniform,0.0088678615765858,-2.6439218693468898,bartlett,,,,,,,,
ret_vol_corr_60d,10,,none,stress_vol,1730,9,20,contrast,,,-0.014880596107613435,0.012228883148406767,-1.2168401584205295,uniform,0.01105426935745059,-1.3461401768343826,bartlett,stress - calm,0.17825731369160858,robustness,two-sided,0.22366503743551228,,,
ret_20d_ind_rel,10,2.0,window,soft,1749,9,20,calm,-0.008151586182033611,1120.073976111785,-0.005494360551981974,0.007578827073672851,-0.7249618573655221,uniform,0.0070290544804493755,-0.781664243357908,bartlett,,,,,,,,
ret_20d_ind_rel,10,2.0,window,soft,1749,9,20,stress,-0.02479889355741207,895.844776796752,-0.028259479565536687,0.014376053257087925,-1.9657328099841116,uniform,0.012842346217184638,-2.2004919574370323,bartlett,,,,,,,,
ret_20d_ind_rel,10,2.0,window,soft,1749,9,20,contrast,,,-0.022765119013554713,0.017106267597684372,-1.3308057344219475,uniform,0.015343781965804602,-1.483670653316726,bartlett,stress - calm,0.1378963154063023,exploratory,two-sided,0.18325294060373473,0.4554494939658538,benjamini_hochberg,False
ret_20d_ind_rel,10,2.0,filtered,soft,1749,9,20,calm,-0.007743066856787972,1075.1534469960363,-0.006025134926297396,0.007365763254746635,-0.8179919334788132,uniform,0.006836649564167333,-0.881299365975507,bartlett,,,,,,,,
ret_20d_ind_rel,10,2.0,filtered,soft,1749,9,20,stress,-0.025333048120930984,847.6079478794231,-0.027570841703668865,0.013913038580225558,-1.9816549450854672,uniform,0.012430814940439508,-2.217943218990119,bartlett,,,,,,,,
ret_20d_ind_rel,10,2.0,filtered,soft,1749,9,20,contrast,,,-0.02154570677737147,0.01618997139859042,-1.330805734421949,uniform,0.014521893203998002,-1.483670653316728,bartlett,stress - calm,0.13789631540630176,robustness,two-sided,0.18325294060373432,,,
ret_20d_ind_rel,10,2.0,window,hard,1749,9,20,calm,-0.008100537824047108,985.0,-0.00810053782404711,0.007069764763977637,-1.1458001920122631,uniform,0.006560946069752659,-1.234660022796452,bartlett,,,,,,,,
ret_20d_ind_rel,10,2.0,window,hard,1749,9,20,stress,-0.024770251191289543,764.0,-0.024770251191289543,0.012792148420895676,-1.9363636487228304,uniform,0.011429779955174387,-2.1671678097421094,bartlett,,,,,,,,
ret_20d_ind_rel,10,2.0,window,hard,1749,9,20,contrast,,,-0.016669713367242434,0.014130740128824723,-1.1796773003587095,uniform,0.012668726803201745,-1.3158159952608282,bartlett,stress - calm,0.18823580929808487,robustness,two-sided,0.23812858546203416,,,
ret_20d_ind_rel,10,3.0,window,soft,1749,9,20,calm,-0.00653351911579327,871.7946608073439,-0.007384417953841255,0.009234266168448205,-0.7996756666027732,uniform,0.008672497184876985,-0.8514753935830767,bartlett,,,,,,,,
ret_20d_ind_rel,10,3.0,window,soft,1749,9,20,middle,-0.009860187482033395,1020.8057081943003,0.0021437854079767726,0.01706584460627957,0.12561847698929257,uniform,0.01586106185014514,0.13516027036721728,bartlett,,,,,,,,
ret_20d_ind_rel,10,3.0,window,soft,1749,9,20,stress,-0.03498410950546665,657.0340248513082,-0.04881058720181182,0.020729998939103888,-2.3545870573943115,uniform,0.01843481224452359,-2.6477398605625577,bartlett,,,,,,,,
ret_20d_ind_rel,10,3.0,window,soft,1749,9,20,contrast,,,-0.041426169247970566,0.022163891334598274,-1.8690837553107604,uniform,0.0198613318594641,-2.0857699544570387,bartlett,stress - calm,0.036999466264688044,exploratory,two-sided,0.06161116271079109,0.3171162786584836,benjamini_hochberg,False
ret_20d_ind_rel,10,3.0,filtered,soft,1749,9,20,calm,-0.006380658588701388,803.8550100607764,-0.007011051352504358,0.008594784336813157,-0.8157332491141915,uniform,0.00807115315974894,-0.8686554713728716,bartlett,,,,,,,,
ret_20d_ind_rel,10,3.0,filtered,soft,1749,9,20,middle,-0.008556120871348095,875.8788487341076,-0.0011283500371886135,0.014751862314376167,-0.07648865025597479,uniform,0.013716182681416706,-0.08226414472572986,bartlett,,,,,,,,
ret_20d_ind_rel,10,3.0,filtered,soft,1749,9,20,stress,-0.03698097018655875,585.1486073914172,-0.045520353436087284,0.01909473851888503,-2.3839212771134237,uniform,0.01696875744592392,-2.6825979203929142,bartlett,,,,,,,,
ret_20d_ind_rel,10,3.0,filtered,soft,1749,9,20,contrast,,,-0.03850930208358293,0.020707283194353023,-1.8596984318099539,uniform,0.01856227554687875,-2.0746002819712626,bartlett,stress - calm,0.03802359595765159,robustness,two-sided,0.06292820403400026,,,
ret_20d_ind_rel,10,3.0,window,hard,1749,9,20,rest,-0.007560655987302829,1273.0,-0.007560655987302829,0.006980198780065294,-1.0831576901355962,uniform,0.00648710581503212,-1.1654898506176739,bartlett,,,,,,,,
ret_20d_ind_rel,10,3.0,window,hard,1749,9,20,stress,-0.03629997183822501,476.0,-0.036299971838225004,0.016818513124559065,-2.1583341862259116,uniform,0.014973588929782884,-2.424266620945053,bartlett,,,,,,,,
ret_20d_ind_rel,10,3.0,window,hard,1749,9,20,contrast,,,-0.028739315850922174,0.01787881225291336,-1.6074510680226584,uniform,0.016048596423054257,-1.7907681826703141,bartlett,stress - rest,0.07333050306153863,robustness,two-sided,0.10795545518879632,,,
ret_20d_ind_rel,10,,none,stress_vol,1730,9,20,calm,-0.0054846849807326835,860.0,-0.0054846849807326835,0.007122438782879173,-0.7700571599038097,uniform,0.0067051394527633595,-0.817982238754528,bartlett,,,,,,,,
ret_20d_ind_rel,10,,none,stress_vol,1730,9,20,stress,-0.024950577173801863,870.0,-0.024950577173801863,0.011928495990261807,-2.0916783804237373,uniform,0.010730377349176597,-2.3252283085567784,bartlett,,,,,,,,
ret_20d_ind_rel,10,,none,stress_vol,1730,9,20,contrast,,,-0.01946589219306918,0.013554345174373506,-1.4361366737120085,uniform,0.01234262653358231,-1.577127213572055,bartlett,stress - calm,0.11476625659642643,robustness,two-sided,0.15096345430552408,,,
ind_mom_12_1,10,2.0,window,soft,1749,9,20,calm,0.0029792240022126805,1120.073976111785,0.0030179482331053,0.02047195068597476,0.14741869396807813,uniform,0.01907198057604301,0.15823989653682072,bartlett,,,,,,,,
ind_mom_12_1,10,2.0,window,soft,1749,9,20,stress,0.002736619773481068,895.844776796752,0.0026861880261402236,0.025017514682163632,0.10737229737913796,uniform,0.022202487985792347,0.12098590157369522,bartlett,,,,,,,,
ind_mom_12_1,10,2.0,window,soft,1749,9,20,contrast,,,-0.00033176020696507654,0.0343206345592295,-0.009666493968593003,uniform,0.030744968810319784,-0.010790715352871611,bartlett,stress - calm,0.9913904219027986,exploratory,two-sided,0.9922873738182724,0.9930288789663234,benjamini_hochberg,False
ind_mom_12_1,10,2.0,filtered,soft,1749,9,20,calm,0.002985177428408757,1075.1534469960363,0.003010213161912818,0.019927341109479055,0.1510594486928774,uniform,0.018580313167921088,0.1620108947953553,bartlett,,,,,,,,
ind_mom_12_1,10,2.0,filtered,soft,1749,9,20,stress,0.0027288354421784585,847.6079478794231,0.002696223670559245,0.024188172612712878,0.11146867990937676,uniform,0.02147820385457836,0.1255330142508406,bartlett,,,,,,,,
ind_mom_12_1,10,2.0,filtered,soft,1749,9,20,contrast,,,-0.00031398949135357304,0.032482251825092234,-0.009666493968593,uniform,0.029098116397817377,-0.010790715352871608,bartlett,stress - calm,0.9913904219027986,robustness,two-sided,0.9922873738182724,,,
ind_mom_12_1,10,2.0,window,hard,1749,9,20,calm,0.003843147130010151,985.0,0.0038431471300101514,0.019058513816123186,0.20164988556237334,uniform,0.01773137742415578,0.21674272889677268,bartlett,,,,,,,,
ind_mom_12_1,10,2.0,window,hard,1749,9,20,stress,0.0016241687245059323,764.0,0.0016241687245059323,0.022002987475149748,0.07381582734345844,uniform,0.019551138258632757,0.08307284737188049,bartlett,,,,,,,,
ind_mom_12_1,10,2.0,window,hard,1749,9,20,contrast,,,-0.002218978405504219,0.02826533401861778,-0.0785052957110864,uniform,0.025213386429301904,-0.08800794814794964,bartlett,stress - calm,0.9298703589488799,robustness,two-sided,0.9374261178578007,,,
ind_mom_12_1,10,3.0,window,soft,1749,9,20,calm,-0.005698553994222478,871.7946608073439,-0.022808270560817526,0.025034960935336113,-0.9110567665645654,uniform,0.02340837266249022,-0.97436378383388,bartlett,,,,,,,,
ind_mom_12_1,10,3.0,window,soft,1749,9,20,middle,0.025992352182000574,1020.8057081943003,0.06685116271209651,0.03423772967790931,1.952558284120979,uniform,0.03187467862552375,2.0973125250136713,bartlett,,,,,,,,
ind_mom_12_1,10,3.0,window,soft,1749,9,20,stress,-0.01381841414401603,657.0340248513082,-0.0405121751678275,0.03850768961039069,-1.0520541631481297,uniform,0.033643837625155125,-1.204148457117062,bartlett,,,,,,,,
ind_mom_12_1,10,3.0,window,soft,1749,9,20,contrast,,,-0.017703904607009973,0.04469458925027356,-0.3961084530361047,uniform,0.03989369220958959,-0.443777039086754,bartlett,stress - calm,0.6572037904866039,exploratory,two-sided,0.6920250226406159,0.8020157547159457,benjamini_hochberg,False
ind_mom_12_1,10,3.0,filtered,soft,1749,9,20,calm,-0.007556331774750504,803.8550100607764,-0.018740584916090975,0.0235267695468625,-0.7965643085321161,uniform,0.022015828751110862,-0.8512323168913354,bartlett,,,,,,,,
ind_mom_12_1,10,3.0,filtered,soft,1749,9,20,middle,0.030324640147575452,875.8788487341076,0.0560599503636379,0.02951527992114132,1.8993535048089807,uniform,0.027548304392586726,2.0349691786737947,bartlett,,,,,,,,
ind_mom_12_1,10,3.0,filtered,soft,1749,9,20,stress,-0.01705886752158506,585.1486073914172,-0.03372812253192914,0.03531945633733917,-0.9549445554820815,uniform,0.030846655895983285,-1.0934126099653176,bartlett,,,,,,,,
ind_mom_12_1,10,3.0,filtered,soft,1749,9,20,contrast,,,-0.014987537615838164,0.041855092907741025,-0.3580815756131375,uniform,0.037385929084372,-0.4008871247258431,bartlett,stress - calm,0.6885032296868239,robustness,two-sided,0.7202822666495112,,,
ind_mom_12_1,10,3.0,window,hard,1749,9,20,rest,0.011711889530775843,1273.0,0.011711889530775843,0.016356235167001965,0.716050448724539,uniform,0.015434372382982144,0.7588186445267647,bartlett,,,,,,,,
ind_mom_12_1,10,3.0,window,hard,1749,9,20,stress,-0.02076233307582988,476.0,-0.02076233307582988,0.030242732377975572,-0.6865230567245358,uniform,0.026757118354230135,-0.7759554971863211,bartlett,,,,,,,,
ind_mom_12_1,10,3.0,window,hard,1749,9,20,contrast,,,-0.03247422260660572,0.03385087471283362,-0.9593318601688605,uniform,0.0303956051782358,-1.0683854595485494,bartlett,stress - rest,0.2853466732364499,robustness,two-sided,0.33739158999013263,,,
ind_mom_12_1,10,,none,stress_vol,1730,9,20,calm,-0.0005093687171690078,860.0,-0.0005093687171690078,0.019375139785820113,-0.026289808631047625,uniform,0.018065875365131358,-0.028195075349192977,bartlett,,,,,,,,
ind_mom_12_1,10,,none,stress_vol,1730,9,20,stress,0.005862689908851693,870.0,0.005862689908851693,0.021407371255893908,0.27386313988634026,uniform,0.019256265029642772,0.3044562328066614,bartlett,,,,,,,,
ind_mom_12_1,10,,none,stress_vol,1730,9,20,contrast,,,0.0063720586260207004,0.027780095401897634,0.22937497275784843,uniform,0.025090562575464243,0.25396236560482144,bartlett,stress - calm,0.799524632957771,robustness,two-sided,0.8185774864962974,,,
