formula,fitness,terminals,seed,max_corr
"ts_decay(sub(sub(sub(neg(ts_zscore(stoch, w10)), stoch), ts_corr(beta60, gap, w20)), ts_corr(beta60, ts_corr(beta60, gap, w20), w20)), w_id(w10))",4.61088226359317,"beta60,c_ma20,c_ma60,co,gap,hl,ret1,stoch,vol20",8,0.5158
"ts_decay(sub(sub(sub(neg(ts_zscore(stoch, w_id(w_id(w5)))), stoch), ts_corr(beta60, ts_corr(beta60, gap, w20), w20)), ts_corr(beta60, gap, w20)), w_id(w_id(w20)))",4.561522946232654,"beta60,c_ma20,c_ma60,co,gap,hl,ret1,stoch,vol20",8,0.3749
"ts_decay(sub(sub(neg(ts_zscore(stoch, w_id(w_id(w10)))), ts_corr(beta60, gap, w20)), ts_corr(beta60, ts_corr(beta60, gap, w20), w20)), w10)",4.505837598029914,"beta60,c_ma20,c_ma60,co,gap,hl,ret1,stoch,vol20",8,0.7514
"ts_decay(sub(sub(neg(ts_zscore(stoch, w_id(w_id(w10)))), ts_corr(beta60, gap, w20)), ts_corr(beta60, ts_corr(beta60, gap, w20), w20)), w_id(w10))",4.505837598029914,"beta60,c_ma20,c_ma60,co,gap,hl,ret1,stoch,vol20",8,0.7514
"ts_decay(sub(sub(neg(ts_zscore(stoch, w10)), ts_corr(beta60, gap, w_id(w_id(w20)))), ts_corr(beta60, ts_corr(beta60, gap, w20), w20)), w_id(w20))",4.505272955060376,"beta60,c_ma20,c_ma60,co,gap,hl,ret1,stoch,vol20",8,0.8302
"ts_decay(sub(sub(neg(ts_zscore(stoch, w_id(w_id(w10)))), stoch), ts_corr(beta60, ts_corr(beta60, gap, w20), w20)), w_id(w_id(w_id(w10))))",4.2725883744058075,"beta60,c_ma20,c_ma60,co,gap,hl,ret1,stoch,vol20",8,0.8241
"ts_decay(sub(sub(neg(ts_zscore(stoch, w_id(w10))), stoch), ts_corr(beta60, ts_corr(beta60, gap, w20), w20)), w_id(w10))",4.2725883744058075,"beta60,c_ma20,c_ma60,co,gap,hl,ret1,stoch,vol20",8,0.8241
"ts_decay(sub(sub(neg(ts_zscore(stoch, w_id(w_id(w10)))), stoch), ts_corr(beta60, ts_corr(beta60, gap, w20), w20)), w_id(w_id(w_id(w_id(w_id(w_id(w10)))))))",4.2725883744058075,"beta60,c_ma20,c_ma60,co,gap,hl,ret1,stoch,vol20",8,0.8241
"ts_decay(sub(sub(neg(ts_zscore(stoch, w10)), stoch), ts_corr(beta60, ts_corr(beta60, gap, w20), w20)), w_id(w_id(w_id(w10))))",4.2725883744058075,"beta60,c_ma20,c_ma60,co,gap,hl,ret1,stoch,vol20",8,0.8241
"ts_decay(sub(sub(neg(ts_zscore(stoch, w_id(w10))), stoch), ts_corr(beta60, ts_corr(beta60, gap, w20), w20)), w10)",4.2725883744058075,"beta60,c_ma20,c_ma60,co,gap,hl,ret1,stoch,vol20",8,0.8241
"ts_decay(sub(sub(neg(ts_zscore(stoch, w_id(w_id(w10)))), stoch), ts_corr(beta60, ts_corr(beta60, gap, w20), w_id(w_id(w20)))), w10)",4.2725883744058075,"beta60,c_ma20,c_ma60,co,gap,hl,ret1,stoch,vol20",8,0.8241
"ts_decay(sub(sub(neg(ts_zscore(stoch, w10)), stoch), ts_corr(beta60, ts_corr(beta60, gap, w20), w20)), w10)",4.2725883744058075,"beta60,c_ma20,c_ma60,co,gap,hl,ret1,stoch,vol20",8,0.8241
"ts_decay(sub(sub(neg(ts_zscore(stoch, w10)), stoch), ts_corr(beta60, ts_corr(beta60, gap, w20), w20)), w_id(w_id(w_id(w_id(w_id(w_id(w_id(w10))))))))",4.2725883744058075,"beta60,c_ma20,c_ma60,co,gap,hl,ret1,stoch,vol20",8,0.8241
"ts_decay(sub(sub(neg(ts_zscore(stoch, w10)), stoch), ts_corr(beta60, ts_corr(beta60, gap, w20), w20)), w_id(w_id(w10)))",4.2725883744058075,"beta60,c_ma20,c_ma60,co,gap,hl,ret1,stoch,vol20",8,0.8241
"ts_decay(sub(sub(neg(ts_zscore(stoch, w_id(w_id(w10)))), stoch), ts_corr(beta60, ts_corr(beta60, gap, w20), w20)), w10)",4.2725883744058075,"beta60,c_ma20,c_ma60,co,gap,hl,ret1,stoch,vol20",8,0.8241
"ts_decay(mul(add(ret5, ts_corr(ts_median(neg(ret20), w_id(w60)), c_ma20, w60)), neg(stoch)), w_id(w_id(w_id(w20))))",6.156270166444902,"beta60,c_ma20,dv_adv,gap,hl,ret1,ret20,ret5,stoch",5,0.0999
"ts_decay(mul(cs_rank(div(add(ret5, ts_corr(ts_median(neg(ret20), w60), c_ma20, w60)), c_ma20)), mul(hl, neg(stoch))), w_id(w_id(w20)))",5.689405336879292,"beta60,c_ma20,dv_adv,gap,hl,ret1,ret20,ret5,stoch",5,0.8691
"ts_decay(mul(cs_rank(div(add(ret5, ts_corr(ts_median(neg(ret20), w_id(w60)), c_ma20, w60)), c_ma20)), mul(hl, neg(stoch))), w_id(w_id(w20)))",5.689405336879292,"beta60,c_ma20,dv_adv,gap,hl,ret1,ret20,ret5,stoch",5,0.8691
"ts_decay(mul(cs_rank(div(add(c_ma20, ts_corr(ts_median(neg(ret20), w60), c_ma20, w60)), c_ma20)), mul(hl, neg(stoch))), w_id(w_id(w20)))",5.6112748179716325,"beta60,c_ma20,dv_adv,gap,hl,ret1,ret20,ret5,stoch",5,0.8758
"ts_decay(mul(cs_rank(div(add(ret5, ts_corr(ts_median(neg(ret20), w_id(w60)), c_ma20, w60)), c_ma20)), mul(hl, neg(stoch))), w_id(w60))",5.520100683485439,"beta60,c_ma20,dv_adv,gap,hl,ret1,ret20,ret5,stoch",5,0.7503
"ts_decay(mul(cs_rank(div(add(ret5, ts_corr(ts_median(neg(ret20), w_id(w60)), c_ma20, w60)), c_ma20)), mul(hl, neg(stoch))), w60)",5.520100683485439,"beta60,c_ma20,dv_adv,gap,hl,ret1,ret20,ret5,stoch",5,0.7503
"ts_decay(mul(cs_rank(div(add(ret5, ts_corr(ts_median(neg(ret20), w_id(w60)), c_ma20, w60)), c_ma20)), mul(hl, neg(stoch))), w_id(w_id(w10)))",5.303935264462371,"beta60,c_ma20,dv_adv,gap,hl,ret1,ret20,ret5,stoch",5,0.8276
"ts_decay(mul(cs_rank(div(add(ret5, ts_corr(ts_median(neg(ret20), w_id(w60)), c_ma20, w60)), c_ma20)), mul(hl, neg(stoch))), w10)",5.303935264462371,"beta60,c_ma20,dv_adv,gap,hl,ret1,ret20,ret5,stoch",5,0.8276
"ts_decay(mul(cs_rank(div(add(ret5, ts_corr(ts_median(neg(ret20), w_id(w60)), c_ma20, w60)), c_ma20)), mul(hl, neg(stoch))), w_id(w10))",5.303935264462371,"beta60,c_ma20,dv_adv,gap,hl,ret1,ret20,ret5,stoch",5,0.8276
"ts_decay(mul(cs_rank(div(add(ret5, ts_corr(ts_median(neg(ret20), w_id(w60)), c_ma20, w60)), c_ma20)), mul(c_ma20, neg(stoch))), w_id(w10))",5.280091505622054,"beta60,c_ma20,dv_adv,gap,hl,ret1,ret20,ret5,stoch",5,0.818
"ts_decay(mul(cs_rank(div(add(ret5, ts_corr(ts_median(neg(ret20), w_id(w60)), c_ma20, w_id(w60))), c_ma20)), mul(ts_corr(gap, c_ma20, w60), neg(stoch))), w10)",5.244118195566427,"beta60,c_ma20,dv_adv,gap,hl,ret1,ret20,ret5,stoch",5,0.5472
"ts_decay(mul(cs_rank(div(add(ret5, ts_corr(ts_median(neg(ret20), w_id(w60)), c_ma20, w60)), c_ma20)), mul(ts_corr(gap, c_ma20, w60), neg(stoch))), w10)",5.244118195566427,"beta60,c_ma20,dv_adv,gap,hl,ret1,ret20,ret5,stoch",5,0.5472
"ts_decay(mul(cs_rank(div(add(ret5, ts_corr(ts_median(neg(ret20), w_id(w60)), c_ma20, w60)), stoch)), mul(hl, neg(stoch))), w60)",5.171815063492556,"beta60,c_ma20,dv_adv,gap,hl,ret1,ret20,ret5,stoch",5,0.7203
"ts_decay(mul(cs_rank(div(add(ret5, ts_corr(ts_median(neg(ret20), w60), c_ma20, w60)), c_ma20)), mul(hl, neg(c_ma20))), w_id(w_id(w20)))",5.071551165834714,"beta60,c_ma20,dv_adv,gap,hl,ret1,ret20,ret5,stoch",5,0.9047
"ts_decay(mul(cs_rank(div(add(add(ret5, ts_corr(gap, c_ma20, w60)), ts_corr(ts_median(neg(ret20), w_id(w60)), c_ma20, w60)), c_ma20)), mul(hl, neg(stoch))), w5)",5.032789596894483,"beta60,c_ma20,dv_adv,gap,hl,ret1,ret20,ret5,stoch",5,0.7145
"ts_sum(ts_delta(cs_zscore(add(add(ts_mean(ts_corr(signlog(dv_adv), ts_max(dv_adv, w20), w_id(w5)), w5), beta60), cs_zscore(add(ts_mean(ts_decay(dv_adv, w60), w_id(w20)), beta60)))), w20), w60)",14.681570895437929,"beta60,c_ma60,co,dv_adv,hl,ret1,ret20,v_ma20,vol20",0,0.0
"ts_sum(ts_delta(cs_zscore(add(add(ts_mean(ts_corr(signlog(dv_adv), ts_max(dv_adv, w20), w5), w_id(w5)), ret1), cs_zscore(ts_min(ts_delta(co, w60), w20)))), w10), w60)",13.14989279631621,"beta60,c_ma60,co,dv_adv,hl,ret1,ret20,v_ma20,vol20",0,0.5851
"ts_sum(ts_delta(cs_zscore(add(add(ts_mean(ts_corr(signlog(ret1), ts_max(dv_adv, w20), w5), w5), ret1), cs_zscore(ts_min(ts_delta(co, w60), w20)))), w10), w60)",11.62170840491754,"beta60,c_ma60,co,dv_adv,hl,ret1,ret20,v_ma20,vol20",0,0.5106
"ts_sum(ts_delta(cs_zscore(add(add(ts_mean(ts_corr(signlog(ret1), ts_max(dv_adv, w20), w5), w_id(w5)), ret1), cs_zscore(ts_min(ts_delta(co, w60), w20)))), w10), w60)",11.62170840491754,"beta60,c_ma60,co,dv_adv,hl,ret1,ret20,v_ma20,vol20",0,0.5106
"ts_sum(ts_delta(cs_zscore(add(add(ts_mean(ts_corr(neg(ret20), ts_max(dv_adv, w20), w_id(w5)), w_id(w5)), beta60), cs_zscore(add(ts_mean(neg(ret1), w_id(w5)), beta60)))), w10), w60)",10.873052381631158,"beta60,c_ma60,co,dv_adv,hl,ret1,ret20,v_ma20,vol20",0,0.708
"ts_sum(ts_delta(cs_zscore(add(add(ts_mean(ts_corr(neg(ret20), ts_max(dv_adv, w20), w_id(w5)), w_id(w5)), beta60), cs_zscore(add(ts_mean(cs_rank(co), w60), beta60)))), w10), w60)",10.649326908084305,"beta60,c_ma60,co,dv_adv,hl,ret1,ret20,v_ma20,vol20",0,0.7097
"ts_sum(ts_delta(cs_zscore(add(add(ts_mean(ts_corr(neg(ret20), ts_max(dv_adv, w20), w_id(w5)), w_id(w5)), beta60), cs_zscore(add(ts_mean(neg(ret1), w60), beta60)))), w10), w60)",10.542368646838197,"beta60,c_ma60,co,dv_adv,hl,ret1,ret20,v_ma20,vol20",0,0.7102
"ts_sum(ts_delta(cs_zscore(add(add(ts_mean(ts_corr(signlog(dv_adv), ts_max(dv_adv, w20), w_id(w5)), w5), ret1), cs_zscore(add(ts_mean(neg(v_ma20), w5), beta60)))), w10), w60)",10.27534798005726,"beta60,c_ma60,co,dv_adv,hl,ret1,ret20,v_ma20,vol20",0,0.7377
"ts_sum(ts_delta(cs_zscore(add(add(ts_mean(ts_corr(signlog(dv_adv), ts_max(dv_adv, w20), w5), w_id(w5)), ret1), cs_zscore(add(ts_mean(neg(v_ma20), w5), beta60)))), w10), w60)",10.27534798005726,"beta60,c_ma60,co,dv_adv,hl,ret1,ret20,v_ma20,vol20",0,0.7377
"ts_sum(ts_delta(cs_zscore(add(add(ts_mean(ts_corr(signlog(dv_adv), ts_max(dv_adv, w20), w5), w5), ret1), cs_zscore(add(ts_mean(neg(v_ma20), w_id(w5)), beta60)))), w10), w60)",10.27534798005726,"beta60,c_ma60,co,dv_adv,hl,ret1,ret20,v_ma20,vol20",0,0.7377
"ts_sum(ts_delta(cs_zscore(add(add(ts_mean(ts_corr(signlog(dv_adv), ts_max(dv_adv, w20), w5), w5), ret1), cs_zscore(add(ts_mean(neg(v_ma20), w5), beta60)))), w10), w60)",10.27534798005726,"beta60,c_ma60,co,dv_adv,hl,ret1,ret20,v_ma20,vol20",0,0.7377
"ts_sum(ts_delta(cs_zscore(add(add(ts_mean(ts_corr(signlog(dv_adv), ts_max(dv_adv, w20), w5), w_id(w5)), ret1), cs_zscore(ts_min(ts_delta(co, w5), w20)))), w10), w60)",10.238361249896277,"beta60,c_ma60,co,dv_adv,hl,ret1,ret20,v_ma20,vol20",0,0.4997
"ts_sum(ts_delta(cs_zscore(add(add(ts_mean(ts_corr(neg(ret20), ts_max(dv_adv, w20), w_id(w5)), w_id(w5)), ret1), cs_zscore(ts_min(ret1, w20)))), w10), w60)",10.090484035052045,"beta60,c_ma60,co,dv_adv,hl,ret1,ret20,v_ma20,vol20",0,0.7196
"ts_sum(ts_delta(cs_zscore(add(add(ts_mean(ts_corr(neg(ret20), ts_max(dv_adv, w20), w_id(w5)), w5), beta60), cs_zscore(add(ts_mean(neg(ret1), w_id(w20)), beta60)))), w10), w60)",10.051873605853341,"beta60,c_ma60,co,dv_adv,hl,ret1,ret20,v_ma20,vol20",0,0.7084
"ts_sum(ts_delta(cs_zscore(add(add(ts_mean(ts_corr(neg(ret20), ts_max(dv_adv, w20), w_id(w5)), w_id(w5)), beta60), cs_zscore(add(ts_mean(neg(ret1), w_id(w20)), beta60)))), w10), w60)",10.051873605853341,"beta60,c_ma60,co,dv_adv,hl,ret1,ret20,v_ma20,vol20",0,0.7084
"add(ts_median(ts_min(ret20, w10), w_id(w5)), sub(neg(cs_rank(mul(c_ma20, ts_decay(ts_delta(c_ma20, w5), w5)))), ts_mean(mul(cs_zscore(mul(cs_zscore(mul(stoch, stoch)), stoch)), stoch), w_id(w_id(w10)))))",4.140987700591391,"c_ma20,c_ma60,co,dv_adv,gap,ret1,ret20,ret5,stoch",1,0.5196
"add(ts_median(ts_min(ret20, w10), w_id(w_id(w5))), sub(neg(cs_rank(mul(c_ma20, ts_decay(ts_delta(c_ma20, w5), w5)))), ts_mean(mul(cs_zscore(mul(cs_zscore(mul(stoch, stoch)), stoch)), stoch), w_id(w_id(w10)))))",4.140987700591391,"c_ma20,c_ma60,co,dv_adv,gap,ret1,ret20,ret5,stoch",1,0.5196
"add(ts_median(ts_max(ret20, w5), w_id(w_id(w_id(w_id(w10))))), sub(neg(cs_rank(ts_decay(ts_delta(c_ma20, w5), w5))), ts_mean(mul(cs_zscore(mul(cs_zscore(mul(stoch, stoch)), stoch)), stoch), w_id(w10))))",4.1336705749844205,"c_ma20,c_ma60,co,dv_adv,gap,ret1,ret20,ret5,stoch",1,0.5107
"add(ts_median(ts_max(ret20, w5), w_id(w10)), sub(neg(cs_rank(ts_decay(ts_delta(c_ma20, w_id(w5)), w5))), ts_mean(mul(cs_zscore(mul(cs_zscore(mul(stoch, stoch)), stoch)), stoch), w_id(w_id(w_id(w_id(w10)))))))",4.1336705749844205,"c_ma20,c_ma60,co,dv_adv,gap,ret1,ret20,ret5,stoch",1,0.5107
"add(ts_median(ts_max(ret20, w5), w_id(w_id(w_id(w_id(w10))))), sub(neg(cs_rank(ts_decay(ts_delta(c_ma20, w_id(w5)), w5))), ts_mean(mul(cs_zscore(mul(cs_zscore(mul(stoch, stoch)), stoch)), stoch), w_id(w10))))",4.1336705749844205,"c_ma20,c_ma60,co,dv_adv,gap,ret1,ret20,ret5,stoch",1,0.5107
"add(ts_median(ts_max(ret20, w5), w_id(w_id(w_id(w_id(w10))))), sub(neg(cs_rank(ts_decay(ts_delta(c_ma20, w5), w5))), ts_mean(mul(cs_zscore(mul(cs_zscore(mul(stoch, stoch)), stoch)), stoch), w_id(w_id(w10)))))",4.1336705749844205,"c_ma20,c_ma60,co,dv_adv,gap,ret1,ret20,ret5,stoch",1,0.5107
"add(ts_median(ts_max(ret20, w5), w_id(w_id(w10))), sub(neg(cs_rank(ts_decay(ts_delta(c_ma20, w_id(w5)), w5))), ts_mean(mul(cs_zscore(mul(cs_zscore(mul(stoch, stoch)), stoch)), stoch), w_id(w_id(w10)))))",4.1336705749844205,"c_ma20,c_ma60,co,dv_adv,gap,ret1,ret20,ret5,stoch",1,0.5107
"add(ts_median(ts_max(ret20, w5), w_id(w_id(w_id(w_id(w10))))), sub(neg(cs_rank(ts_decay(ts_delta(c_ma20, w_id(w5)), w5))), ts_mean(mul(cs_zscore(mul(cs_zscore(mul(stoch, stoch)), stoch)), stoch), w_id(w_id(w_id(w10))))))",4.1336705749844205,"c_ma20,c_ma60,co,dv_adv,gap,ret1,ret20,ret5,stoch",1,0.5107
"add(ts_median(ts_max(ret20, w5), w_id(w10)), sub(neg(cs_rank(ts_decay(ts_delta(c_ma20, w_id(w5)), w5))), ts_mean(mul(cs_zscore(mul(cs_zscore(mul(stoch, stoch)), stoch)), stoch), w_id(w_id(w10)))))",4.1336705749844205,"c_ma20,c_ma60,co,dv_adv,gap,ret1,ret20,ret5,stoch",1,0.5107
"add(ts_median(ts_max(ret20, w5), w_id(w_id(w_id(w_id(w10))))), sub(neg(cs_rank(ts_decay(ts_delta(c_ma20, w_id(w5)), w5))), ts_mean(mul(cs_zscore(mul(cs_zscore(mul(stoch, stoch)), stoch)), stoch), w_id(w_id(w_id(w_id(w10)))))))",4.1336705749844205,"c_ma20,c_ma60,co,dv_adv,gap,ret1,ret20,ret5,stoch",1,0.5107
"add(ts_median(ts_max(ret20, w5), w_id(w_id(w_id(w_id(w10))))), sub(neg(cs_rank(ts_decay(ts_delta(c_ma20, w_id(w5)), w5))), ts_mean(mul(cs_zscore(mul(cs_zscore(mul(stoch, stoch)), stoch)), stoch), w_id(w_id(w10)))))",4.1336705749844205,"c_ma20,c_ma60,co,dv_adv,gap,ret1,ret20,ret5,stoch",1,0.5107
"add(ts_median(ts_mean(ret20, w5), w_id(w10)), sub(neg(cs_rank(mul(c_ma20, ts_decay(ts_delta(c_ma20, w5), w5)))), ts_mean(mul(cs_zscore(mul(stoch, cs_zscore(cs_zscore(stoch)))), stoch), w_id(w_id(w10)))))",4.12658901675154,"c_ma20,c_ma60,co,dv_adv,gap,ret1,ret20,ret5,stoch",1,0.526
"add(ts_median(ts_max(ret20, w_id(w10)), w_id(w10)), sub(neg(cs_rank(ts_decay(ts_delta(c_ma20, w_id(w5)), w5))), ts_mean(mul(cs_zscore(mul(cs_zscore(mul(stoch, stoch)), stoch)), stoch), w_id(w_id(w10)))))",4.125519958521371,"c_ma20,c_ma60,co,dv_adv,gap,ret1,ret20,ret5,stoch",1,0.5119
"add(ts_median(ts_max(ret20, w_id(w10)), w_id(w_id(w_id(w_id(w10))))), sub(neg(cs_rank(ts_decay(ts_delta(c_ma20, w_id(w5)), w5))), ts_mean(mul(cs_zscore(mul(cs_zscore(mul(stoch, stoch)), stoch)), stoch), w_id(w_id(w10)))))",4.125519958521371,"c_ma20,c_ma60,co,dv_adv,gap,ret1,ret20,ret5,stoch",1,0.5119
"add(ts_median(ts_median(ret20, w_id(w_id(w10))), w_id(w_id(w_id(w5)))), sub(neg(cs_rank(mul(c_ma20, ts_decay(ts_delta(c_ma20, w5), w5)))), ts_mean(mul(cs_zscore(mul(stoch, cs_zscore(cs_zscore(stoch)))), mul(c_ma20, stoch)), w_id(w_id(w_id(w10))))))",4.1253901782768025,"c_ma20,c_ma60,co,dv_adv,gap,ret1,ret20,ret5,stoch",1,0.5287
"neg(add(ts_decay(ts_decay(ts_zscore(add(ts_mean(add(dv_adv, size), w_id(w10)), ts_mean(add(dv_adv, size), w_id(w20))), w5), w10), w10), add(ts_decay(ts_median(size, w20), w_id(w5)), add(ts_mean(size, w60), add(ts_decay(ts_zscore(stoch, w10), w10), add(size, ts_decay(stoch, w20)))))))",4.7507640030378795,"beta60,c_ma20,c_ma60,co,dv_adv,hl,ret1,size,stoch",4,0.6444
"neg(add(ts_decay(ts_decay(ts_zscore(add(stoch, ts_mean(add(dv_adv, dv_adv), w_id(w10))), w_id(w_id(w10))), w5), w10), add(add(ts_decay(ts_median(size, w10), w_id(w5)), add(ts_mean(size, w60), add(ts_decay(ts_zscore(stoch, w10), w_id(w10)), add(size, ts_decay(stoch, w20))))), add(signlog(ts_delta(co, w20)), co))))",4.721852070951581,"beta60,c_ma20,c_ma60,co,dv_adv,hl,ret1,size,stoch",4,0.7148
"neg(add(ts_decay(ts_decay(ts_zscore(add(stoch, ts_mean(add(dv_adv, dv_adv), w_id(w10))), w_id(w_id(w_id(w10)))), w5), w10), add(add(ts_decay(ts_median(size, w10), w_id(w5)), add(ts_mean(size, w60), add(ts_decay(ts_zscore(stoch, w10), w_id(w10)), add(size, ts_decay(stoch, w20))))), add(signlog(size), co))))",4.702431658284216,"beta60,c_ma20,c_ma60,co,dv_adv,hl,ret1,size,stoch",4,0.7134
"neg(add(ts_decay(ts_decay(ts_zscore(add(stoch, ts_mean(add(dv_adv, dv_adv), w_id(w10))), w_id(w_id(w10))), w5), w10), add(add(ts_decay(ts_median(size, w10), w_id(w5)), add(ts_mean(size, w60), add(ts_decay(ts_zscore(stoch, w10), w_id(w10)), add(size, ts_decay(stoch, w20))))), add(signlog(size), co))))",4.702431658284216,"beta60,c_ma20,c_ma60,co,dv_adv,hl,ret1,size,stoch",4,0.7134
"neg(add(ts_decay(ts_decay(ts_zscore(add(ret1, ts_mean(add(dv_adv, size), w_id(w10))), w10), w5), w_id(w20)), add(add(size, add(ts_decay(size, w_id(w5)), ts_decay(ts_zscore(stoch, w_id(w10)), w10))), add(signlog(signlog(size)), co))))",4.679347439903803,"beta60,c_ma20,c_ma60,co,dv_adv,hl,ret1,size,stoch",4,0.651
"neg(add(ts_decay(ts_decay(ts_zscore(add(ts_mean(add(dv_adv, size), w_id(w10)), ts_mean(add(dv_adv, size), w_id(w20))), w5), w5), w10), add(add(ts_decay(ts_median(size, w20), w_id(w5)), add(ts_decay(stoch, w20), add(ts_decay(ts_zscore(stoch, w10), w10), add(size, ts_decay(stoch, w20))))), add(signlog(size), co))))",4.658631536560313,"beta60,c_ma20,c_ma60,co,dv_adv,hl,ret1,size,stoch",4,0.5984
"neg(add(ts_decay(ts_decay(ts_zscore(add(ret1, ts_mean(add(dv_adv, size), w_id(w10))), w10), w10), w_id(w20)), add(add(size, add(ts_decay(size, w_id(w5)), ts_decay(ts_zscore(stoch, w_id(w10)), w10))), add(signlog(signlog(size)), co))))",4.630652153508026,"beta60,c_ma20,c_ma60,co,dv_adv,hl,ret1,size,stoch",4,0.6603
"neg(add(ts_decay(ts_decay(ts_zscore(add(stoch, ts_mean(add(dv_adv, size), w_id(w10))), w_id(w20)), w5), w10), add(add(size, add(ts_mean(size, w60), add(ts_decay(ts_zscore(stoch, w10), w10), add(size, ts_decay(stoch, w20))))), add(signlog(signlog(size)), co))))",4.619507576922983,"beta60,c_ma20,c_ma60,co,dv_adv,hl,ret1,size,stoch",4,0.6694
"neg(add(ts_decay(ts_decay(ts_zscore(add(ts_mean(add(dv_adv, size), w_id(w10)), ts_mean(add(dv_adv, size), w_id(w20))), w5), w10), w10), add(add(ts_decay(ts_median(size, w10), w_id(w10)), add(stoch, ts_decay(ts_zscore(stoch, w_id(w10)), w10))), ts_mean(size, w60))))",4.6138868529023584,"beta60,c_ma20,c_ma60,co,dv_adv,hl,ret1,size,stoch",4,0.6635
"neg(add(ts_decay(ts_decay(ts_zscore(add(stoch, ts_mean(add(dv_adv, size), w_id(w10))), w_id(w20)), w5), w10), add(add(size, add(ts_mean(size, w60), add(ts_decay(ts_zscore(stoch, w10), w10), add(co, ts_decay(stoch, w20))))), add(signlog(signlog(size)), co))))",4.6084203249324185,"beta60,c_ma20,c_ma60,co,dv_adv,hl,ret1,size,stoch",4,0.6506
"neg(add(ts_decay(ts_decay(ts_zscore(add(ts_mean(add(dv_adv, size), w_id(w10)), ts_mean(add(dv_adv, size), w_id(w20))), w5), w10), w10), add(add(ts_decay(ts_median(size, w10), w_id(w10)), add(size, ts_decay(ts_zscore(stoch, w_id(w10)), w10))), add(signlog(size), co))))",4.606570986793274,"beta60,c_ma20,c_ma60,co,dv_adv,hl,ret1,size,stoch",4,0.6497
"neg(add(ts_decay(ts_decay(ts_zscore(add(ts_mean(add(dv_adv, size), w_id(w20)), ts_mean(add(dv_adv, size), w_id(w10))), w_id(w10)), w5), w10), add(add(ts_decay(ts_median(size, w10), w_id(w20)), add(stoch, ts_decay(ts_zscore(stoch, w_id(w10)), w10))), add(signlog(size), co))))",4.5915355407815905,"beta60,c_ma20,c_ma60,co,dv_adv,hl,ret1,size,stoch",4,0.5516
"neg(add(ts_decay(ts_decay(ts_zscore(add(stoch, ts_mean(add(dv_adv, size), w_id(w10))), w20), w5), w10), add(add(size, add(ts_mean(size, w60), add(ts_decay(ts_zscore(stoch, w10), w10), add(size, ts_decay(stoch, w20))))), add(signlog(signlog(size)), ts_delta(div(ret1, c_ma20), w_id(w5))))))",4.585089853849697,"beta60,c_ma20,c_ma60,co,dv_adv,hl,ret1,size,stoch",4,0.67
"neg(add(ts_decay(ts_decay(ts_zscore(add(stoch, ts_mean(add(dv_adv, size), w_id(w10))), w_id(w20)), w5), w10), add(add(size, add(ts_mean(size, w60), add(ts_decay(ts_zscore(stoch, w10), w10), add(size, ts_decay(stoch, w10))))), add(signlog(signlog(size)), co))))",4.582342180823035,"beta60,c_ma20,c_ma60,co,dv_adv,hl,ret1,size,stoch",4,0.6732
"neg(add(ts_decay(ts_decay(ts_zscore(add(stoch, ts_mean(add(dv_adv, size), w_id(w10))), w_id(w20)), w5), w10), add(add(size, add(ts_mean(size, w60), add(ts_decay(ts_zscore(stoch, w10), w10), add(size, ts_decay(stoch, w60))))), add(signlog(signlog(size)), co))))",4.575680025828816,"beta60,c_ma20,c_ma60,co,dv_adv,hl,ret1,size,stoch",4,0.6755
"sub(ts_mean(ts_mean(signlog(ts_mean(signlog(ts_corr(ts_min(ret5, w60), cs_zscore(dv_adv), w5)), w_id(w60))), w_id(w_id(w60))), w_id(w_id(w60))), ts_mean(signlog(ts_mean(signlog(dv_adv), w_id(w60))), w_id(w_id(w60))))",13.281830406567709,"beta60,c_ma60,dv_adv,gap,ret1,ret20,ret5,size,v_ma20",9,0.3085
"ts_sum(ts_mean(signlog(ts_mean(signlog(ts_corr(ts_min(ret5, w60), cs_zscore(dv_adv), w5)), w_id(w60))), w_id(w_id(w_id(w60)))), w_id(w60))",12.792818933720168,"beta60,c_ma60,dv_adv,gap,ret1,ret20,ret5,size,v_ma20",9,0.9784
"ts_sum(signlog(ts_mean(signlog(ts_mean(signlog(ts_corr(ts_min(ret5, w60), v_ma20, w5)), w_id(w60))), w_id(w_id(w60)))), w_id(w60))",12.78417545998831,"beta60,c_ma60,dv_adv,gap,ret1,ret20,ret5,size,v_ma20",9,0.9733
"ts_sum(signlog(ts_mean(signlog(ts_mean(signlog(ts_corr(ts_min(ret5, w60), v_ma20, w5)), w_id(w60))), w_id(w_id(w_id(w60))))), w_id(w60))",12.78417545998831,"beta60,c_ma60,dv_adv,gap,ret1,ret20,ret5,size,v_ma20",9,0.9733
"ts_sum(signlog(ts_mean(signlog(ts_mean(signlog(ts_corr(ts_min(ret5, w60), cs_zscore(dv_adv), w5)), w_id(w60))), w_id(w_id(w_id(w60))))), w_id(w_id(w_id(w_id(w_id(w60))))))",12.766267137194175,"beta60,c_ma60,dv_adv,gap,ret1,ret20,ret5,size,v_ma20",9,0.9782
"ts_sum(signlog(ts_mean(signlog(ts_mean(signlog(ts_corr(ts_min(ret5, w60), cs_zscore(dv_adv), w5)), w_id(w60))), w_id(w_id(w_id(w_id(w_id(w60))))))), w_id(w60))",12.766267137194175,"beta60,c_ma60,dv_adv,gap,ret1,ret20,ret5,size,v_ma20",9,0.9782
"ts_sum(signlog(ts_mean(signlog(ts_mean(signlog(ts_corr(ts_min(ret5, w60), cs_zscore(dv_adv), w5)), w_id(w60))), w_id(w_id(w_id(w60))))), w_id(w_id(w60)))",12.766267137194175,"beta60,c_ma60,dv_adv,gap,ret1,ret20,ret5,size,v_ma20",9,0.9782
"ts_sum(signlog(ts_mean(signlog(ts_mean(signlog(ts_corr(ts_min(ret5, w60), cs_zscore(dv_adv), w5)), w_id(w60))), w_id(w_id(w_id(w_id(w_id(w60))))))), w_id(w_id(w_id(w_id(w60)))))",12.766267137194175,"beta60,c_ma60,dv_adv,gap,ret1,ret20,ret5,size,v_ma20",9,0.9782
"ts_sum(signlog(ts_mean(signlog(ts_mean(signlog(ts_corr(ts_min(ret5, w60), cs_zscore(dv_adv), w5)), w_id(w60))), w_id(w_id(w_id(w60))))), w60)",12.766267137194175,"beta60,c_ma60,dv_adv,gap,ret1,ret20,ret5,size,v_ma20",9,0.9782
"ts_sum(signlog(ts_mean(signlog(ts_mean(signlog(ts_corr(ts_min(ret5, w60), cs_zscore(dv_adv), w5)), w_id(w60))), w_id(w_id(w_id(w60))))), w_id(w_id(w_id(w_id(w60)))))",12.766267137194175,"beta60,c_ma60,dv_adv,gap,ret1,ret20,ret5,size,v_ma20",9,0.9782
"ts_sum(signlog(ts_mean(signlog(ts_mean(signlog(ts_corr(ts_min(ret5, w60), cs_zscore(dv_adv), w5)), w_id(w60))), w_id(w_id(w_id(w_id(w60)))))), w_id(w60))",12.766267137194175,"beta60,c_ma60,dv_adv,gap,ret1,ret20,ret5,size,v_ma20",9,0.9782
"ts_sum(signlog(ts_mean(signlog(ts_mean(signlog(ts_corr(ts_min(ret5, w60), cs_zscore(dv_adv), w5)), w_id(w60))), w_id(w_id(w_id(w60))))), w_id(w60))",12.766267137194175,"beta60,c_ma60,dv_adv,gap,ret1,ret20,ret5,size,v_ma20",9,0.9782
"sub(ts_mean(ts_mean(ts_mean(signlog(signlog(ts_corr(ts_min(ret5, w60), cs_zscore(dv_adv), w5))), w_id(w_id(w_id(w60)))), w_id(w_id(w60))), w60), ts_mean(signlog(ts_mean(ret5, w_id(w20))), w_id(w_id(w5))))",12.723138871600684,"beta60,c_ma60,dv_adv,gap,ret1,ret20,ret5,size,v_ma20",9,0.973
"sub(ts_mean(signlog(ts_mean(signlog(ts_corr(ts_min(ret5, w60), v_ma20, w5)), w_id(w60))), w_id(w_id(w_id(w_id(w60))))), ts_mean(neg(size), w20))",11.650950344537847,"beta60,c_ma60,dv_adv,gap,ret1,ret20,ret5,size,v_ma20",9,0.5515
"sub(ts_mean(signlog(ts_mean(signlog(ts_corr(ts_min(ret5, w60), cs_zscore(cs_zscore(v_ma20)), w5)), w_id(w_id(w60)))), w_id(w_id(w_id(w_id(w60))))), ts_sum(ts_std(signlog(v_ma20), w_id(w60)), w_id(w_id(w10))))",11.496283375112872,"beta60,c_ma60,dv_adv,gap,ret1,ret20,ret5,size,v_ma20",9,0.4432
"add(ts_decay(sub(ts_mean(ts_zscore(beta60, w60), w_id(w_id(w60))), add(stoch, ret5)), w5), neg(mul(stoch, mul(cs_zscore(beta60), ts_min(ret5, w60)))))",4.799891379318401,"beta60,c_ma20,dv_adv,gap,ret1,ret20,ret5,stoch,v_ma20",6,0.3882
"add(ts_decay(sub(ts_median(ts_mean(ts_zscore(beta60, w60), w5), w_id(w60)), add(stoch, mul(ts_zscore(beta60, w60), ts_min(ret20, w_id(w_id(w60)))))), w5), neg(mul(cs_zscore(beta60), ts_min(ret20, w_id(w_id(w20))))))",4.5627595258479845,"beta60,c_ma20,dv_adv,gap,ret1,ret20,ret5,stoch,v_ma20",6,0.9012
"add(ts_decay(sub(ts_decay(sub(ts_median(ts_zscore(beta60, w_id(w60)), w_id(w60)), ret5), w5), add(stoch, ret5)), w5), neg(mul(cs_zscore(neg(mul(cs_zscore(beta60), ts_min(ret5, w60)))), ts_min(ret5, w20))))",4.502592272796399,"beta60,c_ma20,dv_adv,gap,ret1,ret20,ret5,stoch,v_ma20",6,0.9046
"add(ts_decay(sub(ts_decay(sub(ts_median(ts_zscore(beta60, w_id(w60)), w_id(w60)), ret5), w5), add(stoch, beta60)), w5), neg(mul(cs_zscore(beta60), ts_min(ret5, w60))))",4.500706407334195,"beta60,c_ma20,dv_adv,gap,ret1,ret20,ret5,stoch,v_ma20",6,0.9204
"add(ts_decay(sub(ts_median(ts_mean(ts_zscore(beta60, w60), w5), w_id(w60)), add(stoch, ts_min(beta60, w60))), w5), neg(mul(cs_zscore(beta60), ts_min(ret5, w60))))",4.493470715408452,"beta60,c_ma20,dv_adv,gap,ret1,ret20,ret5,stoch,v_ma20",6,0.9229
"add(ts_decay(sub(ts_median(ts_zscore(beta60, w60), w_id(w60)), add(sub(add(stoch, ret5), ts_min(ret20, w5)), ts_min(dv_adv, w10))), w5), neg(mul(cs_zscore(beta60), ts_min(ret5, w60))))",4.490000552883705,"beta60,c_ma20,dv_adv,gap,ret1,ret20,ret5,stoch,v_ma20",6,0.9166
"add(ts_decay(sub(ts_median(ts_mean(ts_zscore(beta60, w60), w_id(w10)), w_id(w60)), add(stoch, ret5)), w5), neg(mul(beta60, mul(cs_zscore(neg(mul(cs_zscore(beta60), ts_min(ret5, w60)))), ts_min(ret5, w_id(w_id(w_id(w60))))))))",4.476949091270688,"beta60,c_ma20,dv_adv,gap,ret1,ret20,ret5,stoch,v_ma20",6,0.9184
"add(ts_decay(sub(ts_median(ts_mean(ts_zscore(beta60, w60), w_id(w10)), w_id(w_id(w_id(w60)))), add(stoch, ret5)), w5), neg(mul(beta60, mul(cs_zscore(neg(mul(cs_zscore(beta60), ts_min(ret5, w60)))), ts_min(ret5, w_id(w_id(w60)))))))",4.476949091270688,"beta60,c_ma20,dv_adv,gap,ret1,ret20,ret5,stoch,v_ma20",6,0.9184
"add(ts_decay(sub(ts_median(ts_mean(ts_zscore(beta60, w60), w_id(w10)), w_id(w60)), add(stoch, ret5)), w5), neg(mul(beta60, mul(cs_zscore(neg(mul(cs_zscore(beta60), ts_min(ret5, w60)))), ts_min(ret5, w_id(w_id(w60)))))))",4.476949091270688,"beta60,c_ma20,dv_adv,gap,ret1,ret20,ret5,stoch,v_ma20",6,0.9184
"add(ts_decay(sub(ts_median(ts_mean(ts_zscore(beta60, w60), w_id(w10)), w_id(w60)), add(stoch, ret5)), w5), neg(mul(beta60, mul(cs_zscore(neg(mul(cs_zscore(beta60), ts_min(ret5, w60)))), ts_min(ret5, w60)))))",4.476949091270688,"beta60,c_ma20,dv_adv,gap,ret1,ret20,ret5,stoch,v_ma20",6,0.9184
"add(ts_decay(sub(ts_median(ts_mean(ts_zscore(beta60, w60), w5), w_id(w60)), add(stoch, ret5)), w10), neg(mul(cs_zscore(beta60), ts_min(ret20, w_id(w10)))))",4.47687239270474,"beta60,c_ma20,dv_adv,gap,ret1,ret20,ret5,stoch,v_ma20",6,0.8991
"add(ts_decay(sub(ts_median(ts_mean(ts_zscore(beta60, w60), w5), w_id(w60)), add(stoch, mul(ts_zscore(beta60, w60), ts_min(ret20, w_id(w60))))), w5), neg(mul(cs_zscore(beta60), ts_min(ret20, w_id(w_id(w5))))))",4.4756918646892805,"beta60,c_ma20,dv_adv,gap,ret1,ret20,ret5,stoch,v_ma20",6,0.906
"add(ts_decay(sub(ts_median(ts_mean(ts_zscore(beta60, w60), w5), w_id(w60)), add(stoch, mul(ts_zscore(beta60, w60), ts_min(ret20, w_id(w_id(w60)))))), w5), neg(mul(cs_zscore(beta60), ts_min(ret20, w_id(w_id(w5))))))",4.4756918646892805,"beta60,c_ma20,dv_adv,gap,ret1,ret20,ret5,stoch,v_ma20",6,0.906
"add(ts_decay(sub(ts_median(ts_mean(ts_zscore(beta60, w60), w5), w_id(w60)), add(stoch, mul(ts_zscore(ts_min(ret5, w60), w60), ts_min(ret20, w_id(w_id(w60)))))), w5), neg(mul(cs_zscore(beta60), ts_min(ret20, w_id(w_id(w60))))))",4.474201471106785,"beta60,c_ma20,dv_adv,gap,ret1,ret20,ret5,stoch,v_ma20",6,0.8709
"add(ts_decay(sub(ts_decay(sub(ts_median(ts_zscore(beta60, w60), w_id(w60)), ret5), w5), add(stoch, ret5)), w5), neg(mul(cs_zscore(beta60), ts_min(ret5, w20))))",4.471871270383532,"beta60,c_ma20,dv_adv,gap,ret1,ret20,ret5,stoch,v_ma20",6,0.927
"add(ts_mean(sub(ts_corr(sub(add(neg(stoch), gap), ts_delay(dv_adv, w20)), ts_corr(ts_mean(beta60, w60), gap, w10), w10), ts_zscore(c_ma20, w_id(w5))), w10), ts_mean(sub(ts_mean(sub(ts_corr(vol20, ts_zscore(c_ma20, w10), w10), ts_zscore(dv_adv, w60)), w_id(w5)), sub(vol20, ts_delay(dv_adv, w10))), w_id(w_id(w20))))",5.596174184735944,"beta60,c_ma20,c_ma60,dv_adv,gap,ret1,ret20,stoch,vol20",2,0.2052
"add(ts_mean(sub(ts_corr(sub(add(neg(stoch), gap), ts_delay(dv_adv, w20)), ts_corr(ts_mean(beta60, w60), gap, w10), w10), ts_zscore(c_ma20, w_id(w5))), w10), ts_mean(sub(ts_mean(sub(ts_corr(vol20, ts_zscore(c_ma20, w10), w10), ts_zscore(dv_adv, w60)), w_id(w5)), sub(vol20, ts_delay(dv_adv, w20))), w_id(w_id(w20))))",5.340903426780281,"beta60,c_ma20,c_ma60,dv_adv,gap,ret1,ret20,stoch,vol20",2,0.9526
"add(ts_mean(sub(ts_corr(sub(add(neg(stoch), gap), ts_delay(dv_adv, w20)), ts_corr(ts_mean(beta60, w60), gap, w10), w10), ts_zscore(c_ma20, w10)), w10), ts_mean(sub(ts_mean(sub(ts_corr(vol20, ts_zscore(c_ma20, w10), w10), ts_zscore(dv_adv, w60)), w_id(w5)), sub(vol20, ts_delay(dv_adv, w20))), w_id(w_id(w20))))",5.295870330707421,"beta60,c_ma20,c_ma60,dv_adv,gap,ret1,ret20,stoch,vol20",2,0.9057
"add(ts_mean(sub(ts_corr(sub(add(neg(stoch), gap), ts_delay(dv_adv, w20)), ts_corr(ts_mean(beta60, w60), gap, w10), w10), ts_zscore(c_ma20, w_id(w5))), w10), ts_mean(sub(ts_mean(sub(ts_corr(vol20, ts_zscore(c_ma20, w10), w10), ts_zscore(dv_adv, w60)), w_id(w10)), sub(vol20, ts_delay(dv_adv, w20))), w_id(w_id(w20))))",5.199294893434186,"beta60,c_ma20,c_ma60,dv_adv,gap,ret1,ret20,stoch,vol20",2,0.9319
"add(ts_mean(sub(ts_corr(sub(add(neg(stoch), gap), ts_delay(dv_adv, w20)), ts_corr(ts_mean(beta60, w60), gap, w10), w10), ts_zscore(c_ma20, w_id(w5))), w10), ts_mean(sub(ts_mean(sub(ts_corr(vol20, ts_zscore(c_ma20, w10), w10), ts_zscore(dv_adv, w60)), w10), sub(vol20, ts_delay(dv_adv, w20))), w_id(w_id(w20))))",5.199294893434186,"beta60,c_ma20,c_ma60,dv_adv,gap,ret1,ret20,stoch,vol20",2,0.9319
"add(ts_mean(sub(ts_corr(sub(add(neg(stoch), gap), ts_delay(dv_adv, w20)), ts_corr(ts_mean(beta60, w60), gap, w10), w10), signlog(vol20)), w10), ts_mean(sub(ts_mean(sub(ts_corr(vol20, ts_zscore(c_ma20, w10), w10), ts_zscore(dv_adv, w60)), w_id(w5)), ts_zscore(c_ma20, w10)), w_id(w_id(w20))))",5.051231876177598,"beta60,c_ma20,c_ma60,dv_adv,gap,ret1,ret20,stoch,vol20",2,0.7573
"add(ts_mean(sub(ts_corr(sub(add(neg(stoch), ts_mean(beta60, w60)), ts_delay(dv_adv, w20)), ts_corr(ts_mean(beta60, w60), gap, w10), w10), ts_zscore(c_ma20, w_id(w5))), w10), ts_mean(sub(ts_mean(sub(ts_corr(vol20, ts_zscore(c_ma20, w10), w10), ts_zscore(dv_adv, w60)), w_id(w5)), ts_zscore(c_ma20, w10)), w_id(w_id(w20))))",4.924273972845404,"beta60,c_ma20,c_ma60,dv_adv,gap,ret1,ret20,stoch,vol20",2,0.8486
"add(ts_mean(sub(ts_corr(sub(add(neg(stoch), gap), ts_delay(dv_adv, w20)), ts_corr(ts_mean(beta60, w60), gap, w10), w10), ts_zscore(c_ma20, w_id(w5))), w10), ts_mean(sub(ts_mean(sub(ts_corr(vol20, ts_zscore(c_ma20, w10), w10), ts_zscore(dv_adv, w60)), w_id(w5)), ts_zscore(c_ma20, w10)), w_id(w_id(w20))))",4.867851510474344,"beta60,c_ma20,c_ma60,dv_adv,gap,ret1,ret20,stoch,vol20",2,0.8496
"add(ts_mean(sub(ts_corr(sub(add(neg(stoch), gap), ts_delay(dv_adv, w20)), ts_corr(ts_mean(beta60, w60), gap, w10), w10), ts_zscore(c_ma20, w_id(w5))), w10), ts_mean(sub(ts_mean(sub(ts_corr(vol20, ts_zscore(c_ma20, w10), w10), dv_adv), w10), sub(vol20, ts_delay(dv_adv, w20))), w_id(w_id(w20))))",4.853489985185875,"beta60,c_ma20,c_ma60,dv_adv,gap,ret1,ret20,stoch,vol20",2,0.8646
"add(ts_mean(sub(ts_mean(sub(ts_corr(sub(neg(stoch), ts_delay(dv_adv, w20)), ts_corr(ts_mean(beta60, w60), gap, w10), w10), ts_zscore(dv_adv, w_id(w_id(w60)))), w5), ts_zscore(c_ma20, w_id(w10))), w10), neg(stoch))",4.833097245433654,"beta60,c_ma20,c_ma60,dv_adv,gap,ret1,ret20,stoch,vol20",2,0.6965
"add(ts_mean(sub(ts_corr(sub(add(neg(stoch), gap), ts_delay(dv_adv, w20)), ts_corr(ts_mean(beta60, w60), gap, w10), w10), ts_zscore(c_ma20, w_id(w5))), w10), ts_mean(sub(ts_mean(sub(ts_corr(vol20, ts_zscore(c_ma20, w10), w10), ts_zscore(dv_adv, w60)), w20), sub(vol20, ts_delay(dv_adv, w20))), w_id(w_id(w20))))",4.808188239653813,"beta60,c_ma20,c_ma60,dv_adv,gap,ret1,ret20,stoch,vol20",2,0.8766
"add(ts_mean(sub(ts_corr(sub(add(neg(stoch), gap), ts_delay(dv_adv, w20)), ts_corr(ts_mean(beta60, w60), gap, w10), w10), ts_zscore(c_ma20, w_id(w5))), w10), ts_mean(sub(ts_mean(sub(ts_corr(vol20, ts_zscore(c_ma20, w_id(w10)), w_id(w10)), ts_zscore(dv_adv, w60)), w_id(w5)), ts_zscore(c_ma20, w10)), w_id(w10)))",4.78981049636001,"beta60,c_ma20,c_ma60,dv_adv,gap,ret1,ret20,stoch,vol20",2,0.863
"add(ts_mean(sub(ts_corr(sub(add(neg(stoch), gap), ts_delay(dv_adv, w20)), ts_corr(ts_mean(beta60, w60), gap, w10), w10), ts_zscore(c_ma20, w_id(w5))), w10), ts_mean(sub(ts_mean(sub(ts_corr(vol20, ts_zscore(c_ma20, w10), w10), ts_zscore(dv_adv, w60)), w_id(w5)), ts_zscore(c_ma20, w10)), w_id(w_id(w10))))",4.78981049636001,"beta60,c_ma20,c_ma60,dv_adv,gap,ret1,ret20,stoch,vol20",2,0.863
"add(ts_mean(sub(ts_corr(sub(add(neg(stoch), gap), ts_delay(dv_adv, w20)), ts_corr(ts_mean(beta60, w60), gap, w10), w10), ts_zscore(c_ma20, w_id(w5))), w10), ts_mean(sub(ts_mean(sub(ts_corr(vol20, ts_zscore(c_ma20, w_id(w10)), w10), ts_zscore(dv_adv, w60)), w_id(w5)), ts_zscore(c_ma20, w10)), w_id(w10)))",4.78981049636001,"beta60,c_ma20,c_ma60,dv_adv,gap,ret1,ret20,stoch,vol20",2,0.863
"add(ts_mean(sub(ts_corr(sub(add(neg(stoch), gap), ts_delay(dv_adv, w20)), ts_corr(ts_mean(beta60, w60), gap, w10), w10), ts_zscore(c_ma20, w_id(w5))), w10), ts_mean(sub(ts_mean(sub(ts_corr(vol20, ts_zscore(c_ma20, w10), w10), ts_zscore(dv_adv, w60)), w_id(w5)), ts_zscore(c_ma20, w10)), w_id(w10)))",4.78981049636001,"beta60,c_ma20,c_ma60,dv_adv,gap,ret1,ret20,stoch,vol20",2,0.863
"ts_sum(neg(signlog(ts_corr(ret20, sub(ts_corr(ts_skew(beta60, w10), signsqrt(dv_adv), w_id(w60)), sub(neg(ts_delay(c_ma20, w20)), ts_decay(signsqrt(dv_adv), w20))), w_id(w_id(w60))))), w_id(w_id(w_id(w10))))",5.669333185352772,"beta60,c_ma20,c_ma60,co,dv_adv,gap,ret1,ret20,ret5",3,0.1098
"ts_sum(neg(signlog(ts_corr(ret20, sub(ts_corr(ts_skew(beta60, w10), signsqrt(dv_adv), w_id(w60)), sub(neg(ts_delay(c_ma20, w20)), ts_decay(signsqrt(dv_adv), w_id(w20)))), w60))), w10)",5.669333185352772,"beta60,c_ma20,c_ma60,co,dv_adv,gap,ret1,ret20,ret5",3,1.0
"ts_sum(neg(signlog(ts_corr(ret20, sub(ts_corr(ts_skew(beta60, w10), signsqrt(dv_adv), w_id(w_id(w60))), sub(neg(ts_delay(c_ma20, w20)), ts_decay(signsqrt(dv_adv), w_id(w20)))), w60))), w_id(w_id(w_id(w_id(w10)))))",5.669333185352772,"beta60,c_ma20,c_ma60,co,dv_adv,gap,ret1,ret20,ret5",3,1.0
"ts_sum(neg(signlog(ts_corr(ret20, sub(ts_corr(ts_skew(beta60, w_id(w10)), signsqrt(dv_adv), w_id(w60)), sub(neg(ts_delay(c_ma20, w20)), ts_decay(signsqrt(dv_adv), w_id(w20)))), w60))), w_id(w_id(w_id(w_id(w10)))))",5.669333185352772,"beta60,c_ma20,c_ma60,co,dv_adv,gap,ret1,ret20,ret5",3,1.0
"ts_sum(neg(signlog(ts_corr(ret20, sub(ts_corr(ts_skew(beta60, w10), signsqrt(dv_adv), w_id(w60)), sub(neg(ts_delay(c_ma20, w20)), ts_decay(signsqrt(dv_adv), w20))), w_id(w_id(w60))))), w_id(w_id(w10)))",5.669333185352772,"beta60,c_ma20,c_ma60,co,dv_adv,gap,ret1,ret20,ret5",3,1.0
"ts_sum(neg(signlog(ts_corr(ret20, sub(ts_corr(ts_skew(beta60, w10), signsqrt(dv_adv), w_id(w_id(w60))), sub(neg(ts_delay(c_ma20, w20)), ts_decay(signsqrt(dv_adv), w20))), w60))), w_id(w_id(w10)))",5.669333185352772,"beta60,c_ma20,c_ma60,co,dv_adv,gap,ret1,ret20,ret5",3,1.0
"ts_sum(neg(signlog(ts_corr(ret20, sub(ts_corr(ts_skew(beta60, w10), signsqrt(dv_adv), w_id(w60)), sub(neg(ts_delay(c_ma20, w20)), ts_decay(signsqrt(dv_adv), w20))), w60))), w10)",5.669333185352772,"beta60,c_ma20,c_ma60,co,dv_adv,gap,ret1,ret20,ret5",3,1.0
"ts_sum(neg(signlog(ts_corr(ret20, sub(ts_corr(ts_skew(beta60, w10), signsqrt(dv_adv), w_id(w60)), sub(neg(ts_delay(c_ma20, w20)), ts_decay(signsqrt(dv_adv), w20))), w60))), w_id(w10))",5.669333185352772,"beta60,c_ma20,c_ma60,co,dv_adv,gap,ret1,ret20,ret5",3,1.0
"ts_sum(neg(signlog(ts_corr(ret20, sub(ts_corr(ts_skew(beta60, w10), signsqrt(dv_adv), w_id(w60)), sub(neg(ts_delay(c_ma20, w20)), ts_decay(signsqrt(dv_adv), w20))), w_id(w60)))), w_id(w_id(w10)))",5.669333185352772,"beta60,c_ma20,c_ma60,co,dv_adv,gap,ret1,ret20,ret5",3,1.0
"ts_sum(neg(signlog(ts_corr(ret20, sub(ts_corr(ts_skew(beta60, w10), signsqrt(dv_adv), w_id(w_id(w60))), sub(neg(ts_delay(c_ma20, w20)), ts_decay(signsqrt(dv_adv), w_id(w20)))), w60))), w_id(w_id(w10)))",5.669333185352772,"beta60,c_ma20,c_ma60,co,dv_adv,gap,ret1,ret20,ret5",3,1.0
"ts_sum(neg(signlog(ts_corr(ret20, sub(ts_corr(ts_skew(beta60, w10), signsqrt(dv_adv), w_id(w60)), sub(neg(ts_delay(c_ma20, w20)), ts_decay(signsqrt(dv_adv), w20))), w60))), w_id(w_id(w_id(w10))))",5.669333185352772,"beta60,c_ma20,c_ma60,co,dv_adv,gap,ret1,ret20,ret5",3,1.0
"ts_sum(neg(signlog(ts_corr(ret20, sub(ts_corr(ts_skew(beta60, w10), signsqrt(dv_adv), w_id(w60)), sub(neg(ts_delay(c_ma20, w20)), ts_decay(signsqrt(dv_adv), w_id(w20)))), w60))), w_id(w_id(w_id(w_id(w10)))))",5.669333185352772,"beta60,c_ma20,c_ma60,co,dv_adv,gap,ret1,ret20,ret5",3,1.0
"ts_sum(neg(signlog(ts_corr(ret20, sub(ts_corr(ts_skew(beta60, w10), signsqrt(dv_adv), w_id(w60)), sub(neg(ts_delay(c_ma20, w20)), ts_decay(signsqrt(dv_adv), w20))), w60))), w_id(w_id(w10)))",5.669333185352772,"beta60,c_ma20,c_ma60,co,dv_adv,gap,ret1,ret20,ret5",3,1.0
"ts_sum(neg(signlog(ts_corr(ret20, sub(ts_corr(ts_skew(beta60, w10), signsqrt(dv_adv), w_id(w60)), sub(neg(ts_delay(c_ma20, w20)), ts_decay(signsqrt(dv_adv), w_id(w20)))), w60))), w_id(w_id(w10)))",5.669333185352772,"beta60,c_ma20,c_ma60,co,dv_adv,gap,ret1,ret20,ret5",3,1.0
"ts_sum(neg(signlog(ts_corr(ret20, sub(ts_corr(ts_skew(beta60, w10), signsqrt(dv_adv), w_id(w60)), sub(neg(ts_delay(c_ma20, w20)), ts_decay(signsqrt(dv_adv), w20))), w60))), w_id(w_id(w_id(w_id(w10)))))",5.669333185352772,"beta60,c_ma20,c_ma60,co,dv_adv,gap,ret1,ret20,ret5",3,1.0
"ts_sum(sub(neg(ts_zscore(stoch, w_id(w_id(w_id(w10))))), sub(add(sub(ts_median(cs_zscore(v_ma20), w_id(w_id(w10))), ts_mean(ret20, w_id(w_id(w10)))), ts_skew(ts_delta(ts_delta(v_ma20, w10), w10), w_id(w20))), ts_mean(sub(neg(ts_median(ts_skew(co, w60), w_id(w60))), ts_mean(ret20, w_id(w10))), w_id(w10)))), w_id(w10))",4.6885136335703645,"c_ma60,co,dv_adv,hl,ret1,ret20,stoch,v_ma20,vol20",11,0.3419
"ts_sum(sub(neg(ts_zscore(stoch, w_id(w_id(w_id(w_id(w10)))))), sub(add(sub(ts_median(cs_zscore(v_ma20), w_id(w_id(w10))), signlog(co)), ts_skew(ts_delta(ts_delta(v_ma20, w10), w_id(w_id(w10))), w_id(w20))), ts_mean(sub(neg(hl), ts_median(div(vol20, ret20), w_id(w5))), w_id(w10)))), w_id(w10))",4.685641170231785,"c_ma60,co,dv_adv,hl,ret1,ret20,stoch,v_ma20,vol20",11,0.7507
"ts_sum(sub(neg(ts_zscore(stoch, w_id(w_id(w_id(w_id(w10)))))), sub(add(sub(ts_median(cs_zscore(v_ma20), w_id(w_id(w10))), signlog(co)), ts_skew(ts_delta(ts_delta(v_ma20, w10), w10), w_id(w20))), ts_mean(sub(neg(hl), ts_median(div(vol20, ret20), w_id(w5))), w_id(w10)))), w_id(w10))",4.685641170231785,"c_ma60,co,dv_adv,hl,ret1,ret20,stoch,v_ma20,vol20",11,0.7507
"ts_sum(sub(neg(ts_zscore(stoch, w_id(w_id(w_id(w_id(w10)))))), sub(add(sub(ts_median(cs_zscore(v_ma20), w_id(w20)), ts_mean(ret20, w_id(w_id(w10)))), ts_skew(ts_delta(v_ma20, w5), w_id(w20))), ts_mean(sub(neg(stoch), ts_median(div(vol20, ret20), w_id(w5))), w_id(w_id(w_id(w_id(w10))))))), w_id(w10))",4.630857274575726,"c_ma60,co,dv_adv,hl,ret1,ret20,stoch,v_ma20,vol20",11,0.4934
"ts_sum(sub(neg(ts_zscore(stoch, w_id(w_id(w_id(w_id(w10)))))), sub(add(sub(ts_median(cs_zscore(v_ma20), w_id(w20)), ts_mean(ret20, w_id(w_id(w10)))), ts_skew(ts_delta(v_ma20, w5), w_id(w20))), ts_mean(sub(neg(stoch), ts_median(div(vol20, ret20), w_id(w5))), w_id(w10)))), w_id(w10))",4.630857274575726,"c_ma60,co,dv_adv,hl,ret1,ret20,stoch,v_ma20,vol20",11,1.0
"ts_sum(sub(ts_skew(ts_mean(hl, w10), w_id(w60)), sub(add(signlog(stoch), ts_skew(ts_delta(v_ma20, w10), w_id(w20))), sub(neg(ts_zscore(stoch, w_id(w10))), sub(ts_median(cs_zscore(v_ma20), w_id(w10)), ts_mean(ts_max(ts_delay(co, w10), w_id(w20)), w_id(w20)))))), w10)",4.532068249755117,"c_ma60,co,dv_adv,hl,ret1,ret20,stoch,v_ma20,vol20",11,0.6177
"ts_sum(sub(neg(ts_zscore(stoch, w_id(w10))), sub(add(sub(ts_median(cs_zscore(v_ma20), w_id(w_id(w10))), ts_mean(ret20, w_id(w_id(w10)))), ts_skew(ts_delta(v_ma20, w5), w20)), ts_mean(sub(neg(hl), ts_median(div(vol20, ret20), w_id(w5))), w_id(w10)))), w_id(w10))",4.50696677804634,"c_ma60,co,dv_adv,hl,ret1,ret20,stoch,v_ma20,vol20",11,0.9345
"ts_sum(sub(neg(ts_zscore(stoch, w_id(w10))), sub(add(sub(ts_median(cs_zscore(v_ma20), w_id(w_id(w10))), ts_mean(ret20, w_id(w5))), ts_skew(ts_delta(v_ma20, w_id(w_id(w5))), w_id(w20))), ts_mean(sub(neg(hl), ts_median(div(vol20, ret20), w_id(w5))), w_id(w10)))), w_id(w10))",4.5067052885653,"c_ma60,co,dv_adv,hl,ret1,ret20,stoch,v_ma20,vol20",11,0.9329
"ts_sum(sub(neg(ts_zscore(stoch, w_id(w10))), sub(add(sub(ts_median(cs_zscore(v_ma20), w_id(w20)), ts_mean(ret20, w_id(w_id(w10)))), ts_skew(ts_delta(v_ma20, w5), w20)), ts_mean(sub(neg(hl), ts_median(div(vol20, ret20), w_id(w5))), w_id(w10)))), w_id(w10))",4.444368344856001,"c_ma60,co,dv_adv,hl,ret1,ret20,stoch,v_ma20,vol20",11,0.9607
"ts_sum(sub(neg(ts_zscore(stoch, w_id(w_id(w_id(w10))))), sub(add(sub(ts_median(cs_zscore(v_ma20), w_id(w20)), ts_mean(ret20, w_id(w_id(w10)))), ts_skew(ts_delta(v_ma20, w5), w_id(w20))), ts_mean(sub(neg(hl), ts_median(div(vol20, ret20), w_id(w5))), w_id(w10)))), w_id(w10))",4.444368344856001,"c_ma60,co,dv_adv,hl,ret1,ret20,stoch,v_ma20,vol20",11,0.9607
"ts_sum(sub(neg(ts_zscore(stoch, w_id(w_id(w_id(w_id(w10)))))), sub(add(sub(ts_median(cs_zscore(v_ma20), w_id(w20)), ts_mean(ret20, w_id(w_id(w10)))), ts_skew(ts_delta(v_ma20, w5), w_id(w20))), ts_mean(sub(neg(hl), ts_median(div(vol20, ret20), w_id(w5))), w_id(w10)))), w_id(w10))",4.444368344856001,"c_ma60,co,dv_adv,hl,ret1,ret20,stoch,v_ma20,vol20",11,0.9607
"ts_sum(sub(neg(ts_zscore(stoch, w_id(w_id(w_id(w_id(w10)))))), sub(add(sub(ts_skew(ts_delta(co, w10), w_id(w20)), ts_mean(ret20, w_id(w_id(w10)))), ts_skew(ts_delta(v_ma20, w10), w_id(w20))), ts_mean(sub(neg(hl), ts_median(div(vol20, ret20), w_id(w5))), w_id(w_id(w20))))), w_id(w10))",4.433905913419782,"c_ma60,co,dv_adv,hl,ret1,ret20,stoch,v_ma20,vol20",11,0.5843
"ts_sum(sub(neg(ts_zscore(stoch, w_id(w_id(w_id(w_id(w10)))))), sub(add(sub(ts_median(cs_zscore(v_ma20), w_id(w20)), ts_mean(ret20, w_id(w20))), ts_skew(ts_delta(v_ma20, w5), w_id(w20))), ts_mean(sub(neg(hl), ts_median(div(vol20, ret20), w_id(w5))), w_id(w10)))), w_id(w10))",4.430179187502022,"c_ma60,co,dv_adv,hl,ret1,ret20,stoch,v_ma20,vol20",11,0.9627
"ts_sum(sub(neg(ts_zscore(stoch, w_id(w_id(w_id(w_id(w10)))))), sub(add(ts_median(hl, w10), ts_skew(ts_delta(v_ma20, w5), w_id(w20))), ts_mean(sub(neg(hl), ts_median(div(vol20, ret20), w_id(w5))), w_id(w10)))), w_id(w10))",4.422829665337789,"c_ma60,co,dv_adv,hl,ret1,ret20,stoch,v_ma20,vol20",11,0.9193
"ts_sum(sub(neg(ts_zscore(stoch, w_id(w_id(w10)))), sub(add(stoch, ts_skew(ts_delta(v_ma20, w_id(w_id(w5))), w_id(w20))), ts_mean(sub(neg(hl), ts_median(div(vol20, ret20), w_id(w5))), w_id(w_id(w_id(w_id(w10))))))), w_id(w_id(w10)))",4.422105954704464,"c_ma60,co,dv_adv,hl,ret1,ret20,stoch,v_ma20,vol20",11,0.9187
"ts_corr(ts_max(div(ts_mean(vol20, w60), vol20), w_id(w_id(w60))), ts_decay(ts_decay(vol20, w60), w60), w60)",4.871873025611818,"beta60,co,hl,ret1,ret5,size,stoch,v_ma20,vol20",10,0.1255
"ts_corr(ts_max(div(ts_mean(vol20, w60), vol20), w60), ts_decay(ts_decay(vol20, w60), w60), w_id(w60))",4.871873025611818,"beta60,co,hl,ret1,ret5,size,stoch,v_ma20,vol20",10,1.0
"ts_corr(ts_max(div(ts_mean(vol20, w60), vol20), w60), ts_decay(ts_decay(vol20, w60), w_id(w60)), w_id(w60))",4.871873025611818,"beta60,co,hl,ret1,ret5,size,stoch,v_ma20,vol20",10,1.0
"ts_corr(ts_max(div(ts_mean(vol20, w60), vol20), w60), ts_decay(ts_decay(vol20, w_id(w_id(w_id(w60)))), w60), w60)",4.871873025611818,"beta60,co,hl,ret1,ret5,size,stoch,v_ma20,vol20",10,1.0
"ts_corr(ts_max(div(ts_mean(vol20, w60), vol20), w_id(w60)), ts_decay(ts_decay(vol20, w60), w60), w60)",4.871873025611818,"beta60,co,hl,ret1,ret5,size,stoch,v_ma20,vol20",10,1.0
"ts_corr(ts_max(div(ts_mean(vol20, w_id(w_id(w60))), vol20), w60), ts_decay(ts_decay(vol20, w_id(w60)), w60), w60)",4.871873025611818,"beta60,co,hl,ret1,ret5,size,stoch,v_ma20,vol20",10,1.0
"ts_corr(ts_max(div(ts_mean(vol20, w60), vol20), w60), ts_decay(ts_decay(vol20, w_id(w60)), w60), w60)",4.871873025611818,"beta60,co,hl,ret1,ret5,size,stoch,v_ma20,vol20",10,1.0
"ts_corr(ts_max(div(ts_mean(vol20, w60), vol20), w60), ts_decay(ts_decay(vol20, w60), w_id(w60)), w60)",4.871873025611818,"beta60,co,hl,ret1,ret5,size,stoch,v_ma20,vol20",10,1.0
"ts_corr(ts_max(div(ts_mean(vol20, w_id(w_id(w_id(w60)))), vol20), w60), ts_decay(ts_decay(vol20, w60), w_id(w_id(w60))), w60)",4.871873025611818,"beta60,co,hl,ret1,ret5,size,stoch,v_ma20,vol20",10,1.0
"ts_corr(ts_max(div(ts_mean(vol20, w_id(w_id(w_id(w60)))), vol20), w60), ts_decay(ts_decay(vol20, w_id(w60)), w60), w60)",4.871873025611818,"beta60,co,hl,ret1,ret5,size,stoch,v_ma20,vol20",10,1.0
"ts_corr(ts_max(div(ts_mean(vol20, w60), vol20), w60), ts_decay(ts_decay(vol20, w_id(w_id(w60))), w60), w60)",4.871873025611818,"beta60,co,hl,ret1,ret5,size,stoch,v_ma20,vol20",10,1.0
"ts_corr(ts_max(div(ts_mean(vol20, w_id(w_id(w_id(w60)))), vol20), w60), ts_decay(ts_decay(vol20, w60), w60), w60)",4.871873025611818,"beta60,co,hl,ret1,ret5,size,stoch,v_ma20,vol20",10,1.0
"ts_corr(ts_max(div(ts_mean(vol20, w_id(w60)), vol20), w60), ts_decay(ts_decay(vol20, w60), w60), w60)",4.871873025611818,"beta60,co,hl,ret1,ret5,size,stoch,v_ma20,vol20",10,1.0
"ts_corr(ts_max(div(ts_mean(vol20, w60), vol20), w60), ts_decay(ts_decay(vol20, w60), w60), w_id(w_id(w60)))",4.871873025611818,"beta60,co,hl,ret1,ret5,size,stoch,v_ma20,vol20",10,1.0
"ts_corr(ts_max(div(ts_mean(vol20, w60), vol20), w60), ts_decay(ts_decay(vol20, w60), w60), w60)",4.871873025611818,"beta60,co,hl,ret1,ret5,size,stoch,v_ma20,vol20",10,1.0
"ts_median(mul(add(div(signlog(signlog(c_ma60)), dv_adv), mul(add(ts_zscore(beta60, w60), ts_max(c_ma60, w_id(w5))), mul(v_ma20, beta60))), ts_max(ts_corr(size, signsqrt(add(v_ma20, c_ma60)), w60), w_id(w_id(w_id(w60))))), w60)",7.5586401568992425,"beta60,c_ma20,c_ma60,dv_adv,gap,hl,ret20,size,v_ma20",7,0.2187
"ts_median(mul(add(div(signlog(signlog(c_ma60)), dv_adv), mul(add(ts_zscore(beta60, w60), ts_max(cs_rank(size), w_id(w20))), mul(dv_adv, beta60))), ts_max(ts_corr(size, signsqrt(add(v_ma20, c_ma60)), w60), w_id(w_id(w_id(w60))))), w60)",7.526293575068281,"beta60,c_ma20,c_ma60,dv_adv,gap,hl,ret20,size,v_ma20",7,0.9509
"ts_median(mul(add(div(signlog(signlog(hl)), dv_adv), mul(add(ts_zscore(beta60, w60), ts_max(cs_rank(size), w_id(w_id(w60)))), mul(v_ma20, beta60))), ts_max(ts_corr(size, signsqrt(add(v_ma20, c_ma60)), w60), w_id(w_id(w_id(w60))))), w60)",7.5167641315106675,"beta60,c_ma20,c_ma60,dv_adv,gap,hl,ret20,size,v_ma20",7,0.9548
"ts_median(mul(add(div(ts_decay(signlog(beta60), w_id(w60)), dv_adv), mul(add(ts_zscore(beta60, w60), ts_max(cs_rank(size), w_id(w_id(w20)))), mul(signlog(dv_adv), beta60))), ts_max(ts_corr(size, signsqrt(add(v_ma20, c_ma60)), w60), w60)), w60)",7.502557965377754,"beta60,c_ma20,c_ma60,dv_adv,gap,hl,ret20,size,v_ma20",7,0.9455
"ts_median(mul(add(div(signlog(signlog(c_ma60)), dv_adv), mul(add(ts_zscore(beta60, w60), ts_max(cs_rank(size), w60)), mul(v_ma20, beta60))), ts_max(ts_corr(size, signsqrt(add(v_ma20, c_ma60)), w60), w_id(w_id(w_id(w60))))), w60)",7.488821749735338,"beta60,c_ma20,c_ma60,dv_adv,gap,hl,ret20,size,v_ma20",7,0.9601
"ts_median(mul(add(div(signlog(signlog(c_ma20)), dv_adv), mul(add(ts_zscore(beta60, w60), ts_max(cs_rank(size), w20)), mul(v_ma20, beta60))), ts_max(ts_corr(size, signsqrt(add(v_ma20, c_ma60)), w60), w_id(w_id(w_id(w60))))), w_id(w60))",7.48127109943792,"beta60,c_ma20,c_ma60,dv_adv,gap,hl,ret20,size,v_ma20",7,0.9551
"ts_median(mul(add(div(signlog(signlog(hl)), dv_adv), mul(add(ts_zscore(beta60, w60), ts_max(cs_rank(size), w_id(w20))), mul(v_ma20, beta60))), ts_max(ts_corr(size, signsqrt(add(v_ma20, c_ma60)), w60), w_id(w_id(w_id(w60))))), w60)",7.474483477118438,"beta60,c_ma20,c_ma60,dv_adv,gap,hl,ret20,size,v_ma20",7,0.9538
"ts_median(mul(add(div(signlog(signlog(c_ma60)), dv_adv), mul(add(ts_zscore(beta60, w_id(w60)), ts_max(cs_rank(size), w_id(w20))), mul(v_ma20, beta60))), ts_max(ts_corr(size, signsqrt(add(v_ma20, c_ma60)), w60), w_id(w_id(w_id(w60))))), w60)",7.437275828948372,"beta60,c_ma20,c_ma60,dv_adv,gap,hl,ret20,size,v_ma20",7,0.9588
"ts_median(mul(add(div(signlog(signlog(c_ma60)), dv_adv), mul(add(ts_zscore(beta60, w60), ts_max(cs_rank(size), w_id(w20))), mul(v_ma20, beta60))), ts_max(ts_corr(size, signsqrt(add(v_ma20, c_ma60)), w_id(w60)), w60)), w60)",7.437275828948372,"beta60,c_ma20,c_ma60,dv_adv,gap,hl,ret20,size,v_ma20",7,0.9588
"ts_median(mul(add(div(signlog(signlog(c_ma60)), dv_adv), mul(add(ts_zscore(beta60, w60), ts_max(cs_rank(size), w20)), mul(v_ma20, beta60))), ts_max(ts_corr(size, signsqrt(add(v_ma20, c_ma60)), w60), w_id(w_id(w_id(w60))))), w_id(w60))",7.437275828948372,"beta60,c_ma20,c_ma60,dv_adv,gap,hl,ret20,size,v_ma20",7,0.9588
"ts_median(mul(add(div(signlog(signlog(c_ma60)), dv_adv), mul(add(ts_zscore(beta60, w60), ts_max(cs_rank(size), w_id(w20))), mul(v_ma20, beta60))), ts_max(ts_corr(size, signsqrt(add(v_ma20, c_ma60)), w60), w_id(w60))), w60)",7.437275828948372,"beta60,c_ma20,c_ma60,dv_adv,gap,hl,ret20,size,v_ma20",7,0.9588
"ts_median(mul(add(div(signlog(signlog(c_ma60)), dv_adv), mul(add(ts_zscore(beta60, w60), ts_max(cs_rank(size), w20)), mul(v_ma20, beta60))), ts_max(ts_corr(size, signsqrt(add(v_ma20, c_ma60)), w60), w_id(w_id(w_id(w60))))), w60)",7.437275828948372,"beta60,c_ma20,c_ma60,dv_adv,gap,hl,ret20,size,v_ma20",7,0.9588
"ts_median(mul(add(div(signlog(signlog(c_ma60)), dv_adv), mul(add(ts_zscore(beta60, w60), ts_max(cs_rank(size), w_id(w20))), mul(v_ma20, beta60))), ts_max(ts_corr(size, signsqrt(add(v_ma20, c_ma60)), w60), w60)), w60)",7.437275828948372,"beta60,c_ma20,c_ma60,dv_adv,gap,hl,ret20,size,v_ma20",7,0.9588
"ts_median(mul(add(div(signlog(signlog(c_ma60)), dv_adv), mul(add(ts_zscore(beta60, w60), ts_max(cs_rank(size), w_id(w20))), mul(v_ma20, beta60))), ts_max(ts_corr(size, signsqrt(add(v_ma20, c_ma60)), w60), w_id(w_id(w_id(w60))))), w60)",7.437275828948372,"beta60,c_ma20,c_ma60,dv_adv,gap,hl,ret20,size,v_ma20",7,0.9588
"ts_median(mul(add(div(ts_decay(signlog(beta60), w_id(w60)), dv_adv), mul(add(ts_zscore(beta60, w60), add(gap, c_ma60)), mul(v_ma20, beta60))), ts_max(ts_corr(size, signsqrt(add(v_ma20, c_ma60)), w60), w60)), w60)",7.434932508219247,"beta60,c_ma20,c_ma60,dv_adv,gap,hl,ret20,size,v_ma20",7,0.9727
"add(ts_decay(ret20, w_id(w20)), ts_decay(mul(neg(sub(ts_zscore(ts_zscore(stoch, w10), w_id(w_id(w20))), add(neg(stoch), gap))), stoch), w20))",4.373002908009633,"beta60,c_ma60,dv_adv,gap,hl,ret20,ret5,stoch,v_ma20",17,0.5242
"add(ts_decay(ret20, w_id(w20)), ts_decay(mul(neg(sub(ts_zscore(ts_zscore(stoch, w10), w20), add(neg(stoch), gap))), stoch), w10))",4.1073833254377625,"beta60,c_ma60,dv_adv,gap,hl,ret20,ret5,stoch,v_ma20",17,0.5566
"add(ts_decay(ret20, w_id(w20)), ts_decay(mul(neg(sub(ts_zscore(ts_zscore(stoch, w10), w_id(w_id(w20))), add(neg(stoch), gap))), stoch), w10))",4.1073833254377625,"beta60,c_ma60,dv_adv,gap,hl,ret20,ret5,stoch,v_ma20",17,0.5566
"add(ts_decay(ts_decay(ret20, w10), w10), ts_decay(mul(mul(neg(stoch), stoch), sub(ts_zscore(stoch, w_id(w10)), sub(neg(gap), stoch))), w20))",4.081331781386756,"beta60,c_ma60,dv_adv,gap,hl,ret20,ret5,stoch,v_ma20",17,0.5834
"add(ts_decay(ret20, w_id(w_id(w_id(w_id(w_id(w20)))))), ts_decay(mul(mul(neg(stoch), stoch), sub(ts_zscore(stoch, w_id(w10)), sub(gap, v_ma20))), w20))",4.065944757264849,"beta60,c_ma60,dv_adv,gap,hl,ret20,ret5,stoch,v_ma20",17,0.5624
"add(ts_decay(ret20, w_id(w_id(w_id(w20)))), ts_decay(mul(mul(sub(neg(sub(ret5, gap)), stoch), stoch), sub(ts_zscore(stoch, w_id(w10)), sub(neg(gap), stoch))), w20))",4.059416809941373,"beta60,c_ma60,dv_adv,gap,hl,ret20,ret5,stoch,v_ma20",17,0.5815
"add(ts_decay(ret20, w_id(w_id(w_id(w_id(w20))))), ts_decay(mul(mul(neg(stoch), stoch), sub(ts_zscore(stoch, w_id(w10)), sub(neg(ret5), stoch))), w20))",4.034274337716918,"beta60,c_ma60,dv_adv,gap,hl,ret20,ret5,stoch,v_ma20",17,0.5821
"add(ts_decay(ret20, w_id(w_id(w_id(w_id(w_id(w_id(w20))))))), ts_decay(mul(mul(neg(stoch), stoch), sub(ts_zscore(stoch, w10), sub(gap, stoch))), w20))",4.028751795251211,"beta60,c_ma60,dv_adv,gap,hl,ret20,ret5,stoch,v_ma20",17,0.5808
"add(ts_decay(ret20, w_id(w_id(w_id(w_id(w_id(w20)))))), ts_decay(mul(mul(neg(stoch), stoch), sub(ts_zscore(stoch, w10), sub(gap, stoch))), w20))",4.028751795251211,"beta60,c_ma60,dv_adv,gap,hl,ret20,ret5,stoch,v_ma20",17,0.5808
"add(ts_decay(ret20, w_id(w_id(w_id(w_id(w_id(w_id(w20))))))), ts_decay(mul(mul(neg(stoch), stoch), sub(ts_zscore(stoch, w_id(w10)), sub(gap, stoch))), w20))",4.028751795251211,"beta60,c_ma60,dv_adv,gap,hl,ret20,ret5,stoch,v_ma20",17,0.5808
"add(ts_decay(ret20, w_id(w20)), ts_decay(mul(mul(neg(stoch), stoch), sub(ts_zscore(stoch, w_id(w10)), sub(gap, stoch))), w20))",4.028751795251211,"beta60,c_ma60,dv_adv,gap,hl,ret20,ret5,stoch,v_ma20",17,0.5808
"add(ts_decay(ret20, w_id(w_id(w_id(w20)))), ts_decay(mul(mul(neg(stoch), stoch), sub(ts_zscore(stoch, w_id(w10)), sub(gap, stoch))), w20))",4.028751795251211,"beta60,c_ma60,dv_adv,gap,hl,ret20,ret5,stoch,v_ma20",17,0.5808
"add(ts_decay(ret20, w_id(w_id(w_id(w_id(w20))))), ts_decay(mul(mul(neg(stoch), stoch), sub(ts_zscore(stoch, w_id(w10)), sub(gap, stoch))), w20))",4.028751795251211,"beta60,c_ma60,dv_adv,gap,hl,ret20,ret5,stoch,v_ma20",17,0.5808
"add(ts_decay(ret20, w_id(w_id(w_id(w_id(w_id(w20)))))), ts_decay(mul(mul(neg(stoch), stoch), sub(ts_zscore(stoch, w_id(w10)), sub(gap, stoch))), w20))",4.028751795251211,"beta60,c_ma60,dv_adv,gap,hl,ret20,ret5,stoch,v_ma20",17,0.5808
"add(ts_decay(ts_decay(ret20, w10), w_id(w10)), ts_decay(mul(neg(sub(ts_zscore(stoch, w_id(w10)), add(neg(stoch), gap))), stoch), w_id(w_id(w_id(w_id(w20))))))",4.027913166537483,"beta60,c_ma60,dv_adv,gap,hl,ret20,ret5,stoch,v_ma20",17,0.5929
"neg(ts_sum(ts_std(ts_min(ts_corr(sub(ret20, size), stoch, w5), w_id(w_id(w_id(w_id(w10))))), w_id(w_id(w60))), w20))",6.254861938397608,"c_ma20,c_ma60,co,dv_adv,gap,ret20,ret5,size,stoch",14,0.1248
"neg(ts_sum(ts_std(ts_min(ts_corr(sub(ret20, size), stoch, w5), w_id(w10)), w_id(w_id(w60))), w_id(w_id(w_id(w20)))))",6.254861938397608,"c_ma20,c_ma60,co,dv_adv,gap,ret20,ret5,size,stoch",14,1.0
"neg(ts_sum(ts_std(ts_min(ts_corr(sub(ret20, size), stoch, w5), w_id(w_id(w10))), w_id(w_id(w60))), w_id(w_id(w_id(w20)))))",6.254861938397608,"c_ma20,c_ma60,co,dv_adv,gap,ret20,ret5,size,stoch",14,1.0
"neg(ts_sum(ts_std(ts_min(ts_corr(sub(ret20, size), stoch, w5), w_id(w_id(w10))), w60), w_id(w_id(w20))))",6.254861938397608,"c_ma20,c_ma60,co,dv_adv,gap,ret20,ret5,size,stoch",14,1.0
"neg(ts_sum(ts_std(ts_min(ts_corr(sub(ret20, size), stoch, w5), w_id(w_id(w10))), w_id(w_id(w_id(w_id(w60))))), w_id(w_id(w20))))",6.254861938397608,"c_ma20,c_ma60,co,dv_adv,gap,ret20,ret5,size,stoch",14,1.0
"neg(ts_sum(ts_std(ts_min(ts_corr(sub(ret20, size), stoch, w5), w_id(w10)), w_id(w_id(w60))), w_id(w_id(w20))))",6.254861938397608,"c_ma20,c_ma60,co,dv_adv,gap,ret20,ret5,size,stoch",14,1.0
"neg(ts_sum(ts_std(ts_min(ts_corr(sub(ret20, size), stoch, w5), w_id(w_id(w10))), w_id(w60)), w_id(w_id(w20))))",6.254861938397608,"c_ma20,c_ma60,co,dv_adv,gap,ret20,ret5,size,stoch",14,1.0
"neg(ts_sum(ts_std(ts_min(ts_corr(sub(ret20, size), stoch, w5), w10), w_id(w_id(w60))), w_id(w_id(w_id(w20)))))",6.254861938397608,"c_ma20,c_ma60,co,dv_adv,gap,ret20,ret5,size,stoch",14,1.0
"neg(ts_sum(ts_std(ts_min(ts_corr(sub(ret20, size), stoch, w5), w_id(w_id(w_id(w10)))), w_id(w_id(w60))), w_id(w_id(w_id(w20)))))",6.254861938397608,"c_ma20,c_ma60,co,dv_adv,gap,ret20,ret5,size,stoch",14,1.0
"neg(ts_sum(ts_std(ts_min(ts_corr(sub(ret20, size), stoch, w5), w_id(w_id(w_id(w_id(w10))))), w_id(w60)), w_id(w_id(w20))))",6.254861938397608,"c_ma20,c_ma60,co,dv_adv,gap,ret20,ret5,size,stoch",14,1.0
"neg(ts_sum(ts_std(ts_min(ts_corr(sub(ret20, size), stoch, w5), w_id(w_id(w10))), w_id(w_id(w60))), w_id(w_id(w20))))",6.254861938397608,"c_ma20,c_ma60,co,dv_adv,gap,ret20,ret5,size,stoch",14,1.0
"neg(ts_sum(ts_std(ts_min(ts_corr(sub(ret20, size), stoch, w5), w_id(w_id(w_id(w_id(w10))))), w_id(w_id(w60))), w_id(w_id(w_id(w20)))))",6.254861938397608,"c_ma20,c_ma60,co,dv_adv,gap,ret20,ret5,size,stoch",14,1.0
"neg(ts_sum(ts_std(ts_min(ts_corr(sub(ret20, size), stoch, w5), w10), w_id(w_id(w60))), w_id(w_id(w20))))",6.254861938397608,"c_ma20,c_ma60,co,dv_adv,gap,ret20,ret5,size,stoch",14,1.0
"neg(ts_sum(ts_std(ts_min(ts_corr(sub(ret20, size), stoch, w5), w_id(w_id(w_id(w10)))), w_id(w_id(w60))), w_id(w_id(w20))))",6.254861938397608,"c_ma20,c_ma60,co,dv_adv,gap,ret20,ret5,size,stoch",14,1.0
"neg(ts_sum(ts_std(ts_min(ts_corr(sub(ret20, size), stoch, w5), w_id(w_id(w_id(w_id(w10))))), w_id(w_id(w60))), w_id(w_id(w20))))",6.254861938397608,"c_ma20,c_ma60,co,dv_adv,gap,ret20,ret5,size,stoch",14,1.0
"ts_sum(ts_std(ts_max(ts_max(ts_delay(mul(c_ma60, ts_skew(mul(c_ma60, gap), w20)), w_id(w_id(w_id(w60)))), w_id(w10)), w_id(w20)), w_id(w_id(w_id(w60)))), w_id(w_id(w60)))",7.204199218782643,"beta60,c_ma60,co,gap,ret1,ret20,size,v_ma20,vol20",15,0.0732
"ts_sum(ts_std(ts_max(ts_delay(mul(mul(ts_delta(vol20, w10), ts_zscore(co, w60)), mul(ts_zscore(c_ma60, w5), gap)), w60), w_id(w_id(w60))), w_id(w5)), w_id(w_id(w_id(w_id(w60)))))",7.067047608809365,"beta60,c_ma60,co,gap,ret1,ret20,size,v_ma20,vol20",15,0.2718
"ts_sum(ts_std(ts_max(ts_max(ts_delay(ts_skew(mul(c_ma60, gap), w20), w_id(w_id(w60))), w_id(w10)), w_id(w20)), w60), w_id(w_id(w60)))",6.954951338613329,"beta60,c_ma60,co,gap,ret1,ret20,size,v_ma20,vol20",15,0.973
"ts_sum(ts_std(ts_max(ts_max(ts_delay(ts_skew(mul(c_ma60, gap), w20), w60), w_id(w10)), w_id(w_id(w_id(w20)))), w60), w_id(w_id(w60)))",6.954951338613329,"beta60,c_ma60,co,gap,ret1,ret20,size,v_ma20,vol20",15,0.973
"ts_sum(ts_std(ts_max(ts_max(ts_delay(ts_skew(mul(c_ma60, gap), w20), w60), w_id(w10)), w_id(w_id(w20))), w60), w_id(w60))",6.954951338613329,"beta60,c_ma60,co,gap,ret1,ret20,size,v_ma20,vol20",15,0.973
"ts_sum(ts_std(ts_max(ts_max(ts_delay(ts_skew(mul(c_ma60, gap), w_id(w20)), w60), w_id(w10)), w_id(w20)), w_id(w_id(w_id(w60)))), w_id(w_id(w60)))",6.954951338613329,"beta60,c_ma60,co,gap,ret1,ret20,size,v_ma20,vol20",15,0.973
"ts_sum(ts_std(ts_max(ts_max(ts_delay(ts_skew(mul(c_ma60, gap), w20), w60), w_id(w10)), w_id(w20)), w60), w_id(w_id(w60)))",6.954951338613329,"beta60,c_ma60,co,gap,ret1,ret20,size,v_ma20,vol20",15,0.973
"ts_sum(ts_std(ts_max(ts_delay(mul(mul(ts_delta(vol20, w10), ts_zscore(co, w60)), mul(ts_zscore(c_ma60, w_id(w20)), ts_skew(mul(c_ma60, gap), w20))), w60), w_id(w_id(w60))), w_id(w10)), w_id(w_id(w_id(w_id(w60)))))",6.924513126208917,"beta60,c_ma60,co,gap,ret1,ret20,size,v_ma20,vol20",15,0.8441
"ts_sum(ts_std(ts_max(ts_delay(mul(mul(ts_delta(vol20, w10), ts_zscore(co, w60)), mul(ts_zscore(c_ma60, w_id(w20)), gap)), w60), w_id(w60)), w_id(w10)), w60)",6.847584392899282,"beta60,c_ma60,co,gap,ret1,ret20,size,v_ma20,vol20",15,0.9698
"ts_sum(ts_std(ts_max(ts_delay(mul(mul(ts_delta(vol20, w10), ts_zscore(co, w60)), mul(ts_zscore(c_ma60, w_id(w20)), gap)), w60), w_id(w60)), w_id(w10)), w_id(w_id(w60)))",6.847584392899282,"beta60,c_ma60,co,gap,ret1,ret20,size,v_ma20,vol20",15,0.9698
"ts_sum(ts_std(ts_max(ts_delay(mul(mul(ts_delta(vol20, w10), ts_zscore(co, w60)), mul(ts_zscore(c_ma60, w_id(w20)), gap)), w60), w_id(w_id(w60))), w_id(w10)), w_id(w_id(w_id(w_id(w60)))))",6.847584392899282,"beta60,c_ma60,co,gap,ret1,ret20,size,v_ma20,vol20",15,0.9698
"ts_sum(ts_std(ts_max(ts_delay(mul(mul(ts_delta(vol20, w10), ts_zscore(co, w60)), mul(ts_zscore(c_ma60, w_id(w20)), gap)), w60), w_id(w_id(w60))), w_id(w10)), w_id(w_id(w60)))",6.847584392899282,"beta60,c_ma60,co,gap,ret1,ret20,size,v_ma20,vol20",15,0.9698
"ts_sum(ts_std(ts_max(ts_max(ts_delay(mul(c_ma60, mul(c_ma60, ts_skew(gap, w20))), w_id(w_id(w_id(w60)))), w_id(w10)), w_id(w20)), w_id(w_id(w60))), w_id(w_id(w_id(w60))))",6.815632936367592,"beta60,c_ma60,co,gap,ret1,ret20,size,v_ma20,vol20",15,0.9628
"ts_sum(ts_std(ts_max(ts_max(ts_delay(mul(c_ma60, mul(c_ma60, ts_skew(gap, w20))), w_id(w_id(w_id(w60)))), w_id(w10)), w20), w_id(w_id(w_id(w60)))), w_id(w_id(w60)))",6.815632936367592,"beta60,c_ma60,co,gap,ret1,ret20,size,v_ma20,vol20",15,0.9628
"ts_sum(ts_std(ts_max(ts_max(ts_delay(mul(c_ma60, mul(c_ma60, ts_skew(gap, w20))), w_id(w_id(w_id(w60)))), w_id(w10)), w_id(w_id(w20))), w60), w_id(w_id(w60)))",6.815632936367592,"beta60,c_ma60,co,gap,ret1,ret20,size,v_ma20,vol20",15,0.9628
"sub(ts_min(ts_min(ts_min(ts_zscore(ts_min(ts_min(ts_zscore(ret5, w60), w20), w10), w60), w60), w5), w60), cs_zscore(ts_decay(cs_zscore(add(ts_decay(stoch, w5), cs_rank(cs_rank(size)))), w5)))",5.809344126888412,"c_ma20,c_ma60,co,gap,ret1,ret20,ret5,size,stoch",18,0.3345
"sub(ts_min(ts_min(ts_zscore(ts_min(ts_min(ts_zscore(ret5, w60), w20), w10), w60), w60), w60), cs_zscore(ts_decay(cs_zscore(stoch), w5)))",5.518779709075236,"c_ma20,c_ma60,co,gap,ret1,ret20,ret5,size,stoch",18,0.8225
"sub(ts_min(ts_min(ts_zscore(ts_min(ts_min(ts_zscore(ret5, w60), w20), w10), w60), w60), w_id(w60)), cs_zscore(ts_decay(stoch, w5)))",5.448769147397762,"c_ma20,c_ma60,co,gap,ret1,ret20,ret5,size,stoch",18,0.8253
"sub(ts_min(ts_min(ts_zscore(ts_min(ts_min(ts_zscore(ret5, w60), w20), w10), w60), w60), w_id(w_id(w60))), cs_zscore(ts_decay(stoch, w5)))",5.448769147397762,"c_ma20,c_ma60,co,gap,ret1,ret20,ret5,size,stoch",18,0.8253
"sub(ts_min(ts_min(ts_zscore(ts_min(ts_min(ts_zscore(ret5, w60), w20), w_id(w10)), w60), w60), w60), cs_zscore(ts_decay(stoch, w5)))",5.448769147397762,"c_ma20,c_ma60,co,gap,ret1,ret20,ret5,size,stoch",18,0.8253
"sub(ts_min(ts_min(ts_zscore(ts_min(ts_min(ts_zscore(ret5, w60), w20), w_id(w10)), w60), w60), w_id(w_id(w60))), cs_zscore(ts_decay(stoch, w5)))",5.448769147397762,"c_ma20,c_ma60,co,gap,ret1,ret20,ret5,size,stoch",18,0.8253
"sub(ts_min(ts_min(ts_zscore(ts_min(ts_min(ts_zscore(ret5, w60), w20), w_id(w10)), w60), w60), w60), cs_zscore(ts_decay(stoch, w60)))",5.440394760097785,"c_ma20,c_ma60,co,gap,ret1,ret20,ret5,size,stoch",18,0.7511
"sub(ts_min(ts_min(ts_min(ts_zscore(ts_min(ts_min(ts_zscore(ret5, w60), w20), w10), w60), w60), w_id(w5)), w60), cs_zscore(ts_decay(cs_zscore(stoch), w_id(w10))))",5.435177159523656,"c_ma20,c_ma60,co,gap,ret1,ret20,ret5,size,stoch",18,0.8405
"sub(ts_min(ts_min(ts_min(ts_zscore(ts_min(ts_min(ts_zscore(ret5, w60), w20), w_id(w_id(w10))), w_id(w60)), w60), w_id(w5)), w_id(w60)), cs_zscore(ts_decay(cs_zscore(stoch), w_id(w10))))",5.435177159523656,"c_ma20,c_ma60,co,gap,ret1,ret20,ret5,size,stoch",18,0.8405
"sub(ts_min(ts_min(ts_min(ts_zscore(ts_min(ts_min(ts_zscore(ret5, w60), w20), w10), w60), w60), w_id(w5)), w60), cs_zscore(ts_decay(cs_zscore(cs_zscore(stoch)), w5)))",5.432098314104237,"c_ma20,c_ma60,co,gap,ret1,ret20,ret5,size,stoch",18,0.8336
"sub(ts_min(ts_min(ts_min(ts_zscore(ts_min(ts_min(ts_zscore(ret5, w60), w20), w10), w60), w60), w5), w_id(w60)), cs_zscore(ts_decay(cs_zscore(stoch), w_id(w5))))",5.432098301626102,"c_ma20,c_ma60,co,gap,ret1,ret20,ret5,size,stoch",18,0.8336
"sub(ts_min(ts_min(ts_min(ts_zscore(ts_min(ts_min(ts_zscore(ret5, w60), w20), w_id(w10)), w60), w60), w5), w60), cs_zscore(ts_decay(cs_zscore(stoch), w5)))",5.432098301626102,"c_ma20,c_ma60,co,gap,ret1,ret20,ret5,size,stoch",18,0.8336
"sub(ts_min(ts_min(ts_min(ts_zscore(ts_min(ts_min(ts_zscore(ret5, w60), w20), w10), w60), w60), w_id(w5)), w60), cs_zscore(ts_decay(cs_zscore(stoch), w_id(w_id(w5)))))",5.432098301626102,"c_ma20,c_ma60,co,gap,ret1,ret20,ret5,size,stoch",18,0.8336
"sub(ts_min(ts_min(ts_min(ts_zscore(ts_min(ts_min(ts_zscore(ret5, w60), w20), w_id(w_id(w10))), w60), w60), w_id(w5)), w60), cs_zscore(ts_decay(cs_zscore(stoch), w5)))",5.432098301626102,"c_ma20,c_ma60,co,gap,ret1,ret20,ret5,size,stoch",18,0.8336
"sub(ts_min(ts_min(ts_min(ts_zscore(ts_min(ts_min(ts_zscore(ret5, w60), w20), w10), w60), w_id(w60)), w_id(w5)), w60), cs_zscore(ts_decay(cs_zscore(stoch), w5)))",5.432098301626102,"c_ma20,c_ma60,co,gap,ret1,ret20,ret5,size,stoch",18,0.8336
"sub(sub(sub(ts_sum(ret5, w20), ts_decay(ts_zscore(mul(signlog(ts_decay(vol20, w60)), ts_mean(signlog(size), w_id(w20))), w5), w20)), add(ts_decay(ts_zscore(stoch, w10), w10), add(ts_mean(signlog(mul(stoch, cs_rank(ret5))), w_id(w20)), mul(size, ts_sum(mul(stoch, cs_rank(ret5)), w_id(w_id(w10))))))), cs_zscore(ts_decay(ts_zscore(mul(stoch, ts_mean(signlog(dv_adv), w_id(w20))), w5), w10)))",4.927152880410533,"c_ma20,c_ma60,co,dv_adv,hl,ret5,size,stoch,vol20",13,0.5512
"sub(sub(sub(signlog(ts_mean(signlog(dv_adv), w_id(w20))), ts_decay(ts_zscore(mul(signlog(ts_decay(vol20, w60)), ts_mean(signlog(size), w_id(w20))), w5), w20)), add(ts_decay(ts_zscore(stoch, w10), w10), add(ts_mean(signlog(mul(stoch, cs_rank(ret5))), w_id(w20)), mul(size, ts_sum(mul(stoch, cs_rank(ret5)), w_id(w_id(w10))))))), cs_zscore(ts_decay(ts_zscore(mul(stoch, ts_mean(signlog(dv_adv), w_id(w20))), w5), w10)))",4.799116354169121,"c_ma20,c_ma60,co,dv_adv,hl,ret5,size,stoch,vol20",13,0.5782
"sub(sub(sub(signlog(div(stoch, hl)), ts_decay(ts_zscore(mul(signlog(ts_decay(vol20, w60)), ts_mean(signlog(size), w10)), w20), w20)), add(ts_decay(ts_zscore(stoch, w10), w10), add(ts_delay(ts_std(ret5, w10), w_id(w5)), mul(size, ts_sum(mul(stoch, cs_rank(ret5)), w_id(w_id(w10))))))), cs_zscore(ts_decay(ts_zscore(mul(stoch, ts_mean(signlog(dv_adv), w_id(w20))), w5), w10)))",4.792731687758427,"c_ma20,c_ma60,co,dv_adv,hl,ret5,size,stoch,vol20",13,0.5484
"sub(sub(mul(stoch, ts_mean(signlog(dv_adv), w20)), add(cs_zscore(ts_min(size, w_id(w_id(w20)))), mul(size, ts_sum(mul(stoch, cs_rank(ret5)), w_id(w_id(w10)))))), cs_zscore(ts_decay(ts_zscore(mul(stoch, ts_mean(signlog(dv_adv), w_id(w20))), w5), w10)))",4.78293910455199,"c_ma20,c_ma60,co,dv_adv,hl,ret5,size,stoch,vol20",13,0.6517
"sub(sub(mul(stoch, ts_mean(signlog(dv_adv), w_id(w20))), add(cs_zscore(ts_min(size, w_id(w_id(w20)))), mul(size, ts_sum(mul(stoch, cs_rank(ret5)), w_id(w_id(w10)))))), cs_zscore(ts_decay(ts_zscore(mul(stoch, ts_mean(signlog(dv_adv), w_id(w20))), w5), w10)))",4.78293910455199,"c_ma20,c_ma60,co,dv_adv,hl,ret5,size,stoch,vol20",13,0.6517
"sub(sub(mul(stoch, ts_mean(signlog(dv_adv), w_id(w20))), add(cs_zscore(ts_min(size, w10)), mul(size, ts_sum(mul(stoch, cs_rank(ret5)), w_id(w_id(w10)))))), cs_zscore(ts_decay(ts_zscore(mul(stoch, ts_mean(signlog(dv_adv), w_id(w20))), w5), w10)))",4.7794540796939415,"c_ma20,c_ma60,co,dv_adv,hl,ret5,size,stoch,vol20",13,0.6498
"sub(sub(sub(signlog(dv_adv), ts_decay(ts_zscore(mul(signlog(ts_decay(vol20, w60)), ts_mean(signlog(size), w_id(w20))), w5), w20)), add(ts_decay(ts_zscore(stoch, w10), w10), add(ts_delay(ts_std(c_ma20, w10), w_id(w5)), mul(size, ts_sum(mul(stoch, cs_rank(ret5)), w_id(w_id(w10))))))), cs_zscore(ts_decay(ts_zscore(mul(stoch, ts_mean(signlog(dv_adv), w_id(w20))), w5), w10)))",4.7621855825511386,"c_ma20,c_ma60,co,dv_adv,hl,ret5,size,stoch,vol20",13,0.5748
"sub(sub(mul(stoch, ts_mean(signlog(dv_adv), w_id(w20))), add(size, mul(size, ts_sum(mul(stoch, cs_rank(ret5)), w_id(w_id(w10)))))), cs_zscore(ts_decay(ts_zscore(mul(stoch, ts_mean(signlog(dv_adv), w_id(w20))), w5), w10)))",4.760243534282792,"c_ma20,c_ma60,co,dv_adv,hl,ret5,size,stoch,vol20",13,0.6295
"sub(sub(sub(ret5, ts_decay(ts_zscore(mul(signlog(ts_decay(vol20, w60)), ts_mean(signlog(size), w_id(w20))), w5), w_id(w_id(w10)))), add(ts_decay(ts_zscore(stoch, w10), w10), add(ts_delay(ts_std(stoch, w10), w_id(w20)), mul(size, ts_sum(mul(stoch, cs_rank(ret5)), w_id(w_id(w10))))))), cs_zscore(ts_decay(ts_zscore(mul(stoch, ts_mean(signlog(dv_adv), w_id(w20))), w5), w10)))",4.757792420608776,"c_ma20,c_ma60,co,dv_adv,hl,ret5,size,stoch,vol20",13,0.5665
"sub(sub(sub(signlog(dv_adv), ts_decay(ts_zscore(mul(signlog(ts_decay(vol20, w60)), ts_mean(signlog(size), w_id(w20))), w5), w20)), add(ts_decay(ts_zscore(signlog(dv_adv), w10), w10), add(ts_delay(ts_std(c_ma20, w10), w_id(w5)), mul(size, ts_sum(mul(stoch, cs_rank(ret5)), w_id(w_id(w10))))))), cs_zscore(ts_decay(ts_zscore(mul(stoch, ts_mean(signlog(dv_adv), w_id(w20))), w5), w10)))",4.756743433552751,"c_ma20,c_ma60,co,dv_adv,hl,ret5,size,stoch,vol20",13,0.5356
"sub(sub(mul(stoch, ts_mean(signlog(dv_adv), w_id(w10))), add(size, mul(size, ts_sum(mul(stoch, cs_rank(ret5)), w_id(w_id(w10)))))), cs_zscore(ts_decay(ts_zscore(mul(stoch, ts_mean(signlog(dv_adv), w_id(w20))), w5), w10)))",4.754040494858651,"c_ma20,c_ma60,co,dv_adv,hl,ret5,size,stoch,vol20",13,0.6309
"sub(sub(sub(signlog(dv_adv), ts_decay(ts_zscore(mul(signlog(ts_decay(vol20, w60)), ts_mean(signlog(size), w_id(w20))), w5), w20)), add(ts_decay(ts_zscore(stoch, w10), w10), add(ts_mean(signlog(mul(stoch, cs_rank(ret5))), w10), mul(size, ts_sum(mul(stoch, cs_rank(ret5)), w_id(w_id(w10))))))), cs_zscore(ts_decay(ts_zscore(mul(stoch, ts_mean(signlog(dv_adv), w_id(w20))), w5), w10)))",4.753346956156058,"c_ma20,c_ma60,co,dv_adv,hl,ret5,size,stoch,vol20",13,0.5824
"sub(sub(sub(signlog(dv_adv), ts_decay(ts_zscore(mul(signlog(ts_decay(vol20, w60)), ts_mean(signlog(size), w5)), w5), w20)), add(ts_decay(ts_zscore(stoch, w10), w10), add(ts_mean(signlog(mul(stoch, cs_rank(ret5))), w_id(w_id(w20))), mul(size, ts_sum(mul(stoch, cs_rank(ret5)), w_id(w_id(w10))))))), cs_zscore(ts_decay(ts_zscore(mul(stoch, ts_mean(signlog(dv_adv), w_id(w20))), w5), w10)))",4.752133256824169,"c_ma20,c_ma60,co,dv_adv,hl,ret5,size,stoch,vol20",13,0.5776
"sub(sub(sub(signlog(dv_adv), ts_decay(ts_zscore(mul(signlog(ts_decay(vol20, w60)), ts_mean(signlog(size), w_id(w5))), w5), w20)), add(ts_decay(ts_zscore(stoch, w10), w10), add(ts_mean(signlog(mul(stoch, cs_rank(ret5))), w_id(w_id(w20))), mul(size, ts_sum(mul(stoch, cs_rank(ret5)), w_id(w_id(w10))))))), cs_zscore(ts_decay(ts_zscore(mul(stoch, ts_mean(signlog(dv_adv), w_id(w20))), w5), w10)))",4.752133256824169,"c_ma20,c_ma60,co,dv_adv,hl,ret5,size,stoch,vol20",13,0.5776
"sub(sub(sub(signlog(dv_adv), ts_decay(ts_zscore(mul(signlog(ts_decay(vol20, w60)), ts_mean(signlog(size), w_id(w20))), w5), w10)), add(ts_decay(ts_zscore(stoch, w10), w10), add(ts_mean(signlog(mul(stoch, ret5)), w_id(w_id(w20))), mul(size, ts_sum(mul(stoch, cs_rank(ret5)), w_id(w_id(w10))))))), cs_zscore(ts_decay(ts_zscore(mul(stoch, ts_mean(signlog(dv_adv), w_id(w20))), w5), w10)))",4.751802079426199,"c_ma20,c_ma60,co,dv_adv,hl,ret5,size,stoch,vol20",13,0.5701
"ts_decay(sub(ts_median(cs_rank(ts_std(ts_max(div(ts_decay(gap, w20), ts_sum(dv_adv, w60)), w60), w60)), w_id(w_id(w_id(w_id(w5))))), signsqrt(stoch)), w_id(w_id(w20)))",5.791375353387119,"beta60,c_ma60,dv_adv,gap,hl,ret1,ret20,size,stoch",12,0.3146
"ts_decay(sub(ts_median(cs_rank(ts_std(ts_max(signlog(add(dv_adv, c_ma60)), w60), w60)), w_id(w_id(w_id(w_id(w_id(w20)))))), signsqrt(stoch)), w_id(w_id(w10)))",5.73009933879194,"beta60,c_ma60,dv_adv,gap,hl,ret1,ret20,size,stoch",12,0.4212
"ts_decay(sub(ts_median(cs_rank(ts_std(ts_max(signlog(add(dv_adv, c_ma60)), w60), w_id(w_id(w60)))), w_id(w_id(w_id(w20)))), signsqrt(stoch)), w_id(w_id(w10)))",5.73009933879194,"beta60,c_ma60,dv_adv,gap,hl,ret1,ret20,size,stoch",12,1.0
"ts_decay(sub(ts_median(cs_rank(ts_std(ts_max(signlog(add(dv_adv, c_ma60)), w60), w60)), w_id(w_id(w_id(w20)))), signsqrt(stoch)), w_id(w_id(w_id(w10))))",5.73009933879194,"beta60,c_ma60,dv_adv,gap,hl,ret1,ret20,size,stoch",12,1.0
"ts_decay(sub(ts_median(cs_rank(ts_std(ts_max(signlog(add(dv_adv, c_ma60)), w60), w60)), w_id(w20)), signsqrt(stoch)), w10)",5.73009933879194,"beta60,c_ma60,dv_adv,gap,hl,ret1,ret20,size,stoch",12,1.0
"ts_decay(sub(ts_median(cs_rank(ts_std(ts_max(signlog(add(dv_adv, c_ma60)), w60), w60)), w_id(w20)), signsqrt(stoch)), w_id(w10))",5.73009933879194,"beta60,c_ma60,dv_adv,gap,hl,ret1,ret20,size,stoch",12,1.0
"ts_decay(sub(ts_median(cs_rank(ts_std(ts_max(signlog(add(dv_adv, c_ma60)), w60), w60)), w_id(w_id(w20))), signsqrt(stoch)), w_id(w10))",5.73009933879194,"beta60,c_ma60,dv_adv,gap,hl,ret1,ret20,size,stoch",12,1.0
"ts_decay(sub(ts_median(cs_rank(ts_std(ts_max(signlog(add(dv_adv, c_ma60)), w60), w60)), w_id(w_id(w20))), signsqrt(stoch)), w_id(w_id(w_id(w10))))",5.73009933879194,"beta60,c_ma60,dv_adv,gap,hl,ret1,ret20,size,stoch",12,1.0
"ts_decay(sub(ts_median(cs_rank(ts_std(ts_max(signlog(add(dv_adv, c_ma60)), w60), w60)), w_id(w_id(w_id(w20)))), signsqrt(stoch)), w_id(w_id(w10)))",5.73009933879194,"beta60,c_ma60,dv_adv,gap,hl,ret1,ret20,size,stoch",12,1.0
"ts_decay(sub(ts_median(cs_rank(ts_std(ts_max(signlog(add(dv_adv, c_ma60)), w60), w_id(w_id(w60)))), w_id(w_id(w_id(w_id(w20))))), signsqrt(stoch)), w_id(w_id(w10)))",5.73009933879194,"beta60,c_ma60,dv_adv,gap,hl,ret1,ret20,size,stoch",12,1.0
"ts_decay(sub(ts_median(cs_rank(ts_std(ts_max(signlog(add(dv_adv, c_ma60)), w60), w_id(w_id(w60)))), w_id(w_id(w_id(w_id(w_id(w20)))))), signsqrt(stoch)), w_id(w_id(w10)))",5.73009933879194,"beta60,c_ma60,dv_adv,gap,hl,ret1,ret20,size,stoch",12,1.0
"ts_decay(sub(ts_median(cs_rank(ts_std(ts_max(signlog(add(dv_adv, c_ma60)), w60), w_id(w_id(w60)))), w20), signsqrt(stoch)), w_id(w_id(w10)))",5.73009933879194,"beta60,c_ma60,dv_adv,gap,hl,ret1,ret20,size,stoch",12,1.0
"ts_decay(sub(ts_median(cs_rank(ts_std(ts_max(signlog(add(dv_adv, c_ma60)), w60), w60)), w_id(w20)), signsqrt(stoch)), w_id(w_id(w10)))",5.73009933879194,"beta60,c_ma60,dv_adv,gap,hl,ret1,ret20,size,stoch",12,1.0
"ts_decay(sub(ts_median(cs_rank(ts_std(ts_max(signlog(add(dv_adv, c_ma60)), w60), w_id(w_id(w60)))), w_id(w_id(w20))), signsqrt(stoch)), w_id(w_id(w10)))",5.73009933879194,"beta60,c_ma60,dv_adv,gap,hl,ret1,ret20,size,stoch",12,1.0
"ts_decay(sub(ts_median(cs_rank(ts_std(ts_max(signlog(add(dv_adv, c_ma60)), w60), w60)), w_id(w_id(w20))), signsqrt(stoch)), w_id(w_id(w10)))",5.73009933879194,"beta60,c_ma60,dv_adv,gap,hl,ret1,ret20,size,stoch",12,1.0
"sub(neg(add(ts_decay(add(size, ts_corr(stoch, size, w60)), w_id(w10)), vol20)), ts_decay(add(size, signlog(ts_zscore(signsqrt(stoch), w10))), w10))",4.395562612897512,"beta60,c_ma20,c_ma60,co,dv_adv,gap,size,stoch,vol20",20,0.8246
"sub(neg(add(ts_decay(add(size, stoch), w_id(w20)), signsqrt(ts_median(vol20, w20)))), ts_decay(add(add(size, signlog(ts_zscore(signsqrt(stoch), w10))), signlog(ts_zscore(c_ma20, w10))), w10))",4.363923370023111,"beta60,c_ma20,c_ma60,co,dv_adv,gap,size,stoch,vol20",20,0.7769
"sub(neg(add(add(ts_decay(add(size, stoch), w_id(w20)), vol20), vol20)), ts_decay(add(add(size, signlog(ts_zscore(signsqrt(stoch), w10))), signlog(ts_zscore(c_ma20, w10))), w10))",4.3603678857280395,"beta60,c_ma20,c_ma60,co,dv_adv,gap,size,stoch,vol20",20,0.776
"sub(neg(add(ts_decay(add(signlog(size), stoch), w_id(w20)), size)), ts_decay(add(add(size, signlog(ts_zscore(signsqrt(stoch), w10))), signlog(ts_zscore(signsqrt(c_ma20), w_id(w10)))), w10))",4.359586733395076,"beta60,c_ma20,c_ma60,co,dv_adv,gap,size,stoch,vol20",20,0.7704
"sub(neg(add(size, cs_rank(ts_decay(stoch, w_id(w_id(w20)))))), ts_decay(add(ts_zscore(stoch, w10), add(signlog(ts_zscore(signsqrt(stoch), w10)), signlog(ts_zscore(signsqrt(size), w_id(w_id(w10)))))), w10))",4.359290882652989,"beta60,c_ma20,c_ma60,co,dv_adv,gap,size,stoch,vol20",20,0.5725
"sub(neg(add(ts_decay(add(size, stoch), w_id(w_id(w20))), vol20)), ts_decay(add(add(size, signlog(ts_zscore(signsqrt(stoch), w10))), signlog(ts_zscore(c_ma20, w10))), w_id(w10)))",4.356488512037382,"beta60,c_ma20,c_ma60,co,dv_adv,gap,size,stoch,vol20",20,0.7769
"sub(neg(add(ts_decay(add(size, stoch), w_id(w20)), vol20)), ts_decay(add(add(size, signlog(ts_zscore(signsqrt(stoch), w10))), signlog(ts_zscore(c_ma20, w10))), w10))",4.356488512037382,"beta60,c_ma20,c_ma60,co,dv_adv,gap,size,stoch,vol20",20,0.7769
"sub(neg(add(ts_decay(add(size, stoch), w20), vol20)), ts_decay(add(add(size, signlog(ts_zscore(signsqrt(stoch), w10))), signlog(ts_zscore(c_ma20, w10))), w10))",4.356488512037382,"beta60,c_ma20,c_ma60,co,dv_adv,gap,size,stoch,vol20",20,0.7769
"sub(neg(add(ts_decay(add(signlog(size), stoch), w_id(w_id(w10))), size)), ts_decay(add(add(signlog(ts_zscore(signsqrt(size), w10)), signlog(ts_zscore(signsqrt(stoch), w10))), signlog(ts_zscore(signsqrt(c_ma20), w_id(w10)))), w10))",4.353268534197569,"beta60,c_ma20,c_ma60,co,dv_adv,gap,size,stoch,vol20",20,0.5981
"sub(neg(add(ts_decay(add(signlog(size), stoch), w_id(w_id(w20))), vol20)), ts_decay(add(add(size, signlog(ts_zscore(signsqrt(stoch), w_id(w_id(w10))))), signlog(ts_zscore(signsqrt(c_ma20), w10))), w10))",4.350363515897686,"beta60,c_ma20,c_ma60,co,dv_adv,gap,size,stoch,vol20",20,0.7714
"sub(neg(add(ts_decay(add(signlog(size), stoch), w_id(w_id(w20))), vol20)), ts_decay(add(add(size, signlog(ts_zscore(signsqrt(stoch), w10))), signlog(ts_zscore(signsqrt(c_ma20), w10))), w10))",4.350363515897686,"beta60,c_ma20,c_ma60,co,dv_adv,gap,size,stoch,vol20",20,0.7714
"sub(neg(add(add(size, cs_rank(ts_decay(stoch, w_id(w20)))), vol20)), ts_decay(add(add(size, signlog(ts_zscore(signsqrt(stoch), w10))), signlog(ts_zscore(c_ma20, w_id(w_id(w_id(w10)))))), w10))",4.339012496544858,"beta60,c_ma20,c_ma60,co,dv_adv,gap,size,stoch,vol20",20,0.7372
"sub(neg(add(ts_decay(add(size, stoch), w10), signlog(add(ts_decay(add(size, stoch), w20), size)))), ts_decay(add(add(size, signlog(ts_zscore(signsqrt(stoch), w_id(w_id(w10))))), signlog(ts_zscore(c_ma20, w10))), w10))",4.330450173304622,"beta60,c_ma20,c_ma60,co,dv_adv,gap,size,stoch,vol20",20,0.7594
"sub(neg(add(ts_decay(ts_decay(add(signlog(size), stoch), w_id(w10)), w10), vol20)), ts_decay(add(add(size, signlog(ts_zscore(signsqrt(stoch), w10))), signlog(ts_zscore(c_ma20, w10))), w10))",4.3279689667667745,"beta60,c_ma20,c_ma60,co,dv_adv,gap,size,stoch,vol20",20,0.767
"sub(neg(add(ts_decay(add(size, stoch), w10), signsqrt(ts_median(vol20, w20)))), ts_decay(add(add(size, signlog(ts_zscore(signsqrt(stoch), w10))), signlog(ts_zscore(c_ma20, w10))), w10))",4.324673015491849,"beta60,c_ma20,c_ma60,co,dv_adv,gap,size,stoch,vol20",20,0.7756
"sub(sub(sub(signlog(mul(ts_std(neg(stoch), w60), cs_zscore(stoch))), neg(sub(signlog(ts_decay(neg(size), w60)), cs_zscore(cs_zscore(size))))), mul(ts_std(mul(ts_std(dv_adv, w60), cs_zscore(stoch)), w60), cs_zscore(stoch))), cs_zscore(cs_zscore(size)))",5.276980892847606,"beta60,c_ma20,c_ma60,co,dv_adv,hl,ret20,size,stoch",19,0.5177
"sub(sub(sub(signlog(mul(ts_std(neg(stoch), w60), cs_zscore(stoch))), neg(sub(signlog(ts_decay(neg(size), w5)), cs_zscore(cs_zscore(size))))), mul(ts_std(mul(ts_std(dv_adv, w60), cs_zscore(stoch)), w60), cs_zscore(stoch))), cs_zscore(cs_zscore(size)))",5.264453229447524,"beta60,c_ma20,c_ma60,co,dv_adv,hl,ret20,size,stoch",19,0.5168
"sub(sub(sub(signlog(ts_decay(neg(beta60), w60)), neg(sub(stoch, size))), mul(ts_std(mul(ts_std(dv_adv, w60), cs_zscore(stoch)), w60), cs_zscore(stoch))), cs_zscore(cs_zscore(size)))",5.066165434698992,"beta60,c_ma20,c_ma60,co,dv_adv,hl,ret20,size,stoch",19,0.4026
"sub(sub(sub(signlog(ts_decay(neg(mul(cs_zscore(size), cs_rank(c_ma20))), w_id(w_id(w20)))), neg(signlog(mul(ts_std(dv_adv, w60), cs_zscore(stoch))))), mul(ts_std(dv_adv, w60), cs_zscore(stoch))), cs_zscore(cs_zscore(size)))",5.065250206766922,"beta60,c_ma20,c_ma60,co,dv_adv,hl,ret20,size,stoch",19,0.8664
"sub(sub(sub(ts_decay(c_ma60, w20), neg(sub(stoch, size))), mul(ts_std(mul(ts_std(dv_adv, w60), cs_zscore(stoch)), w60), cs_zscore(stoch))), cs_zscore(cs_zscore(size)))",5.059511542100682,"beta60,c_ma20,c_ma60,co,dv_adv,hl,ret20,size,stoch",19,0.9956
"sub(sub(sub(signlog(ts_decay(neg(mul(cs_zscore(size), ts_std(co, w5))), w60)), neg(sub(stoch, size))), mul(ts_std(mul(ts_std(dv_adv, w_id(w60)), cs_zscore(stoch)), w60), cs_zscore(stoch))), cs_zscore(cs_zscore(size)))",5.0536335891455275,"beta60,c_ma20,c_ma60,co,dv_adv,hl,ret20,size,stoch",19,0.9975
"sub(sub(sub(signlog(ts_decay(neg(mul(cs_zscore(size), ts_std(co, w5))), w60)), neg(sub(stoch, size))), mul(ts_std(mul(ts_std(dv_adv, w60), cs_zscore(stoch)), w60), cs_zscore(stoch))), cs_zscore(cs_zscore(size)))",5.0536335891455275,"beta60,c_ma20,c_ma60,co,dv_adv,hl,ret20,size,stoch",19,0.9975
"sub(sub(sub(signlog(ts_decay(neg(mul(cs_zscore(size), ts_std(co, w60))), w60)), neg(sub(stoch, size))), mul(ts_std(mul(ts_std(dv_adv, w60), cs_zscore(stoch)), w60), cs_zscore(stoch))), cs_zscore(cs_zscore(size)))",5.05300487411437,"beta60,c_ma20,c_ma60,co,dv_adv,hl,ret20,size,stoch",19,0.9975
"sub(sub(sub(signlog(mul(ts_std(dv_adv, w60), cs_zscore(stoch))), neg(sub(signlog(ts_decay(neg(size), w60)), size))), mul(ts_std(dv_adv, w60), cs_zscore(stoch))), cs_zscore(cs_zscore(size)))",5.028166755738976,"beta60,c_ma20,c_ma60,co,dv_adv,hl,ret20,size,stoch",19,0.8648
"sub(sub(sub(ts_max(beta60, w60), neg(sub(stoch, size))), mul(ts_std(mul(ts_std(dv_adv, w60), cs_zscore(stoch)), w60), cs_zscore(stoch))), cs_zscore(cs_zscore(size)))",4.986338958876919,"beta60,c_ma20,c_ma60,co,dv_adv,hl,ret20,size,stoch",19,0.9887
"sub(sub(sub(signlog(mul(ts_std(dv_adv, w60), cs_zscore(stoch))), neg(sub(signlog(ts_decay(neg(size), w_id(w20))), hl))), mul(ts_std(dv_adv, w60), cs_zscore(stoch))), cs_zscore(cs_zscore(size)))",4.979365083269175,"beta60,c_ma20,c_ma60,co,dv_adv,hl,ret20,size,stoch",19,0.8845
"sub(sub(sub(signlog(ts_decay(neg(mul(cs_zscore(size), cs_rank(c_ma20))), w_id(w5))), neg(signlog(mul(ts_std(dv_adv, w60), cs_zscore(stoch))))), mul(ts_std(dv_adv, w60), cs_zscore(stoch))), cs_zscore(cs_zscore(size)))",4.972319272707688,"beta60,c_ma20,c_ma60,co,dv_adv,hl,ret20,size,stoch",19,0.8636
"sub(sub(sub(signlog(mul(ts_std(dv_adv, w60), cs_zscore(stoch))), neg(sub(signlog(ts_decay(neg(size), w60)), ts_max(beta60, w60)))), mul(ts_std(mul(ts_std(dv_adv, w60), cs_zscore(stoch)), w60), cs_zscore(stoch))), cs_zscore(cs_zscore(size)))",4.944231878115858,"beta60,c_ma20,c_ma60,co,dv_adv,hl,ret20,size,stoch",19,0.9915
"sub(sub(sub(signlog(mul(ts_std(neg(stoch), w60), cs_zscore(stoch))), neg(sub(signlog(ts_decay(neg(size), w5)), ts_max(beta60, w60)))), mul(ts_std(mul(ts_std(dv_adv, w60), cs_zscore(stoch)), w60), cs_zscore(stoch))), cs_zscore(cs_zscore(size)))",4.941995002163428,"beta60,c_ma20,c_ma60,co,dv_adv,hl,ret20,size,stoch",19,0.9978
"sub(sub(sub(signlog(mul(ts_std(dv_adv, w60), cs_zscore(stoch))), neg(sub(signlog(ts_decay(neg(size), w10)), ts_max(beta60, w60)))), mul(ts_std(mul(ts_std(dv_adv, w60), cs_zscore(stoch)), w60), cs_zscore(stoch))), cs_zscore(cs_zscore(size)))",4.937298433679811,"beta60,c_ma20,c_ma60,co,dv_adv,hl,ret20,size,stoch",19,0.9917
"add(ts_delay(ts_mean(cs_zscore(ts_corr(co, co, w_id(w5))), w20), w60), ts_delay(ts_mean(cs_zscore(ts_mean(ts_skew(ret20, w20), w_id(w_id(w60)))), w_id(w60)), w5))",7.496214494800112,"c_ma60,co,dv_adv,hl,ret1,ret20,size,stoch,v_ma20",21,0.099
"add(ts_delay(ts_mean(cs_zscore(ts_mean(ts_skew(ret20, w_id(w20)), w_id(w_id(w60)))), w_id(w_id(w60))), w5), ts_mean(ts_delay(ts_mean(cs_zscore(ts_corr(co, co, w5)), w20), w20), w_id(w60)))",7.486403766198516,"c_ma60,co,dv_adv,hl,ret1,ret20,size,stoch,v_ma20",21,0.9725
"add(ts_delay(ts_mean(cs_zscore(ts_mean(ts_skew(ret20, w20), w60)), w_id(w60)), w_id(w5)), ts_mean(ts_delay(ts_mean(cs_zscore(ts_corr(co, co, w5)), w20), w20), w_id(w_id(w60))))",7.486403766198516,"c_ma60,co,dv_adv,hl,ret1,ret20,size,stoch,v_ma20",21,0.9725
"add(ts_delay(ts_mean(cs_zscore(ts_mean(ts_skew(ret20, w_id(w20)), w_id(w60))), w_id(w_id(w_id(w60)))), w_id(w_id(w5))), ts_mean(ts_delay(ts_mean(cs_zscore(ts_corr(co, co, w_id(w_id(w5)))), w20), w20), w_id(w_id(w60))))",7.486403766198516,"c_ma60,co,dv_adv,hl,ret1,ret20,size,stoch,v_ma20",21,0.9725
"add(ts_delay(ts_mean(cs_zscore(ts_mean(ts_skew(ret20, w_id(w20)), w_id(w_id(w60)))), w_id(w_id(w60))), w_id(w5)), ts_mean(ts_delay(ts_mean(cs_zscore(ts_corr(co, co, w_id(w5))), w20), w20), w_id(w60)))",7.486403766198516,"c_ma60,co,dv_adv,hl,ret1,ret20,size,stoch,v_ma20",21,0.9725
"add(ts_delay(ts_mean(cs_zscore(ts_mean(ts_skew(ret20, w_id(w20)), w_id(w60))), w_id(w_id(w60))), w_id(w_id(w_id(w5)))), ts_mean(ts_delay(ts_mean(cs_zscore(ts_corr(co, co, w5)), w20), w20), w_id(w_id(w60))))",7.486403766198516,"c_ma60,co,dv_adv,hl,ret1,ret20,size,stoch,v_ma20",21,0.9725
"add(ts_delay(ts_mean(cs_zscore(ts_mean(ts_skew(ret20, w_id(w20)), w_id(w60))), w_id(w_id(w_id(w60)))), w_id(w_id(w_id(w5)))), ts_mean(ts_delay(ts_mean(cs_zscore(ts_corr(co, co, w5)), w20), w20), w_id(w_id(w60))))",7.486403766198516,"c_ma60,co,dv_adv,hl,ret1,ret20,size,stoch,v_ma20",21,0.9725
"add(ts_delay(ts_mean(cs_zscore(ts_mean(ts_skew(ret20, w20), w60)), w_id(w_id(w_id(w60)))), w_id(w5)), ts_mean(ts_delay(ts_mean(cs_zscore(ts_corr(co, co, w5)), w20), w20), w_id(w60)))",7.486403766198516,"c_ma60,co,dv_adv,hl,ret1,ret20,size,stoch,v_ma20",21,0.9725
"add(ts_delay(ts_mean(cs_zscore(ts_mean(ts_skew(ret20, w_id(w20)), w_id(w60))), w_id(w_id(w_id(w60)))), w_id(w_id(w5))), ts_mean(ts_delay(ts_mean(cs_zscore(ts_corr(co, co, w5)), w20), w20), w_id(w_id(w60))))",7.486403766198516,"c_ma60,co,dv_adv,hl,ret1,ret20,size,stoch,v_ma20",21,0.9725
"add(ts_delay(ts_mean(cs_zscore(ts_mean(ts_skew(ret20, w20), w60)), w_id(w60)), w_id(w5)), ts_mean(ts_delay(ts_mean(cs_zscore(ts_corr(co, co, w5)), w20), w20), w_id(w60)))",7.486403766198516,"c_ma60,co,dv_adv,hl,ret1,ret20,size,stoch,v_ma20",21,0.9725
"add(ts_delay(ts_mean(cs_zscore(ts_mean(ts_skew(ret20, w_id(w20)), w_id(w_id(w60)))), w_id(w_id(w60))), w_id(w5)), ts_mean(ts_delay(ts_mean(cs_zscore(ts_corr(co, co, w5)), w20), w20), w_id(w60)))",7.486403766198516,"c_ma60,co,dv_adv,hl,ret1,ret20,size,stoch,v_ma20",21,0.9725
"add(ts_delay(ts_mean(cs_zscore(ts_mean(ts_skew(ret20, w20), w60)), w_id(w_id(w60))), w_id(w5)), ts_mean(ts_delay(ts_mean(cs_zscore(ts_corr(co, co, w5)), w20), w20), w_id(w60)))",7.486403766198516,"c_ma60,co,dv_adv,hl,ret1,ret20,size,stoch,v_ma20",21,0.9725
"add(ts_delay(ts_mean(cs_zscore(ts_mean(ts_skew(ret20, w20), w_id(w_id(w60)))), w_id(w_id(w60))), w_id(w5)), ts_mean(ts_delay(ts_mean(cs_zscore(ts_corr(co, co, w5)), w20), w20), w60))",7.486403766198516,"c_ma60,co,dv_adv,hl,ret1,ret20,size,stoch,v_ma20",21,0.9725
"add(ts_delay(ts_mean(cs_zscore(ts_mean(ts_skew(ret20, w20), w_id(w_id(w60)))), w_id(w_id(w60))), w_id(w5)), ts_mean(ts_delay(ts_mean(cs_zscore(ts_corr(co, co, w5)), w20), w20), w_id(w60)))",7.486403766198516,"c_ma60,co,dv_adv,hl,ret1,ret20,size,stoch,v_ma20",21,0.9725
"add(ts_delay(ts_mean(cs_zscore(ts_mean(ts_skew(ret20, w_id(w20)), w_id(w60))), w_id(w_id(w60))), w_id(w5)), ts_mean(ts_delay(ts_mean(cs_zscore(ts_corr(co, co, w5)), w20), w20), w_id(w60)))",7.486403766198516,"c_ma60,co,dv_adv,hl,ret1,ret20,size,stoch,v_ma20",21,0.9725
"ts_decay(ts_zscore(signsqrt(ts_zscore(signsqrt(neg(ret5)), w20)), w_id(w_id(w20))), w60)",3.6440131948985037,"beta60,c_ma20,co,dv_adv,hl,ret20,ret5,v_ma20,vol20",23,0.5364
"ts_decay(ts_zscore(signsqrt(ts_zscore(signsqrt(neg(ret5)), w_id(w_id(w20)))), w_id(w20)), w_id(w_id(w60)))",3.6440131948985037,"beta60,c_ma20,co,dv_adv,hl,ret20,ret5,v_ma20,vol20",23,0.5364
"ts_decay(ts_zscore(signsqrt(ts_zscore(signsqrt(signsqrt(neg(ret5))), w_id(w_id(w20)))), w_id(w_id(w20))), w_id(w_id(w_id(w_id(w60)))))",3.6373954262791974,"beta60,c_ma20,co,dv_adv,hl,ret20,ret5,v_ma20,vol20",23,0.5357
"ts_decay(ts_zscore(ts_zscore(signsqrt(neg(ret5)), w_id(w20)), w_id(w_id(w_id(w_id(w20))))), w_id(w_id(w60)))",3.580638842579831,"beta60,c_ma20,co,dv_adv,hl,ret20,ret5,v_ma20,vol20",23,0.4972
"ts_decay(ts_zscore(ts_zscore(signsqrt(neg(ret5)), w_id(w20)), w_id(w_id(w20))), w_id(w60))",3.580638842579831,"beta60,c_ma20,co,dv_adv,hl,ret20,ret5,v_ma20,vol20",23,1.0
"ts_decay(ts_zscore(ts_zscore(signsqrt(neg(ret5)), w_id(w_id(w20))), w_id(w_id(w_id(w_id(w20))))), w_id(w_id(w60)))",3.580638842579831,"beta60,c_ma20,co,dv_adv,hl,ret20,ret5,v_ma20,vol20",23,1.0
"ts_decay(ts_zscore(ts_zscore(signsqrt(neg(ret5)), w_id(w_id(w_id(w_id(w20))))), w_id(w_id(w_id(w_id(w20))))), w_id(w_id(w60)))",3.580638842579831,"beta60,c_ma20,co,dv_adv,hl,ret20,ret5,v_ma20,vol20",23,1.0
"ts_decay(ts_zscore(ts_zscore(signsqrt(neg(ret5)), w_id(w_id(w_id(w_id(w20))))), w_id(w_id(w_id(w20)))), w_id(w_id(w60)))",3.580638842579831,"beta60,c_ma20,co,dv_adv,hl,ret20,ret5,v_ma20,vol20",23,1.0
"ts_decay(ts_zscore(ts_zscore(signsqrt(neg(ret5)), w_id(w_id(w20))), w_id(w20)), w_id(w_id(w60)))",3.580638842579831,"beta60,c_ma20,co,dv_adv,hl,ret20,ret5,v_ma20,vol20",23,1.0
"ts_decay(ts_zscore(ts_zscore(signsqrt(neg(ret5)), w_id(w_id(w20))), w_id(w_id(w_id(w20)))), w_id(w_id(w60)))",3.580638842579831,"beta60,c_ma20,co,dv_adv,hl,ret20,ret5,v_ma20,vol20",23,1.0
"ts_decay(ts_zscore(neg(ts_zscore(c_ma20, w_id(w5))), w_id(w60)), w_id(w_id(w60)))",3.5516807564239996,"beta60,c_ma20,co,dv_adv,hl,ret20,ret5,v_ma20,vol20",23,0.6076
"ts_decay(ts_zscore(signsqrt(neg(ret5)), w_id(w_id(w20))), w_id(w_id(w_id(w_id(w20)))))",3.4963632803135565,"beta60,c_ma20,co,dv_adv,hl,ret20,ret5,v_ma20,vol20",23,0.9062
"ts_decay(ts_zscore(signsqrt(neg(ret5)), w_id(w_id(w_id(w20)))), w20)",3.4963632803135565,"beta60,c_ma20,co,dv_adv,hl,ret20,ret5,v_ma20,vol20",23,0.9062
"ts_decay(ts_zscore(signsqrt(neg(ret5)), w20), w_id(w_id(w20)))",3.4963632803135565,"beta60,c_ma20,co,dv_adv,hl,ret20,ret5,v_ma20,vol20",23,0.9062
"ts_decay(ts_zscore(signsqrt(neg(ret5)), w_id(w_id(w_id(w20)))), w_id(w_id(w20)))",3.4963632803135565,"beta60,c_ma20,co,dv_adv,hl,ret20,ret5,v_ma20,vol20",23,0.9062
"ts_mean(ts_zscore(sub(ts_min(ts_corr(ts_corr(stoch, hl, w_id(w_id(w10))), ts_min(dv_adv, w60), w_id(w60)), w20), sub(sub(add(sub(ts_min(dv_adv, w60), ret20), ts_min(dv_adv, w60)), ts_decay(ts_min(beta60, w_id(w20)), w_id(w_id(w20)))), ts_decay(ts_min(beta60, w10), w_id(w5)))), w_id(w_id(w20))), w_id(w_id(w_id(w_id(w60)))))",7.758011222261586,"beta60,co,dv_adv,gap,hl,ret1,ret20,stoch,v_ma20",16,0.1402
"ts_mean(ts_zscore(sub(ts_min(ts_corr(ts_corr(stoch, hl, w_id(w_id(w10))), ts_min(dv_adv, w60), w_id(w60)), w20), sub(sub(add(sub(ts_min(dv_adv, w60), ret20), ts_min(ts_median(dv_adv, w20), w60)), ts_decay(ts_min(beta60, w_id(w20)), w_id(w_id(w20)))), ts_decay(ts_min(beta60, w10), w_id(w5)))), w_id(w_id(w20))), w_id(w_id(w_id(w60))))",7.661851930690424,"beta60,co,dv_adv,gap,hl,ret1,ret20,stoch,v_ma20",16,0.963
"ts_mean(ts_zscore(sub(signlog(ts_min(ts_corr(ts_corr(stoch, hl, w_id(w60)), ts_min(ts_median(dv_adv, w20), w60), w_id(w60)), w_id(w20))), sub(sub(add(sub(ts_min(dv_adv, w60), ret20), signlog(ret20)), ts_decay(ts_min(beta60, w_id(w20)), w_id(w_id(w20)))), ts_decay(ts_min(beta60, w60), w_id(w5)))), w_id(w_id(w20))), w_id(w_id(w_id(w60))))",7.586826907335541,"beta60,co,dv_adv,gap,hl,ret1,ret20,stoch,v_ma20",16,0.3163
"ts_mean(ts_zscore(sub(signlog(ts_min(ts_corr(ts_corr(stoch, hl, w60), ts_min(ts_median(dv_adv, w20), w60), w_id(w60)), w_id(w20))), sub(sub(add(sub(ts_min(dv_adv, w60), ret20), signlog(ret20)), ts_decay(ts_min(beta60, w_id(w20)), w_id(w_id(w20)))), ts_decay(ts_min(beta60, w60), w_id(w20)))), w_id(w_id(w20))), w_id(w_id(w_id(w60))))",7.534515260776663,"beta60,co,dv_adv,gap,hl,ret1,ret20,stoch,v_ma20",16,0.9901
"ts_mean(ts_zscore(sub(ts_min(ts_corr(ts_corr(stoch, hl, w_id(w_id(w10))), ts_min(dv_adv, w60), w_id(w60)), w20), sub(sub(add(ts_min(dv_adv, w60), hl), ts_decay(ts_min(beta60, w_id(w20)), w_id(w_id(w20)))), ts_decay(ts_min(beta60, w10), w_id(w5)))), w_id(w_id(w20))), w_id(w60))",7.457092280522422,"beta60,co,dv_adv,gap,hl,ret1,ret20,stoch,v_ma20",16,0.9172
"ts_mean(ts_zscore(sub(ts_min(ts_corr(ts_corr(stoch, hl, w_id(w_id(w10))), ts_min(dv_adv, w60), w_id(w60)), w20), sub(sub(add(ts_min(dv_adv, w60), hl), ts_decay(ts_min(beta60, w_id(w20)), w_id(w_id(w20)))), ts_decay(ts_min(beta60, w10), w_id(w5)))), w_id(w_id(w20))), w_id(w_id(w_id(w_id(w60)))))",7.457092280522422,"beta60,co,dv_adv,gap,hl,ret1,ret20,stoch,v_ma20",16,0.9172
"ts_mean(ts_zscore(sub(ts_min(ts_corr(ts_corr(stoch, hl, w_id(w_id(w10))), ts_min(dv_adv, w60), w_id(w60)), w20), sub(sub(add(ts_min(dv_adv, w60), hl), ts_decay(ts_min(beta60, w_id(w20)), w_id(w_id(w20)))), ts_decay(ts_min(beta60, w10), w_id(w5)))), w_id(w_id(w20))), w_id(w_id(w_id(w60))))",7.457092280522422,"beta60,co,dv_adv,gap,hl,ret1,ret20,stoch,v_ma20",16,0.9172
"ts_mean(ts_zscore(sub(ts_min(ts_corr(ts_corr(stoch, hl, w_id(w_id(w10))), ts_min(dv_adv, w60), w_id(w60)), w20), sub(sub(add(ts_min(dv_adv, w60), hl), ts_decay(ts_min(beta60, w_id(w20)), w_id(w_id(w20)))), ts_decay(ts_min(beta60, w10), w_id(w_id(w_id(w10)))))), w_id(w_id(w20))), w_id(w_id(w_id(w60))))",7.435947668329531,"beta60,co,dv_adv,gap,hl,ret1,ret20,stoch,v_ma20",16,0.9156
"ts_mean(ts_zscore(sub(ts_min(ts_corr(ts_corr(stoch, hl, w_id(w_id(w10))), ts_min(dv_adv, w60), w_id(w60)), w20), sub(sub(add(sub(ts_min(dv_adv, w60), ret20), signlog(ret20)), ts_min(beta60, w60)), ts_decay(ts_min(beta60, w10), w_id(w5)))), w_id(w_id(w20))), w_id(w_id(w_id(w60))))",7.4235322528016745,"beta60,co,dv_adv,gap,hl,ret1,ret20,stoch,v_ma20",16,0.8814
"ts_mean(ts_zscore(sub(signlog(ts_min(ts_corr(ts_corr(stoch, hl, w60), ts_min(ts_median(dv_adv, w20), w60), w_id(w60)), w_id(w10))), sub(add(sub(ts_min(dv_adv, w60), ret20), signlog(ret20)), ts_decay(ts_min(beta60, w20), w_id(w_id(w20))))), w_id(w_id(w20))), w_id(w_id(w_id(w_id(w_id(w_id(w60)))))))",7.407802200829199,"beta60,co,dv_adv,gap,hl,ret1,ret20,stoch,v_ma20",16,0.8592
"ts_mean(ts_zscore(sub(signlog(ts_min(ts_corr(ts_corr(stoch, hl, w60), ts_min(ts_median(dv_adv, w20), w60), w_id(w60)), w_id(w10))), sub(add(sub(ts_min(dv_adv, w60), ret20), signlog(ret20)), ts_decay(ts_min(beta60, w20), w_id(w_id(w20))))), w_id(w_id(w_id(w_id(w20))))), w_id(w_id(w_id(w_id(w_id(w60))))))",7.407802200829199,"beta60,co,dv_adv,gap,hl,ret1,ret20,stoch,v_ma20",16,0.8592
"ts_mean(ts_zscore(sub(signlog(ts_min(ts_corr(ts_corr(stoch, hl, w60), ts_min(ts_median(dv_adv, w20), w60), w_id(w_id(w60))), w_id(w10))), sub(add(sub(ts_min(dv_adv, w60), ret20), signlog(ret20)), ts_decay(ts_min(beta60, w20), w_id(w_id(w20))))), w_id(w_id(w20))), w_id(w_id(w_id(w_id(w_id(w60))))))",7.407802200829199,"beta60,co,dv_adv,gap,hl,ret1,ret20,stoch,v_ma20",16,0.8592
"ts_mean(ts_zscore(sub(signlog(ts_min(ts_corr(ts_corr(stoch, hl, w60), ts_min(ts_median(dv_adv, w20), w60), w_id(w60)), w_id(w10))), sub(add(sub(ts_min(dv_adv, w60), ret20), signlog(ret20)), ts_decay(ts_min(beta60, w20), w_id(w20)))), w_id(w_id(w20))), w_id(w_id(w_id(w_id(w_id(w_id(w_id(w60))))))))",7.407802200829199,"beta60,co,dv_adv,gap,hl,ret1,ret20,stoch,v_ma20",16,0.8592
"ts_mean(ts_zscore(sub(signlog(ts_min(ts_corr(ts_corr(stoch, hl, w60), ts_min(ts_median(dv_adv, w20), w60), w60), w_id(w10))), sub(add(sub(ts_min(dv_adv, w60), ret20), signlog(ret20)), ts_decay(ts_min(beta60, w20), w_id(w20)))), w_id(w_id(w20))), w_id(w_id(w_id(w_id(w_id(w60))))))",7.407802200829199,"beta60,co,dv_adv,gap,hl,ret1,ret20,stoch,v_ma20",16,0.8592
"ts_mean(ts_zscore(sub(signlog(ts_min(ts_corr(ts_corr(stoch, hl, w60), ts_min(ts_median(dv_adv, w20), w60), w_id(w60)), w_id(w10))), sub(add(sub(ts_min(dv_adv, w60), ret20), signlog(ret20)), ts_decay(ts_min(beta60, w20), w_id(w_id(w20))))), w_id(w_id(w20))), w_id(w_id(w_id(w_id(w_id(w60))))))",7.407802200829199,"beta60,co,dv_adv,gap,hl,ret1,ret20,stoch,v_ma20",16,0.8592
"sub(ts_mean(sub(ts_zscore(div(div(neg(stoch), ts_mean(cs_rank(vol20), w20)), ts_mean(ts_mean(add(stoch, size), w_id(w10)), w20)), w10), size), w10), cs_rank(add(stoch, add(add(ts_skew(ts_median(co, w20), w_id(w60)), add(size, ret5)), ts_min(ts_mean(ts_mean(ts_mean(size, w10), w20), w20), w20)))))",4.796002686813446,"c_ma20,c_ma60,co,gap,hl,ret5,size,stoch,vol20",24,0.3752
"sub(ts_mean(sub(ts_zscore(div(div(neg(stoch), ts_mean(cs_rank(vol20), w20)), ts_mean(ts_mean(add(stoch, size), w_id(w5)), w20)), w10), size), w10), cs_rank(add(stoch, add(add(ts_skew(ts_median(co, w20), w_id(w60)), add(size, ret5)), ts_min(ts_mean(ts_mean(ts_mean(size, w10), w20), w20), w20)))))",4.795628438862744,"c_ma20,c_ma60,co,gap,hl,ret5,size,stoch,vol20",24,0.9968
"sub(ts_mean(sub(ts_zscore(div(div(neg(stoch), ts_mean(cs_rank(vol20), w20)), ts_mean(ts_mean(add(stoch, size), w_id(w5)), w20)), w10), size), w10), cs_rank(add(stoch, add(add(ts_skew(ts_median(co, w20), w_id(w60)), add(size, ret5)), ts_min(ts_mean(ts_mean(ts_mean(size, w10), w20), w20), w10)))))",4.78472841112999,"c_ma20,c_ma60,co,gap,hl,ret5,size,stoch,vol20",24,0.9968
"sub(ts_mean(sub(ts_zscore(div(div(neg(stoch), ts_mean(cs_rank(vol20), w20)), ts_mean(ts_mean(add(stoch, size), w_id(w5)), w20)), w10), stoch), w10), cs_rank(add(stoch, add(add(ts_skew(ts_median(co, w20), w_id(w60)), add(size, ret5)), ts_min(ts_mean(ts_mean(ts_mean(size, w10), w20), w_id(w60)), w10)))))",4.730914100510685,"c_ma20,c_ma60,co,gap,hl,ret5,size,stoch,vol20",24,0.9056
"sub(ts_mean(sub(ts_zscore(div(div(neg(stoch), ts_mean(cs_rank(vol20), w20)), ts_mean(ts_mean(add(stoch, size), w_id(w5)), w20)), w10), stoch), w10), cs_rank(add(stoch, add(add(ts_skew(ts_median(co, w20), w_id(w60)), add(size, ret5)), ts_min(ts_mean(ts_mean(ts_mean(size, w20), w20), w20), w20)))))",4.709810981071681,"c_ma20,c_ma60,co,gap,hl,ret5,size,stoch,vol20",24,0.9053
"sub(ts_mean(sub(ts_zscore(div(div(neg(stoch), ts_mean(cs_rank(vol20), w20)), ts_mean(ts_mean(add(stoch, size), w_id(w5)), w20)), w10), stoch), w10), cs_rank(add(stoch, add(add(ts_skew(ts_median(co, w20), w_id(w60)), add(size, ret5)), ts_min(ts_mean(ts_mean(ts_mean(size, w10), w20), w20), w20)))))",4.708975696274416,"c_ma20,c_ma60,co,gap,hl,ret5,size,stoch,vol20",24,0.9052
"sub(ts_mean(sub(ts_zscore(div(div(neg(stoch), ts_mean(cs_rank(vol20), w20)), ts_mean(ts_mean(add(stoch, size), w_id(w5)), w20)), w10), stoch), w10), cs_rank(add(stoch, add(add(ts_skew(ts_median(co, w20), w_id(w60)), add(size, ret5)), ts_min(ts_mean(ts_mean(ts_mean(size, w10), w20), w_id(w60)), w20)))))",4.7027539944964625,"c_ma20,c_ma60,co,gap,hl,ret5,size,stoch,vol20",24,0.9056
"sub(ts_mean(sub(ts_zscore(div(div(neg(stoch), ts_mean(cs_rank(vol20), w20)), ts_mean(ts_mean(add(stoch, size), w5), w20)), w10), stoch), w10), cs_rank(add(stoch, add(add(ts_skew(ts_median(co, w20), w_id(w60)), add(size, ret5)), ts_min(ts_mean(ts_mean(ts_mean(size, w10), w_id(w10)), w20), w20)))))",4.701297845738945,"c_ma20,c_ma60,co,gap,hl,ret5,size,stoch,vol20",24,0.9051
"sub(ts_mean(sub(ts_zscore(div(div(neg(stoch), ts_mean(cs_rank(vol20), w20)), ts_mean(ts_mean(add(stoch, size), w_id(w5)), w20)), w10), stoch), w10), cs_rank(add(stoch, add(add(ts_skew(ts_median(co, w20), w_id(w60)), add(size, ret5)), ts_min(ts_mean(ts_mean(ts_mean(size, w10), w_id(w10)), w20), w20)))))",4.701297845738945,"c_ma20,c_ma60,co,gap,hl,ret5,size,stoch,vol20",24,0.9051
"sub(ts_mean(sub(ts_zscore(div(div(neg(stoch), ts_mean(cs_rank(vol20), w20)), ts_mean(ts_mean(add(stoch, size), w_id(w5)), w20)), w10), stoch), w10), cs_rank(add(stoch, add(add(ts_skew(ts_median(co, w20), w_id(w60)), add(size, ret5)), ts_min(ts_mean(ts_mean(ts_mean(size, w10), w20), w20), w5)))))",4.6945047265987565,"c_ma20,c_ma60,co,gap,hl,ret5,size,stoch,vol20",24,0.905
"sub(ts_mean(sub(ts_zscore(div(div(neg(stoch), ts_mean(cs_rank(vol20), w20)), ts_mean(ts_mean(size, w_id(w5)), w20)), w10), stoch), w10), cs_rank(add(stoch, add(add(ts_skew(ts_median(co, w20), w_id(w60)), add(size, ret5)), ts_min(ts_mean(ts_mean(ts_mean(size, w10), w20), w20), w20)))))",4.68308249177586,"c_ma20,c_ma60,co,gap,hl,ret5,size,stoch,vol20",24,0.8323
"sub(ts_mean(sub(ts_zscore(div(div(neg(stoch), ts_mean(cs_rank(vol20), w20)), ts_mean(ts_median(c_ma60, w60), w20)), w10), ts_decay(stoch, w20)), w10), cs_rank(size))",4.62362682461289,"c_ma20,c_ma60,co,gap,hl,ret5,size,stoch,vol20",24,0.8727
"sub(ts_mean(sub(ts_zscore(div(div(neg(stoch), ts_mean(cs_rank(vol20), w20)), ts_mean(cs_rank(vol20), w20)), w10), ts_mean(ts_mean(add(stoch, size), w10), w20)), w10), cs_rank(size))",4.620691530920294,"c_ma20,c_ma60,co,gap,hl,ret5,size,stoch,vol20",24,0.8511
"sub(ts_mean(sub(ts_zscore(div(div(neg(stoch), ts_mean(vol20, w20)), ts_mean(stoch, w20)), w10), stoch), w10), add(ts_skew(ts_median(co, w20), w_id(w60)), add(size, ret5)))",4.612191201902014,"c_ma20,c_ma60,co,gap,hl,ret5,size,stoch,vol20",24,0.8021
"sub(ts_mean(sub(ts_zscore(div(div(neg(stoch), ts_mean(cs_rank(vol20), w20)), ts_mean(ts_mean(add(stoch, size), w_id(w60)), w20)), w10), ts_mean(ts_mean(add(stoch, ts_delay(signlog(gap), w_id(w5))), w_id(w5)), w20)), w10), cs_rank(size))",4.567126683129713,"c_ma20,c_ma60,co,gap,hl,ret5,size,stoch,vol20",24,0.8923
"mul(add(size, ts_decay(add(neg(size), ts_decay(add(add(sub(size, co), size), add(mul(stoch, stoch), size)), w_id(w_id(w10)))), w_id(w60))), ts_min(mul(ts_skew(ts_decay(add(stoch, size), w60), w5), ts_skew(neg(size), w_id(w_id(w_id(w5))))), w_id(w60)))",6.43747025205005,"beta60,c_ma20,c_ma60,co,dv_adv,ret1,size,stoch,vol20",27,0.2238
"mul(add(size, ts_decay(add(neg(size), ts_decay(add(add(sub(size, co), size), add(mul(stoch, stoch), size)), w_id(w_id(w5)))), w10)), ts_min(mul(ts_skew(ts_decay(add(stoch, size), w60), w5), ts_skew(neg(size), w_id(w_id(w_id(w5))))), w_id(w60)))",6.384229436354186,"beta60,c_ma20,c_ma60,co,dv_adv,ret1,size,stoch,vol20",27,0.9897
"mul(add(size, ts_decay(add(neg(size), ts_decay(add(add(sub(size, co), size), add(mul(stoch, stoch), size)), w_id(w_id(w10)))), w10)), ts_min(mul(ts_skew(ts_decay(add(stoch, size), w60), w5), ts_skew(neg(size), w_id(w_id(w_id(w5))))), w_id(w60)))",6.373593522263519,"beta60,c_ma20,c_ma60,co,dv_adv,ret1,size,stoch,vol20",27,0.9929
"mul(add(size, ts_decay(add(stoch, ts_decay(add(add(sub(size, co), size), add(mul(stoch, stoch), size)), w_id(w_id(w10)))), w_id(w60))), ts_min(mul(ts_skew(ts_decay(add(stoch, size), w60), w5), ts_skew(neg(size), w5)), w_id(w60)))",6.3631999799929595,"beta60,c_ma20,c_ma60,co,dv_adv,ret1,size,stoch,vol20",27,0.9962
"mul(add(add(size, size), ts_decay(add(stoch, size), w_id(w_id(w_id(w_id(w60)))))), ts_min(mul(ts_skew(ts_decay(add(stoch, size), w60), w5), ts_skew(neg(size), w5)), w_id(w60)))",6.355394455276729,"beta60,c_ma20,c_ma60,co,dv_adv,ret1,size,stoch,vol20",27,0.9982
"mul(add(size, ts_decay(add(add(add(size, ts_decay(add(stoch, size), w5)), size), size), w_id(w_id(w_id(w60))))), ts_min(mul(ts_skew(ts_decay(add(stoch, size), w60), w5), ts_skew(neg(size), w5)), w_id(w60)))",6.353974652339641,"beta60,c_ma20,c_ma60,co,dv_adv,ret1,size,stoch,vol20",27,0.9983
"mul(add(size, ts_decay(add(stoch, size), w_id(w_id(w_id(w_id(w_id(w60))))))), ts_min(mul(ts_skew(ts_decay(add(stoch, stoch), w60), w5), ts_skew(neg(size), w5)), w_id(w60)))",6.314763768480736,"beta60,c_ma20,c_ma60,co,dv_adv,ret1,size,stoch,vol20",27,0.9318
"mul(add(size, ts_decay(add(stoch, size), w_id(w_id(w_id(w_id(w_id(w60))))))), ts_min(mul(ts_skew(ts_decay(add(stoch, size), w60), w_id(w_id(w_id(w_id(w5))))), ts_skew(neg(size), w_id(w_id(w_id(w5))))), w_id(w60)))",6.296842265480706,"beta60,c_ma20,c_ma60,co,dv_adv,ret1,size,stoch,vol20",27,0.9936
"mul(add(size, ts_decay(add(stoch, size), w_id(w_id(w_id(w_id(w60)))))), ts_min(mul(ts_skew(ts_decay(add(stoch, size), w_id(w60)), w5), ts_skew(neg(size), w5)), w_id(w60)))",6.296842265480706,"beta60,c_ma20,c_ma60,co,dv_adv,ret1,size,stoch,vol20",27,0.9936
"mul(add(size, ts_decay(add(stoch, size), w_id(w60))), ts_min(mul(ts_skew(ts_decay(add(stoch, size), w60), w5), ts_skew(neg(size), w5)), w_id(w60)))",6.296842265480706,"beta60,c_ma20,c_ma60,co,dv_adv,ret1,size,stoch,vol20",27,0.9936
"mul(add(size, ts_decay(add(stoch, size), w_id(w_id(w_id(w60))))), ts_min(mul(ts_skew(ts_decay(add(stoch, size), w60), w5), ts_skew(neg(size), w5)), w_id(w60)))",6.296842265480706,"beta60,c_ma20,c_ma60,co,dv_adv,ret1,size,stoch,vol20",27,0.9936
"mul(add(size, ts_decay(add(stoch, size), w_id(w_id(w_id(w_id(w60)))))), ts_min(mul(ts_skew(ts_decay(add(stoch, size), w60), w5), ts_skew(neg(size), w5)), w_id(w60)))",6.296842265480706,"beta60,c_ma20,c_ma60,co,dv_adv,ret1,size,stoch,vol20",27,0.9936
"mul(add(size, ts_decay(add(stoch, size), w_id(w_id(w_id(w_id(w_id(w60))))))), ts_min(mul(ts_skew(ts_decay(add(stoch, size), w60), w_id(w5)), ts_skew(neg(size), w_id(w_id(w_id(w5))))), w_id(w60)))",6.296842265480706,"beta60,c_ma20,c_ma60,co,dv_adv,ret1,size,stoch,vol20",27,0.9936
"mul(add(size, ts_decay(add(stoch, size), w_id(w_id(w60)))), ts_min(mul(ts_skew(ts_decay(add(stoch, size), w60), w5), ts_skew(neg(size), w_id(w_id(w_id(w5))))), w_id(w60)))",6.296842265480706,"beta60,c_ma20,c_ma60,co,dv_adv,ret1,size,stoch,vol20",27,0.9936
"mul(add(size, ts_decay(add(stoch, size), w_id(w60))), ts_min(mul(ts_skew(ts_decay(add(stoch, size), w60), w5), ts_skew(neg(size), w_id(w_id(w_id(w5))))), w_id(w60)))",6.296842265480706,"beta60,c_ma20,c_ma60,co,dv_adv,ret1,size,stoch,vol20",27,0.9936
"ts_std(ts_median(add(ts_delta(c_ma20, w10), add(sub(ts_min(ts_decay(ts_delta(beta60, w10), w_id(w60)), w60), ts_min(neg(c_ma20), w60)), add(signlog(ts_min(ts_delta(beta60, w10), w10)), c_ma20))), w_id(w60)), w_id(w_id(w60)))",6.795335527969036,"beta60,c_ma20,c_ma60,co,gap,hl,ret1,ret5,vol20",22,0.2676
"ts_std(ts_median(add(ts_delta(c_ma20, w10), add(sub(ts_min(ts_decay(ts_delta(beta60, w10), w_id(w60)), w20), ts_min(neg(c_ma20), w60)), add(signlog(ts_min(ts_delta(beta60, w5), w10)), c_ma20))), w_id(w60)), w_id(w_id(w60)))",6.671054718988976,"beta60,c_ma20,c_ma60,co,gap,hl,ret1,ret5,vol20",22,0.9013
"ts_std(ts_median(add(ts_delta(c_ma20, w10), add(sub(ts_min(ts_decay(ts_delta(beta60, w10), w_id(w60)), w20), ts_min(neg(c_ma20), w60)), add(signlog(ts_min(ts_delta(beta60, w10), w10)), c_ma20))), w_id(w_id(w_id(w_id(w60))))), w_id(w_id(w60)))",6.530028209236211,"beta60,c_ma20,c_ma60,co,gap,hl,ret1,ret5,vol20",22,0.9212
"ts_std(ts_median(add(ts_delta(c_ma20, w10), add(sub(ts_min(ts_decay(ts_delta(beta60, w10), w_id(w60)), w20), ts_min(neg(c_ma20), w60)), add(signlog(ts_min(ts_delta(beta60, w10), w10)), c_ma20))), w_id(w60)), w_id(w_id(w60)))",6.530028209236211,"beta60,c_ma20,c_ma60,co,gap,hl,ret1,ret5,vol20",22,0.9212
"ts_std(ts_median(add(ts_delta(c_ma20, w10), add(sub(ts_min(ts_decay(ts_delta(beta60, w10), w20), w_id(w60)), ts_min(neg(c_ma20), w60)), add(ts_max(add(c_ma20, co), w_id(w5)), co))), w_id(w60)), w_id(w_id(w60)))",6.525973847372443,"beta60,c_ma20,c_ma60,co,gap,hl,ret1,ret5,vol20",22,0.7376
"ts_std(ts_median(add(ts_delta(c_ma20, w10), add(sub(ts_min(ts_decay(ts_delta(beta60, w10), w_id(w20)), w60), ts_min(neg(c_ma20), w60)), add(ts_max(add(c_ma20, co), w_id(w5)), co))), w_id(w60)), w_id(w_id(w60)))",6.525973847372443,"beta60,c_ma20,c_ma60,co,gap,hl,ret1,ret5,vol20",22,0.7376
"ts_std(ts_median(add(ts_delta(c_ma20, w10), add(sub(ts_min(ts_decay(ts_delta(beta60, w10), w_id(w60)), w10), ts_min(neg(c_ma20), w60)), add(signlog(ts_min(ts_delta(beta60, w10), w10)), c_ma20))), w_id(w60)), w_id(w_id(w60)))",6.48095051188762,"beta60,c_ma20,c_ma60,co,gap,hl,ret1,ret5,vol20",22,0.8981
"ts_std(ts_median(add(ts_delta(c_ma20, w10), add(sub(ts_min(ts_decay(ts_delta(beta60, w10), w20), w5), ts_min(neg(c_ma20), w60)), add(ts_delta(co, w5), c_ma20))), w_id(w_id(w_id(w_id(w60))))), w_id(w60))",6.458884873402795,"beta60,c_ma20,c_ma60,co,gap,hl,ret1,ret5,vol20",22,0.869
"ts_std(ts_median(add(ts_delta(c_ma20, w_id(w10)), add(sub(ts_min(ts_decay(ts_delta(beta60, w10), w_id(w20)), w_id(w_id(w60))), ts_min(neg(c_ma20), w_id(w_id(w60)))), add(c_ma20, co))), w_id(w_id(w_id(w_id(w60))))), w_id(w_id(w60)))",6.422548965107365,"beta60,c_ma20,c_ma60,co,gap,hl,ret1,ret5,vol20",22,0.74
"ts_std(ts_median(add(ts_delta(c_ma20, w_id(w10)), add(sub(ts_min(ts_decay(ts_delta(beta60, w10), w_id(w20)), w_id(w_id(w60))), ts_min(neg(c_ma20), w60)), add(c_ma20, co))), w_id(w60)), w_id(w_id(w60)))",6.422548965107365,"beta60,c_ma20,c_ma60,co,gap,hl,ret1,ret5,vol20",22,0.74
"ts_std(ts_median(add(ts_delta(c_ma20, w_id(w10)), add(sub(ts_min(ts_decay(ts_delta(beta60, w10), w_id(w20)), w_id(w_id(w60))), ts_min(neg(c_ma20), w60)), add(c_ma20, co))), w_id(w_id(w_id(w_id(w60))))), w_id(w_id(w60)))",6.422548965107365,"beta60,c_ma20,c_ma60,co,gap,hl,ret1,ret5,vol20",22,0.74
"ts_std(ts_median(add(ts_delta(c_ma20, w_id(w10)), add(sub(ts_min(ts_decay(ts_delta(beta60, w10), w_id(w20)), w60), ts_min(neg(c_ma20), w60)), add(c_ma20, co))), w_id(w60)), w_id(w_id(w60)))",6.422548965107365,"beta60,c_ma20,c_ma60,co,gap,hl,ret1,ret5,vol20",22,0.74
"ts_std(ts_median(add(ts_delta(c_ma20, w_id(w10)), add(sub(ts_min(ts_decay(ts_delta(beta60, w10), w_id(w20)), w_id(w60)), ts_min(neg(c_ma20), w60)), add(c_ma20, co))), w_id(w_id(w_id(w_id(w60))))), w_id(w_id(w60)))",6.422548965107365,"beta60,c_ma20,c_ma60,co,gap,hl,ret1,ret5,vol20",22,0.74
"ts_std(ts_median(add(ts_delta(c_ma20, w_id(w10)), add(sub(ts_min(ts_decay(ts_delta(beta60, w10), w_id(w20)), w_id(w60)), ts_min(neg(c_ma20), w60)), add(c_ma20, co))), w_id(w60)), w_id(w_id(w60)))",6.422548965107365,"beta60,c_ma20,c_ma60,co,gap,hl,ret1,ret5,vol20",22,0.74
"ts_std(ts_median(add(ts_delta(c_ma20, w10), add(sub(ts_min(ts_decay(ts_delta(beta60, w10), w_id(w60)), w5), ts_min(neg(c_ma20), w_id(w_id(w60)))), add(ts_delta(co, w5), c_ma20))), w_id(w60)), w_id(w60))",6.411352265834783,"beta60,c_ma20,c_ma60,co,gap,hl,ret1,ret5,vol20",22,0.8585
"sub(ts_max(ts_mean(ts_max(ts_corr(sub(ts_mean(vol20, w20), ts_zscore(vol20, w_id(w10))), ret20, w60), w10), w_id(w20)), w_id(w_id(w_id(w5)))), c_ma20)",5.818243907039807,"beta60,c_ma20,co,hl,ret20,size,stoch,v_ma20,vol20",26,0.2142
"sub(ts_mean(ts_delay(ts_corr(sub(stoch, ts_zscore(vol20, w10)), stoch, w60), w_id(w20)), w_id(w_id(w10))), mul(signsqrt(ts_max(ts_std(size, w10), w20)), c_ma20))",5.709136576983167,"beta60,c_ma20,co,hl,ret20,size,stoch,v_ma20,vol20",26,0.674
"sub(ts_mean(ts_max(signlog(ts_delay(ts_corr(beta60, stoch, w20), w_id(w10))), w_id(w20)), w60), signlog(c_ma20))",5.546840998174993,"beta60,c_ma20,co,hl,ret20,size,stoch,v_ma20,vol20",26,0.1468
"sub(ts_mean(ts_max(signlog(ts_delay(ts_corr(beta60, stoch, w_id(w20)), w10)), w_id(w_id(w_id(w_id(w20))))), w_id(w_id(w60))), signlog(c_ma20))",5.546840998174993,"beta60,c_ma20,co,hl,ret20,size,stoch,v_ma20,vol20",26,1.0
"sub(ts_mean(ts_max(signlog(ts_delay(ts_corr(beta60, stoch, w20), w10)), w_id(w_id(w20))), w_id(w_id(w60))), signlog(c_ma20))",5.546840998174993,"beta60,c_ma20,co,hl,ret20,size,stoch,v_ma20,vol20",26,1.0
"sub(ts_mean(ts_max(signlog(ts_delay(ts_corr(beta60, stoch, w_id(w20)), w_id(w10))), w_id(w_id(w_id(w20)))), w_id(w_id(w60))), signlog(c_ma20))",5.546840998174993,"beta60,c_ma20,co,hl,ret20,size,stoch,v_ma20,vol20",26,1.0
"sub(ts_mean(ts_max(signlog(ts_delay(ts_corr(beta60, stoch, w20), w10)), w_id(w_id(w_id(w20)))), w_id(w_id(w60))), signlog(c_ma20))",5.546840998174993,"beta60,c_ma20,co,hl,ret20,size,stoch,v_ma20,vol20",26,1.0
"sub(ts_mean(ts_max(signlog(ts_delay(ts_corr(beta60, stoch, w_id(w20)), w_id(w_id(w10)))), w_id(w20)), w60), signlog(c_ma20))",5.546840998174993,"beta60,c_ma20,co,hl,ret20,size,stoch,v_ma20,vol20",26,1.0
"sub(ts_mean(ts_max(signlog(ts_delay(ts_corr(beta60, stoch, w_id(w20)), w10)), w_id(w_id(w20))), w60), signlog(c_ma20))",5.546840998174993,"beta60,c_ma20,co,hl,ret20,size,stoch,v_ma20,vol20",26,1.0
"sub(ts_mean(ts_max(signlog(ts_delay(ts_corr(beta60, stoch, w_id(w20)), w10)), w_id(w_id(w20))), w_id(w_id(w60))), signlog(c_ma20))",5.546840998174993,"beta60,c_ma20,co,hl,ret20,size,stoch,v_ma20,vol20",26,1.0
"sub(ts_mean(ts_max(signlog(ts_delay(ts_corr(beta60, stoch, w_id(w_id(w20))), w_id(w10))), w_id(w_id(w_id(w20)))), w_id(w_id(w60))), signlog(c_ma20))",5.546840998174993,"beta60,c_ma20,co,hl,ret20,size,stoch,v_ma20,vol20",26,1.0
"sub(ts_mean(ts_max(signlog(ts_delay(ts_corr(beta60, stoch, w_id(w20)), w_id(w10))), w_id(w_id(w20))), w60), signlog(c_ma20))",5.546840998174993,"beta60,c_ma20,co,hl,ret20,size,stoch,v_ma20,vol20",26,1.0
"sub(ts_mean(ts_max(signlog(ts_delay(ts_corr(beta60, stoch, w_id(w_id(w20))), w10)), w_id(w_id(w_id(w20)))), w_id(w_id(w60))), signlog(c_ma20))",5.546840998174993,"beta60,c_ma20,co,hl,ret20,size,stoch,v_ma20,vol20",26,1.0
"sub(ts_mean(ts_max(signlog(ts_delay(ts_corr(beta60, stoch, w_id(w20)), w_id(w10))), w_id(w20)), w60), signlog(c_ma20))",5.546840998174993,"beta60,c_ma20,co,hl,ret20,size,stoch,v_ma20,vol20",26,1.0
"sub(ts_mean(ts_max(signlog(ts_delay(ts_corr(beta60, stoch, w_id(w20)), w10)), w_id(w20)), w60), signlog(c_ma20))",5.546840998174993,"beta60,c_ma20,co,hl,ret20,size,stoch,v_ma20,vol20",26,1.0
"sub(sub(sub(neg(ts_corr(ret20, size, w_id(w60))), size), ts_sum(c_ma20, w5)), ts_max(size, w_id(w5)))",4.640679867249119,"c_ma20,c_ma60,dv_adv,gap,ret20,ret5,size,v_ma20,vol20",29,0.4933
"sub(sub(sub(neg(ts_corr(ret20, size, w_id(w60))), size), ts_sum(c_ma20, w5)), ts_max(size, w5))",4.640679867249119,"c_ma20,c_ma60,dv_adv,gap,ret20,ret5,size,v_ma20,vol20",29,1.0
"sub(sub(sub(neg(ts_corr(ret20, size, w_id(w60))), add(size, size)), ts_sum(ret5, w_id(w_id(w5)))), ts_max(size, w5))",4.626495107811125,"c_ma20,c_ma60,dv_adv,gap,ret20,ret5,size,v_ma20,vol20",29,0.9611
"sub(sub(sub(ts_corr(ts_mean(gap, w5), ts_zscore(v_ma20, w10), w_id(w60)), c_ma20), size), ts_corr(ret20, size, w60))",4.59014108925673,"c_ma20,c_ma60,dv_adv,gap,ret20,ret5,size,v_ma20,vol20",29,0.88
"sub(sub(sub(ts_corr(ts_mean(gap, w_id(w5)), ts_zscore(v_ma20, w10), w_id(w60)), size), c_ma20), ts_corr(ret20, size, w60))",4.590141089256729,"c_ma20,c_ma60,dv_adv,gap,ret20,ret5,size,v_ma20,vol20",29,0.88
"sub(sub(sub(ts_corr(ts_mean(gap, w5), ts_zscore(v_ma20, w10), w_id(w60)), size), c_ma20), ts_corr(ret20, size, w60))",4.590141089256729,"c_ma20,c_ma60,dv_adv,gap,ret20,ret5,size,v_ma20,vol20",29,0.88
"sub(sub(sub(neg(ts_corr(ret20, size, w60)), size), ts_sum(ret5, w5)), ts_max(size, w_id(w_id(w5))))",4.5826691297623725,"c_ma20,c_ma60,dv_adv,gap,ret20,ret5,size,v_ma20,vol20",29,0.9793
"sub(sub(sub(neg(ts_corr(ret20, size, w_id(w60))), size), ts_sum(ret5, w5)), ts_max(size, w_id(w5)))",4.5826691297623725,"c_ma20,c_ma60,dv_adv,gap,ret20,ret5,size,v_ma20,vol20",29,0.9793
"sub(sub(sub(neg(ts_corr(ret20, size, w_id(w60))), size), ts_sum(ret5, w_id(w_id(w5)))), ts_max(size, w5))",4.5826691297623725,"c_ma20,c_ma60,dv_adv,gap,ret20,ret5,size,v_ma20,vol20",29,0.9793
"sub(sub(sub(neg(ts_corr(ret20, size, w_id(w60))), size), ts_sum(ret5, w5)), ts_max(size, w_id(w_id(w5))))",4.5826691297623725,"c_ma20,c_ma60,dv_adv,gap,ret20,ret5,size,v_ma20,vol20",29,0.9793
"sub(sub(sub(neg(ts_corr(ret20, size, w_id(w60))), size), ts_sum(ret5, w5)), ts_max(size, w5))",4.5826691297623725,"c_ma20,c_ma60,dv_adv,gap,ret20,ret5,size,v_ma20,vol20",29,0.9793
"sub(sub(sub(sub(ts_corr(ts_mean(gap, w5), ts_zscore(v_ma20, w10), w_id(w60)), c_ma20), ret5), cs_rank(ts_max(c_ma20, w_id(w_id(w5))))), ts_corr(ret20, size, w_id(w60)))",4.571173966174956,"c_ma20,c_ma60,dv_adv,gap,ret20,ret5,size,v_ma20,vol20",29,0.6562
"sub(sub(sub(neg(ts_corr(ret20, size, w_id(w60))), size), ts_sum(ret5, w5)), size)",4.5673514337752765,"c_ma20,c_ma60,dv_adv,gap,ret20,ret5,size,v_ma20,vol20",29,0.9794
"sub(sub(sub(neg(ts_sum(ret5, w5)), size), size), ts_corr(ret20, size, w60))",4.567351433775276,"c_ma20,c_ma60,dv_adv,gap,ret20,ret5,size,v_ma20,vol20",29,0.9794
"sub(sub(sub(sub(ts_corr(ts_mean(gap, w5), ts_zscore(v_ma20, w10), w60), c_ma20), ret5), c_ma20), ts_corr(ret20, size, w_id(w60)))",4.500581158446018,"c_ma20,c_ma60,dv_adv,gap,ret20,ret5,size,v_ma20,vol20",29,0.6634
"sub(ts_decay(sub(neg(ts_median(ts_median(v_ma20, w10), w_id(w5))), ts_zscore(stoch, w10)), w_id(w_id(w10))), ts_decay(ts_median(mul(ts_median(mul(stoch, cs_zscore(stoch)), w_id(w_id(w5))), v_ma20), w_id(w5)), w10))",4.554228033235508,"beta60,c_ma60,co,dv_adv,hl,ret1,stoch,v_ma20,vol20",25,0.626
"sub(ts_decay(sub(neg(ts_median(ts_median(v_ma20, w10), w_id(w5))), ts_zscore(stoch, w10)), w_id(w_id(w_id(w10)))), ts_decay(ts_median(mul(ts_median(mul(stoch, cs_zscore(stoch)), w_id(w_id(w5))), v_ma20), w_id(w5)), w10))",4.554228033235508,"beta60,c_ma60,co,dv_adv,hl,ret1,stoch,v_ma20,vol20",25,0.626
"sub(ts_decay(sub(neg(ts_median(ts_median(v_ma20, w10), w_id(w5))), ts_zscore(stoch, w10)), w_id(w10)), ts_decay(ts_median(mul(ts_median(mul(stoch, cs_zscore(stoch)), w5), v_ma20), w_id(w5)), w10))",4.554228033235508,"beta60,c_ma60,co,dv_adv,hl,ret1,stoch,v_ma20,vol20",25,0.626
"sub(ts_decay(sub(neg(ts_median(ts_median(v_ma20, w10), w_id(w5))), ts_zscore(stoch, w10)), w_id(w_id(w_id(w10)))), ts_decay(ts_median(mul(ts_median(mul(stoch, cs_zscore(stoch)), w5), v_ma20), w_id(w5)), w10))",4.554228033235508,"beta60,c_ma60,co,dv_adv,hl,ret1,stoch,v_ma20,vol20",25,0.626
"sub(ts_decay(sub(neg(ts_median(ts_median(v_ma20, w5), w_id(w5))), ts_zscore(stoch, w10)), w_id(w_id(w_id(w10)))), ts_decay(ts_median(mul(ts_median(mul(stoch, cs_zscore(stoch)), w_id(w_id(w5))), v_ma20), w_id(w5)), w10))",4.540552716685967,"beta60,c_ma60,co,dv_adv,hl,ret1,stoch,v_ma20,vol20",25,0.6213
"sub(ts_decay(sub(neg(ts_median(v_ma20, w10)), ts_zscore(stoch, w10)), w_id(w_id(w_id(w10)))), ts_decay(ts_decay(ts_median(mul(mul(stoch, cs_zscore(stoch)), v_ma20), w_id(w5)), w_id(w10)), w10))",4.537360577935076,"beta60,c_ma60,co,dv_adv,hl,ret1,stoch,v_ma20,vol20",25,0.6098
"sub(ts_decay(sub(neg(ts_median(ts_median(v_ma20, w10), w_id(w5))), ts_zscore(stoch, w10)), w_id(w_id(w_id(w10)))), ts_decay(ts_median(mul(mul(cs_zscore(stoch), stoch), stoch), w_id(w10)), w10))",4.525665870471729,"beta60,c_ma60,co,dv_adv,hl,ret1,stoch,v_ma20,vol20",25,0.622
"sub(ts_decay(sub(neg(ts_median(ts_median(v_ma20, w10), w_id(w5))), ts_zscore(stoch, w10)), w_id(w_id(w_id(w10)))), ts_decay(ts_median(mul(mul(cs_zscore(stoch), stoch), stoch), w10), w10))",4.525665870471729,"beta60,c_ma60,co,dv_adv,hl,ret1,stoch,v_ma20,vol20",25,0.622
"sub(ts_decay(sub(neg(ts_median(ts_median(v_ma20, w10), w_id(w5))), ts_zscore(stoch, w10)), w_id(w_id(w_id(w10)))), ts_decay(ts_median(mul(mul(cs_zscore(stoch), stoch), v_ma20), w_id(w10)), w10))",4.518145868519148,"beta60,c_ma60,co,dv_adv,hl,ret1,stoch,v_ma20,vol20",25,0.6197
"sub(ts_decay(sub(neg(ts_median(ts_median(v_ma20, w10), w10)), ts_zscore(stoch, w10)), w_id(w10)), ts_decay(ts_median(mul(ts_median(mul(stoch, cs_zscore(stoch)), w5), v_ma20), w_id(w5)), w10))",4.514179345380606,"beta60,c_ma60,co,dv_adv,hl,ret1,stoch,v_ma20,vol20",25,0.6287
"sub(ts_decay(sub(neg(ts_median(ts_median(v_ma20, w5), w_id(w_id(w5)))), ts_zscore(stoch, w10)), w10), ts_decay(ts_median(mul(mul(stoch, mul(stoch, cs_zscore(stoch))), v_ma20), w10), w_id(w5)))",4.491876190395278,"beta60,c_ma60,co,dv_adv,hl,ret1,stoch,v_ma20,vol20",25,0.6237
"sub(ts_decay(sub(neg(ts_median(ts_median(v_ma20, w_id(w5)), w5)), ts_zscore(stoch, w10)), w_id(w_id(w10))), ts_decay(ts_median(mul(mul(stoch, ts_median(mul(stoch, cs_zscore(stoch)), w5)), v_ma20), w_id(w5)), w10))",4.490962831147148,"beta60,c_ma60,co,dv_adv,hl,ret1,stoch,v_ma20,vol20",25,0.6223
"sub(ts_decay(sub(neg(ts_median(ts_median(v_ma20, w10), w_id(w5))), ts_zscore(stoch, w_id(w10))), w10), ts_decay(ts_median(mul(mul(stoch, mul(stoch, cs_zscore(stoch))), v_ma20), w_id(w10)), w5))",4.488264571857782,"beta60,c_ma60,co,dv_adv,hl,ret1,stoch,v_ma20,vol20",25,0.6258
"sub(ts_decay(sub(neg(ts_median(ts_median(v_ma20, w10), w_id(w5))), ts_zscore(stoch, w10)), w_id(w5)), ts_decay(ts_median(mul(ts_median(mul(stoch, cs_zscore(stoch)), w5), v_ma20), w_id(w5)), w5))",4.483954086543381,"beta60,c_ma60,co,dv_adv,hl,ret1,stoch,v_ma20,vol20",25,0.599
"sub(ts_decay(sub(neg(ts_median(ts_median(v_ma20, w10), w_id(w5))), ts_zscore(stoch, w10)), w_id(w10)), ts_decay(ts_median(mul(ts_median(mul(stoch, cs_zscore(stoch)), w5), v_ma20), w_id(w10)), w10))",4.483330526324818,"beta60,c_ma60,co,dv_adv,hl,ret1,stoch,v_ma20,vol20",25,0.6024
"sub(neg(ts_decay(ts_zscore(add(c_ma20, ts_max(c_ma60, w60)), w_id(w10)), w20)), ts_decay(cs_rank(add(ts_zscore(ts_std(ts_delta(c_ma60, w60), w_id(w_id(w20))), w_id(w60)), ts_decay(stoch, w20))), w10))",5.069435152230642,"c_ma20,c_ma60,co,gap,ret20,ret5,stoch,v_ma20,vol20",28,0.3202
"sub(neg(ts_decay(ts_zscore(add(c_ma20, ts_max(c_ma60, w60)), w_id(w10)), w10)), ts_decay(cs_rank(add(ts_zscore(ts_std(ts_delta(c_ma60, w60), w_id(w_id(w20))), w_id(w20)), div(v_ma20, v_ma20))), w10))",4.825086804415015,"c_ma20,c_ma60,co,gap,ret20,ret5,stoch,v_ma20,vol20",28,0.8773
"sub(neg(ts_decay(ts_zscore(add(c_ma20, ts_max(c_ma60, w60)), w_id(w10)), w10)), ts_decay(cs_rank(add(ts_zscore(ts_std(ts_delta(c_ma60, w60), w_id(w_id(w20))), w_id(w60)), ts_decay(stoch, w_id(w_id(w10))))), w10))",4.815843452517383,"c_ma20,c_ma60,co,gap,ret20,ret5,stoch,v_ma20,vol20",28,0.951
"sub(neg(ts_decay(ts_zscore(add(c_ma20, ts_max(c_ma60, w60)), w_id(w10)), w_id(w10))), ts_decay(cs_rank(add(ts_zscore(ts_std(ts_delta(c_ma60, w60), w_id(w_id(w20))), w_id(w60)), ts_decay(stoch, w20))), w10))",4.81395149686074,"c_ma20,c_ma60,co,gap,ret20,ret5,stoch,v_ma20,vol20",28,0.949
"sub(neg(ts_decay(ts_zscore(add(c_ma20, ts_max(c_ma60, w60)), w_id(w_id(w10))), w_id(w10))), ts_decay(cs_rank(add(ts_zscore(ts_std(ts_delta(c_ma60, w60), w_id(w_id(w20))), w60), ts_decay(stoch, w20))), w10))",4.81395149686074,"c_ma20,c_ma60,co,gap,ret20,ret5,stoch,v_ma20,vol20",28,0.949
"sub(neg(ts_decay(ts_zscore(add(c_ma20, ts_max(c_ma60, w60)), w_id(w10)), w10)), ts_decay(cs_rank(add(ts_zscore(ts_std(ts_delta(c_ma60, w60), w_id(w_id(w20))), w60), ts_decay(stoch, w_id(w_id(w20))))), w10))",4.81395149686074,"c_ma20,c_ma60,co,gap,ret20,ret5,stoch,v_ma20,vol20",28,0.949
"sub(neg(ts_decay(ts_zscore(add(c_ma20, ts_max(c_ma60, w60)), w_id(w_id(w10))), w10)), ts_decay(cs_rank(add(ts_zscore(ts_std(ts_delta(c_ma60, w60), w_id(w_id(w20))), w60), ts_decay(stoch, w20))), w_id(w_id(w_id(w10)))))",4.81395149686074,"c_ma20,c_ma60,co,gap,ret20,ret5,stoch,v_ma20,vol20",28,0.949
"sub(neg(ts_decay(ts_zscore(add(c_ma20, ts_max(c_ma60, w60)), w_id(w10)), w10)), ts_decay(cs_rank(add(ts_zscore(ts_std(ts_delta(c_ma60, w60), w_id(w_id(w20))), w_id(w60)), ts_decay(stoch, w20))), w_id(w_id(w10))))",4.81395149686074,"c_ma20,c_ma60,co,gap,ret20,ret5,stoch,v_ma20,vol20",28,0.949
"sub(neg(ts_decay(ts_zscore(add(c_ma20, ts_max(c_ma60, w60)), w_id(w_id(w10))), w10)), ts_decay(cs_rank(add(ts_zscore(ts_std(ts_delta(c_ma60, w60), w_id(w_id(w20))), w60), ts_decay(stoch, w20))), w10))",4.81395149686074,"c_ma20,c_ma60,co,gap,ret20,ret5,stoch,v_ma20,vol20",28,0.949
"sub(neg(ts_decay(ts_zscore(add(c_ma20, ts_max(c_ma60, w60)), w_id(w10)), w10)), ts_decay(cs_rank(add(ts_zscore(ts_std(ts_delta(c_ma60, w60), w_id(w_id(w20))), w60), ts_decay(stoch, w20))), w10))",4.81395149686074,"c_ma20,c_ma60,co,gap,ret20,ret5,stoch,v_ma20,vol20",28,0.949
"sub(neg(ts_decay(ts_zscore(add(c_ma20, ts_max(c_ma60, w60)), w_id(w10)), w10)), ts_decay(cs_rank(add(ts_zscore(ts_std(ts_delta(c_ma60, w60), w_id(w_id(w20))), w_id(w60)), ts_decay(stoch, w20))), w10))",4.81395149686074,"c_ma20,c_ma60,co,gap,ret20,ret5,stoch,v_ma20,vol20",28,0.949
"sub(neg(ts_decay(ts_zscore(add(c_ma20, ts_max(c_ma60, w60)), w_id(w10)), w_id(w_id(w10)))), ts_decay(cs_rank(add(ts_zscore(ts_std(ts_delta(c_ma60, w60), w_id(w_id(w20))), w_id(w_id(w20))), ts_decay(stoch, w20))), w10))",4.805195951869075,"c_ma20,c_ma60,co,gap,ret20,ret5,stoch,v_ma20,vol20",28,0.8906
"sub(neg(ts_decay(ts_zscore(add(c_ma20, ts_max(c_ma60, w60)), w_id(w10)), w10)), ts_decay(cs_rank(add(ts_zscore(ts_std(ts_delta(c_ma60, w60), w_id(w_id(w20))), w_id(w20)), ts_max(vol20, w10))), w10))",4.786078224048207,"c_ma20,c_ma60,co,gap,ret20,ret5,stoch,v_ma20,vol20",28,0.8791
"sub(neg(ts_decay(ts_zscore(add(c_ma20, ts_median(ts_max(c_ma60, w60), w5)), w_id(w10)), w10)), ts_decay(cs_rank(add(ts_zscore(ts_std(ts_delta(c_ma60, w60), w_id(w_id(w20))), w60), ts_decay(stoch, w20))), w10))",4.775333480567014,"c_ma20,c_ma60,co,gap,ret20,ret5,stoch,v_ma20,vol20",28,0.9488
"sub(neg(ts_decay(ts_zscore(add(c_ma20, ts_median(ts_max(c_ma60, w60), w5)), w_id(w10)), w10)), ts_decay(cs_rank(add(ts_zscore(ts_std(ts_delta(c_ma60, w60), w_id(w_id(w20))), w_id(w_id(w60))), ts_decay(stoch, w20))), w10))",4.775333480567014,"c_ma20,c_ma60,co,gap,ret20,ret5,stoch,v_ma20,vol20",28,0.9488
